run_id,benchmark,dataset,method,family,gate_signal,label_free,backbone,noise_type,noise_rate,condition,seed,multihead,average_accuracy,class_il_acc,task_il_acc,mean_forgetting,backward_transfer,forward_transfer,buffer_purity,buffer_diversity,buffer_class_balance,n_classes_represented,gate_corr,gate_on_correct,gate_on_wrong,gate_separation,inversion_flag,inversion_rate,time_to_inversion,replay_loss_clean,replay_loss_noisy,ece,brier,nll,total_time_s,peak_memory_mb,n_params,er_accuracy,gain,target,cluster,regime
cifar10n__c10n_aggre__gate_conf__seed0,cifar10n,cifar10n_aggre,gate_conf,replay-gate,confidence,True,resnet18,cifar10n:aggre,0.086,c10n_aggre,0,False,0.2102,0.2102,,0.61325,-0.61325,-0.1085,0.936,0.970479328910038,0.2738095238095238,10.0,0.0810725836196685,0.5710445115457995,0.471688962923305,0.0993555486224945,False,0.0,,7.970123972509924,0.8266177094046725,0.4532179085016251,1.0962216075976503,3.8153148224967657,478.2619993686676,1026.000896,11173962,0.2098,0.00040000000000001146,1,cifar10n::c10n_aggre,aligned
cifar10n__c10n_aggre__gate_conf__seed1,cifar10n,cifar10n_aggre,gate_conf,replay-gate,confidence,True,resnet18,cifar10n:aggre,0.09,c10n_aggre,1,False,0.2604,0.2604,,0.57625,-0.57625,-0.08875,0.94,0.9694636367390944,0.2976190476190476,10.0,0.0870848627458618,0.6334471772288841,0.5124291140896579,0.1210180631392262,False,0.0,,1.041777979552825,0.1662542361659386,0.2976872233062982,0.9257604800743204,2.5651459902868163,478.39067673683167,1026.748416,11173962,0.2336,0.026800000000000018,1,cifar10n::c10n_aggre,aligned
cifar10n__c10n_aggre__gate_conf__seed2,cifar10n,cifar10n_aggre,gate_conf,replay-gate,confidence,True,resnet18,cifar10n:aggre,0.092,c10n_aggre,2,False,0.2236,0.2236,,0.5692499999999999,-0.5692499999999999,-0.1097499999999999,0.942,0.9690265094544444,0.25,10.0,0.0869583746536471,0.6220787563983792,0.488541723124868,0.1335370332735111,False,0.0,,1.8709671736303917,1.4034873905589489,0.3804649472802877,1.0328633746283675,3.0571848866101656,466.7030167579651,1025.083392,11173962,0.2792,-0.05560000000000001,0,cifar10n::c10n_aggre,aligned
cifar10n__c10n_aggre__gate_conf__seed3,cifar10n,cifar10n_aggre,gate_conf,replay-gate,confidence,True,resnet18,cifar10n:aggre,0.089,c10n_aggre,3,False,0.2244,0.2244,,0.62875,-0.62875,-0.1465,0.928,0.9683311612667416,0.2470588235294117,10.0,0.0695116542766224,0.5126336037463055,0.4285645818933338,0.0840690218529717,False,0.0,,2.7077664028048307,3.451556951014532,0.3916679707586765,1.049630522107814,3.33908258568394,467.0595576763153,1022.296064,11173962,0.2124,0.011999999999999983,1,cifar10n::c10n_aggre,aligned
cifar10n__c10n_aggre__gate_conf__seed4,cifar10n,cifar10n_aggre,gate_conf,replay-gate,confidence,True,resnet18,cifar10n:aggre,0.088,c10n_aggre,4,False,0.2108,0.2108,,0.6447499999999999,-0.6447499999999999,-0.124,0.948,0.9783113809342832,0.3373493975903614,10.0,0.0873953779133314,0.583635264398401,0.4767524381234709,0.10688282627493,False,0.0,,6.1508674315103615,0.5158418446304635,0.4053534453958273,1.0436510134933077,3.478574666961092,212.0381202697754,1022.401536,11173962,0.231,-0.020200000000000023,0,cifar10n::c10n_aggre,aligned
cifar10n__c10n_aggre__gate_coteach__seed0,cifar10n,cifar10n_aggre,gate_coteach,replay-gate,co-teaching,False,resnet18,cifar10n:aggre,0.086,c10n_aggre,0,False,0.1606,0.1606,,0.6915,-0.6915,-0.10925,0.996,0.995213973369826,0.6190476190476191,10.0,0.3909662034987041,0.6472333919598915,0.0830593104185015,0.5641740815413899,False,0.0,,10.134886833928883,0.1798606333322823,0.5177628416508436,1.1549799958687212,4.525337739401392,319.5810821056366,1210.32192,11173962,0.2098,-0.049199999999999994,0,cifar10n::c10n_aggre,aligned
cifar10n__c10n_aggre__gate_coteach__seed1,cifar10n,cifar10n_aggre,gate_coteach,replay-gate,co-teaching,False,resnet18,cifar10n:aggre,0.09,c10n_aggre,1,False,0.1922,0.1922,,0.6244999999999999,-0.6244999999999999,-0.09525,0.98,0.9889871348002064,0.4558823529411764,10.0,0.3930747329210123,0.6114380171932698,0.0720885643611351,0.5393494528321346,False,0.0,,42.18572539687976,25.63778278492391,0.4167341776192188,1.076863763472809,4.804582229218979,316.87191581726074,1211.224064,11173962,0.2336,-0.04139999999999999,0,cifar10n::c10n_aggre,aligned
cifar10n__c10n_aggre__gate_coteach__seed2,cifar10n,cifar10n_aggre,gate_coteach,replay-gate,co-teaching,False,resnet18,cifar10n:aggre,0.092,c10n_aggre,2,False,0.2057999999999999,0.2057999999999999,,0.6665000000000001,-0.6665000000000001,-0.1159999999999999,0.978,0.9895789955424276,0.4626865671641791,10.0,0.3815010616966711,0.5464900891845936,0.0955886559109695,0.4509014332736241,False,0.0,,7.559549546223477,1.267769569023089,0.3790141003966331,1.0013170648664316,3.5349032327562178,315.6475474834442,1209.981952,11173962,0.2792,-0.0734000000000001,0,cifar10n::c10n_aggre,aligned
cifar10n__c10n_aggre__gate_coteach__seed3,cifar10n,cifar10n_aggre,gate_coteach,replay-gate,co-teaching,False,resnet18,cifar10n:aggre,0.089,c10n_aggre,3,False,0.2,0.2,,0.768,-0.768,-0.15275,0.986,0.9932722740878522,0.5507246376811594,10.0,0.3942956271641034,0.5507817938591519,0.0874396899309592,0.4633421039281927,False,0.0,,2.2372469508653965,1.2545292687885063,0.4194219261229038,1.0093556039552236,2.772753083975676,311.8810057640076,1212.50304,11173962,0.2124,-0.012399999999999994,0,cifar10n::c10n_aggre,aligned
cifar10n__c10n_aggre__gate_coteach__seed4,cifar10n,cifar10n_aggre,gate_coteach,replay-gate,co-teaching,False,resnet18,cifar10n:aggre,0.088,c10n_aggre,4,False,0.2317999999999999,0.2317999999999999,,0.6684999999999999,-0.6684999999999999,-0.14475,0.984,0.9905822784119848,0.4507042253521127,10.0,0.3773416477991285,0.598016538452232,0.1020098301681823,0.4960067082840497,False,0.0,,2.020617350810056,1.2740830461698351,0.352439733788371,0.9419482639252748,2.462796145347757,311.6211440563202,1213.011968,11173962,0.231,0.0007999999999998841,1,cifar10n::c10n_aggre,aligned
cifar10n__c10n_aggre__gate_loss__seed0,cifar10n,cifar10n_aggre,gate_loss,replay-gate,error,False,resnet18,cifar10n:aggre,0.086,c10n_aggre,0,False,0.2163999999999999,0.2163999999999999,,0.6025,-0.6025,-0.10925,0.97,0.9826221767788286,0.4054054054054054,10.0,0.4145253344088619,0.6871602669215626,0.1562092106241012,0.5309510562974613,False,0.0,,2.317337282783515,1.0593316490451494,0.4033059734106063,1.0093758526137768,2.9761607114655484,478.6713855266571,1022.441472,11173962,0.2098,0.0065999999999999115,1,cifar10n::c10n_aggre,aligned
cifar10n__c10n_aggre__gate_loss__seed1,cifar10n,cifar10n_aggre,gate_loss,replay-gate,error,False,resnet18,cifar10n:aggre,0.09,c10n_aggre,1,False,0.241,0.241,,0.57925,-0.57925,-0.09525,0.97,0.980496492216122,0.4520547945205479,10.0,0.3794476566767698,0.7035554484600927,0.1798185512831383,0.5237368971769543,False,0.0,,4.436888453983626,15.832460142796238,0.3788108176976442,0.9974396542697508,3.4984528127075274,478.86932706832886,1026.000896,11173962,0.2336,0.00739999999999999,1,cifar10n::c10n_aggre,aligned
cifar10n__c10n_aggre__gate_loss__seed2,cifar10n,cifar10n_aggre,gate_loss,replay-gate,error,False,resnet18,cifar10n:aggre,0.092,c10n_aggre,2,False,0.2025999999999999,0.2025999999999999,,0.6785,-0.6785,-0.1175,0.984,0.9875737732772192,0.4722222222222222,10.0,0.4350178151514524,0.7600750565346414,0.2461321919246699,0.5139428646099714,False,0.0,,2.059723373175016,0.0849741750862449,0.4921932542979717,1.1093640103077274,3.1021325384882377,466.6202600002289,1022.869504,11173962,0.2792,-0.07660000000000011,0,cifar10n::c10n_aggre,aligned
cifar10n__c10n_aggre__gate_loss__seed3,cifar10n,cifar10n_aggre,gate_loss,replay-gate,error,False,resnet18,cifar10n:aggre,0.089,c10n_aggre,3,False,0.2517999999999999,0.2517999999999999,,0.508,-0.508,-0.15275,0.982,0.96428103505905,0.2954545454545454,10.0,0.3433737824892068,0.6127501666129692,0.1507268930577631,0.462023273555206,False,0.0,,3.987549969022012,2.275333695941501,0.3512905893683434,0.9825720325933616,3.862582707751835,466.6134452819824,1025.083392,11173962,0.2124,0.03939999999999991,1,cifar10n::c10n_aggre,aligned
cifar10n__c10n_aggre__gate_loss__seed4,cifar10n,cifar10n_aggre,gate_loss,replay-gate,error,False,resnet18,cifar10n:aggre,0.088,c10n_aggre,4,False,0.2592,0.2592,,0.6445,-0.6445,-0.14475,0.982,0.981497870980618,0.3571428571428571,10.0,0.4235479119704572,0.7415925870600056,0.2084449225105268,0.5331476645494788,False,0.0,,1.1205473654560152,0.7321576284399877,0.3242719158321619,0.929737058970972,2.537088643327218,212.08991408348083,1023.085568,11173962,0.231,0.028199999999999975,1,cifar10n::c10n_aggre,aligned
cifar10n__c10n_worse__gate_conf__seed0,cifar10n,cifar10n_worse,gate_conf,replay-gate,confidence,True,resnet18,cifar10n:worse,0.4,c10n_worse,0,False,0.2242,0.2242,,0.3285,-0.3272499999999999,-0.0302499999999999,0.654,0.992357784916876,0.5692307692307692,10.0,0.0805104641229143,0.5879871904776899,0.5535261178706455,0.0344610726070443,False,0.0,,0.1572364338338472,0.0306385317726172,0.4126779583364725,1.096377948642545,3.4252833921544763,489.2415225505829,1029.801984,11173962,0.2226,0.001600000000000018,1,cifar10n::c10n_worse,aligned
cifar10n__c10n_worse__gate_conf__seed1,cifar10n,cifar10n_worse,gate_conf,replay-gate,confidence,True,resnet18,cifar10n:worse,0.393,c10n_worse,1,False,0.2332,0.2332,,0.42325,-0.42325,-0.03375,0.644,0.9923455522002652,0.4857142857142857,10.0,0.02575478058453,0.5513573736655961,0.5960039866864509,-0.0446466130208548,True,0.4,3.0,0.1649645916157124,0.0854848711434023,0.424586024877429,1.106940936556425,3.5752997489488587,489.5353202819824,1024.49664,11173962,0.2342,-0.0010000000000000009,0,cifar10n::c10n_worse,inverted
cifar10n__c10n_worse__gate_conf__seed2,cifar10n,cifar10n_worse,gate_conf,replay-gate,confidence,True,resnet18,cifar10n:worse,0.402,c10n_worse,2,False,0.237,0.237,,0.366,-0.366,-0.0392499999999999,0.588,0.993272490894025,0.5441176470588235,10.0,0.06713242642274,0.6447565550438132,0.6225792487944514,0.0221773062493618,False,0.0,,0.0490971333205366,0.025454384804656,0.4192509358286857,1.1010229369051434,3.501655533277692,482.4006609916687,1023.595008,11173962,0.2288,0.008199999999999985,1,cifar10n::c10n_worse,aligned
cifar10n__c10n_worse__gate_conf__seed3,cifar10n,cifar10n_worse,gate_conf,replay-gate,confidence,True,resnet18,cifar10n:worse,0.389,c10n_worse,3,False,0.2259999999999999,0.2259999999999999,,0.4395,-0.4395,-0.127,0.658,0.9821039823254184,0.3717948717948718,10.0,0.0625583057812356,0.5548193016339366,0.543081251018635,0.0117380506153015,False,0.0,,0.26130321123701,0.1560280752148655,0.4403742902040481,1.1199498217705055,3.549432368381473,482.0674040317536,1030.981632,11173962,0.2286,-0.0026000000000001022,0,cifar10n::c10n_worse,aligned
cifar10n__c10n_worse__gate_conf__seed4,cifar10n,cifar10n_worse,gate_conf,replay-gate,confidence,True,resnet18,cifar10n:worse,0.4,c10n_worse,4,False,0.229,0.229,,0.3239999999999999,-0.3239999999999999,-0.0699999999999999,0.62,0.9848148574837235,0.375,10.0,0.0736464993414075,0.5867447479698784,0.586556263610362,0.0001884843595164,False,0.0,,0.1312118891150021,0.0570184935751486,0.3936037324756384,1.076337805636136,3.3783151291601734,212.0086452960968,1023.579136,11173962,0.2438,-0.01479999999999998,0,cifar10n::c10n_worse,aligned
cifar10n__c10n_worse__gate_coteach__seed0,cifar10n,cifar10n_worse,gate_coteach,replay-gate,co-teaching,False,resnet18,cifar10n:worse,0.4,c10n_worse,0,False,0.1896,0.1896,,0.385,-0.3632499999999999,-0.102,0.91,0.9716962129003796,0.1923076923076923,10.0,0.6459342480255532,0.479243114478759,0.1084733719395084,0.3707697425392505,False,0.0,,1.3657208796938534,1.0107089787333583,0.4092013876110315,1.1226361824115458,4.194909677911534,337.8157451152801,1211.501568,11173962,0.2226,-0.033,0,cifar10n::c10n_worse,aligned
cifar10n__c10n_worse__gate_coteach__seed1,cifar10n,cifar10n_worse,gate_coteach,replay-gate,co-teaching,False,resnet18,cifar10n:worse,0.393,c10n_worse,1,False,0.2278,0.2278,,0.49825,-0.49825,-0.09375,0.916,0.9900337882061638,0.4705882352941176,10.0,0.673853535090655,0.5872816799107922,0.1045841922140389,0.4826974876967532,False,0.0,,16.940611505460915,3.5008260966250893,0.2752251162528992,0.9834210976589411,3.704330086491178,338.14096236228943,1215.329792,11173962,0.2342,-0.006399999999999989,0,cifar10n::c10n_worse,aligned
cifar10n__c10n_worse__gate_coteach__seed2,cifar10n,cifar10n_worse,gate_coteach,replay-gate,co-teaching,False,resnet18,cifar10n:worse,0.402,c10n_worse,2,False,0.2033999999999999,0.2033999999999999,,0.33275,-0.33275,-0.1009999999999999,0.9,0.974010666207155,0.2894736842105263,10.0,0.6249882526103014,0.4136153408409021,0.1102167901716644,0.3033985506692376,False,0.0,,7.075872654887045,0.6438270617314266,0.3770662993580103,1.087275567226118,3.970136954236567,338.0623052120209,1212.399616,11173962,0.2288,-0.025400000000000117,0,cifar10n::c10n_worse,aligned
cifar10n__c10n_worse__gate_coteach__seed3,cifar10n,cifar10n_worse,gate_coteach,replay-gate,co-teaching,False,resnet18,cifar10n:worse,0.389,c10n_worse,3,False,0.2374,0.2374,,0.4357499999999999,-0.4357499999999999,-0.15,0.904,0.9793347485577212,0.3289473684210526,10.0,0.6408020317650966,0.5189869072740737,0.1079863035771344,0.4110006036969392,False,0.0,,5.725483624923942,5.389550129844186,0.2412355927705765,0.9708654685147828,3.3800968884385627,325.2644958496094,1209.947136,11173962,0.2286,0.008800000000000002,1,cifar10n::c10n_worse,aligned
cifar10n__c10n_worse__gate_coteach__seed4,cifar10n,cifar10n_worse,gate_coteach,replay-gate,co-teaching,False,resnet18,cifar10n:worse,0.4,c10n_worse,4,False,0.2642,0.2642,,0.371,-0.371,-0.14325,0.896,0.9765084050235956,0.3333333333333333,10.0,0.6412558654674968,0.484130732135364,0.1290322027680682,0.3550985293672958,False,0.0,,1.3633181750982268,0.4694545772732593,0.2462505783617496,0.9492795178250212,3.006344921446474,325.4880850315094,1211.454464,11173962,0.2438,0.0204,1,cifar10n::c10n_worse,aligned
cifar10n__c10n_worse__gate_loss__seed0,cifar10n,cifar10n_worse,gate_loss,replay-gate,error,False,resnet18,cifar10n:worse,0.4,c10n_worse,0,False,0.2328,0.2328,,0.37675,-0.37675,-0.09375,0.806,0.9393121499820862,0.2105263157894736,10.0,0.389981724272827,0.4937339698297407,0.3507115578687934,0.1430224119609474,False,0.0,,1.1531411549945942,0.912940309847136,0.3334038933992386,1.0383218836882424,3.573312718073364,487.95257687568665,1024.088576,11173962,0.2226,0.010200000000000015,1,cifar10n::c10n_worse,aligned
cifar10n__c10n_worse__gate_loss__seed1,cifar10n,cifar10n_worse,gate_loss,replay-gate,error,False,resnet18,cifar10n:worse,0.393,c10n_worse,1,False,0.2448,0.2448,,0.3625,-0.3625,-0.0935,0.882,0.9207253668917784,0.05,10.0,0.4017350703654007,0.4175907145095587,0.2712166904589511,0.1463740240506076,False,0.0,,2.733034546975265,6.596297154745671,0.3198625202387571,1.0195735184625383,4.0450930107560215,488.2986726760864,1021.319168,11173962,0.2342,0.010599999999999998,1,cifar10n::c10n_worse,aligned
cifar10n__c10n_worse__gate_loss__seed2,cifar10n,cifar10n_worse,gate_loss,replay-gate,error,False,resnet18,cifar10n:worse,0.402,c10n_worse,2,False,0.2152,0.2152,,0.34575,-0.34575,-0.103,0.746,0.9486872085990912,0.1386138613861386,10.0,0.3485074436526562,0.6714126788846988,0.5599788427682653,0.1114338361164335,False,0.0,,0.3376122011759752,0.0432092840907333,0.4310122111737728,1.1185332716361789,3.581737134764179,478.9681749343872,1021.165568,11173962,0.2288,-0.013600000000000001,0,cifar10n::c10n_worse,aligned
cifar10n__c10n_worse__gate_loss__seed3,cifar10n,cifar10n_worse,gate_loss,replay-gate,error,False,resnet18,cifar10n:worse,0.389,c10n_worse,3,False,0.2138,0.2138,,0.22475,-0.21825,-0.1475,0.828,0.9086469983347106,0.1083333333333333,10.0,0.3473526491673956,0.3613326495224595,0.2539057411107913,0.1074269084116682,False,0.0,,13.15940639383832,2.3454497877172016,0.3423093005865812,1.0510654533094532,3.857609230287127,478.7719342708588,1027.442688,11173962,0.2286,-0.014800000000000008,0,cifar10n::c10n_worse,aligned
cifar10n__c10n_worse__gate_loss__seed4,cifar10n,cifar10n_worse,gate_loss,replay-gate,error,False,resnet18,cifar10n:worse,0.4,c10n_worse,4,False,0.25,0.25,,0.33625,-0.33625,-0.1389999999999999,0.768,0.9419436480709672,0.2037037037037037,10.0,0.3620348752388141,0.5450629691776935,0.4324644079224447,0.1125985612552487,False,0.0,,0.4596979153666704,0.0675697441761807,0.372396097689867,1.0419025439325789,3.0596330780093948,211.51893854141235,1022.214144,11173962,0.2438,0.006200000000000011,1,cifar10n::c10n_worse,aligned
seq_cifar100__sym20__gate_conf__seed0,seq_cifar100,split_cifar100,gate_conf,replay-gate,confidence,True,resnet18,symmetric,0.2,sym20,0,False,0.0706,0.0706,,0.4163333333333333,-0.4163333333333333,-0.0092222222222222,0.81,0.972032198255163,0.0714285714285714,100.0,0.1532000268226457,0.8311080135037205,0.7639057332197298,0.0672022802839907,False,0.0,,0.0041492607283588,0.0023793849605685,0.3860762399323284,1.1927829830240582,6.349963817650771,1024.4565579891205,1023.235584,11220132,0.0698,0.0007999999999999952,1,seq_cifar100::sym20,representation_limited
seq_cifar100__sym20__gate_conf__seed1,seq_cifar100,split_cifar100,gate_conf,replay-gate,confidence,True,resnet18,symmetric,0.2,sym20,1,False,0.0689999999999999,0.0689999999999999,,0.4313333333333333,-0.4313333333333333,-0.0115555555555555,0.812,0.97250134191481,0.0833333333333333,99.0,0.1465664454695864,0.8242460804295383,0.7677089660006918,0.0565371144288464,False,0.0,,0.0080525984144782,0.0004391231772029,0.4436903085157276,1.2506289144428673,7.124794501738134,951.6553945541382,1023.921152,11220132,0.0743,-0.00530000000000011,0,seq_cifar100::sym20,representation_limited
seq_cifar100__sym20__gate_conf__seed2,seq_cifar100,split_cifar100,gate_conf,replay-gate,confidence,True,resnet18,symmetric,0.2,sym20,2,False,0.0608,0.0608,,0.4426666666666666,-0.4426666666666666,-0.0117777777777777,0.82,0.9703292585539608,0.0909090909090909,99.0,0.1618080656807493,0.8316455122993682,0.7739508028421158,0.0576947094572524,False,0.0,,0.0098899376230175,0.0019434773758894,0.4454724449634552,1.2580467169991922,6.990364560314184,466.348206281662,1024.838656,11220132,0.069,-0.008200000000000006,0,seq_cifar100::sym20,representation_limited
seq_cifar100__sym20__gate_loss__seed0,seq_cifar100,split_cifar100,gate_loss,replay-gate,error,False,resnet18,symmetric,0.2,sym20,0,False,0.0785,0.0785,,0.3115555555555556,-0.3115555555555556,-0.01,0.956,0.94238408484974,0.0588235294117647,94.0,0.2540195090163689,0.2613463683564464,0.1588674550091998,0.1024789133472466,False,0.0,,7.439222851640973,0.063850892415923,0.4154152515619994,1.2214242731297795,7.390783449199736,1027.0108971595764,1026.405376,11220132,0.0698,0.0087,1,seq_cifar100::sym20,representation_limited
seq_cifar100__sym20__gate_loss__seed1,seq_cifar100,split_cifar100,gate_loss,replay-gate,error,False,resnet18,symmetric,0.2,sym20,1,False,0.0911999999999999,0.0911999999999999,,0.3264444444444445,-0.3264444444444445,-0.0117777777777777,0.918,0.9628985892190118,0.0833333333333333,98.0,0.2640700250760684,0.4443238065509585,0.3136611337469664,0.1306626728039921,False,0.0,,7.770197262709011,0.019417688714517,0.3913987778626382,1.189433080443722,7.133707825742439,1020.7621846199036,1024.854016,11220132,0.0743,0.0168999999999999,1,seq_cifar100::sym20,representation_limited
seq_cifar100__sym20__gate_loss__seed2,seq_cifar100,split_cifar100,gate_loss,replay-gate,error,False,resnet18,symmetric,0.2,sym20,2,False,0.0743,0.0743,,0.3248888888888889,-0.3248888888888889,-0.012,0.922,0.9633672257176946,0.0666666666666666,98.0,0.2712037366302889,0.3572166935954049,0.2602495348949217,0.0969671587004831,False,0.0,,30.65049942110993,34.2107029421519,0.433043036121875,1.2546910433306508,8.92273779566831,465.1318612098694,1024.719872,11220132,0.069,0.005299999999999999,1,seq_cifar100::sym20,representation_limited
seq_cifar100__sym60__gate_conf__seed0,seq_cifar100,split_cifar100,gate_conf,replay-gate,confidence,True,resnet18,symmetric,0.6,sym60,0,False,0.0356,0.0356,,0.2188888888888888,-0.2188888888888888,-0.0074444444444444,0.432,0.9742621682876524,0.0909090909090909,99.0,0.0752634670497629,0.7837853530536905,0.7535512425079371,0.0302341105457533,False,0.0,,0.0058608393512762,0.0445844653440987,0.3997486804172396,1.2258965281266208,7.335441662945153,1018.3747627735138,1023.626752,11220132,0.0355,0.00010000000000000286,1,seq_cifar100::sym60,representation_limited
seq_cifar100__sym60__gate_conf__seed1,seq_cifar100,split_cifar100,gate_conf,replay-gate,confidence,True,resnet18,symmetric,0.6,sym60,1,False,0.0269,0.0269,,0.2316666666666666,-0.2316666666666666,-0.0086666666666666,0.396,0.967014737869481,0.0769230769230769,98.0,0.0824878119658291,0.7949334775636855,0.764471175004612,0.0304623025590734,False,0.0,,0.0423212030160799,0.0006766545596031,0.3867002515021712,1.2181246372320262,7.152175685500758,945.3986909389496,1022.990336,11220132,0.0344,-0.0075,0,seq_cifar100::sym60,representation_limited
seq_cifar100__sym60__gate_conf__seed2,seq_cifar100,split_cifar100,gate_conf,replay-gate,confidence,True,resnet18,symmetric,0.6,sym60,2,False,0.0333,0.0333,,0.2036666666666666,-0.2036666666666666,-0.007,0.418,0.9827262070386772,0.1111111111111111,99.0,0.0848962245561713,0.7828547349451885,0.7543028935316174,0.0285518414135711,False,0.0,,0.000943848470977,0.0014180700609932,0.3827279564201831,1.2101411201836685,7.094801454624205,464.6049549579621,1024.365056,11220132,0.0356999999999999,-0.0023999999999998953,0,seq_cifar100::sym60,representation_limited
seq_cifar100__sym60__gate_loss__seed0,seq_cifar100,split_cifar100,gate_loss,replay-gate,error,False,resnet18,symmetric,0.6,sym60,0,False,0.0407,0.0407,,0.1598888888888888,-0.1598888888888888,-0.0101111111111111,0.734,0.8211486364185921,0.0256410256410256,68.0,0.2073521021858046,0.0941831507693584,0.0829228805175955,0.0112602702517628,False,0.1,,128.2216156489211,22.97032882614921,0.5385431919079273,1.393657159198892,11.677201569684527,1024.5589842796326,1029.193216,11220132,0.0355,0.005200000000000003,1,seq_cifar100::sym60,representation_limited
seq_cifar100__sym60__gate_loss__seed1,seq_cifar100,split_cifar100,gate_loss,replay-gate,error,False,resnet18,symmetric,0.6,sym60,1,False,0.0411,0.0411,,0.1734444444444444,-0.1734444444444444,-0.0115555555555555,0.602,0.9312528691753744,0.0416666666666666,96.0,0.2074283809992791,0.2721187674750795,0.2324876199736355,0.039631147501444,False,0.0,,1.1357784916480924,0.1843286060750909,0.4041622745580971,1.2288026211940923,7.954136892212207,1018.0366368293762,1024.464384,11220132,0.0344,0.006699999999999998,1,seq_cifar100::sym60,representation_limited
seq_cifar100__sym60__gate_loss__seed2,seq_cifar100,split_cifar100,gate_loss,replay-gate,error,False,resnet18,symmetric,0.6,sym60,2,False,0.0477999999999999,0.0477999999999999,,0.1761111111111111,-0.1761111111111111,-0.0118888888888888,0.628,0.9105091772898948,0.0344827586206896,87.0,0.2270387456581234,0.2237750326147626,0.1522276658530552,0.0715473667617073,False,0.0,,17.624427872493932,0.051931411360697,0.4441168962426484,1.2723763570819042,8.622891923786876,463.6770548820496,1028.013568,11220132,0.0356999999999999,0.0121,1,seq_cifar100::sym60,representation_limited
seq_cifar10__asym40__gate_conf__seed0,seq_cifar10,split_cifar10,gate_conf,replay-gate,confidence,True,resnet18,asymmetric,0.4,asym40,0,False,0.0992,0.0992,,0.42925,-0.42925,-0.10625,0.578,0.9288417467729672,0.1698113207547169,10.0,0.0026605047749956,0.1252463843196527,0.1156758078059077,0.009570576513745,True,0.6,0.0,5.08941503879727,2.524411953924449,0.2184777445882559,0.949047384848346,3.1674924555347266,107.82734632492064,1021.713408,11173962,0.101,-0.00180000000000001,0,seq_cifar10::asym40,representation_limited
seq_cifar10__asym40__gate_conf__seed1,seq_cifar10,split_cifar10,gate_conf,replay-gate,confidence,True,resnet18,asymmetric,0.4,asym40,1,False,0.0975999999999999,0.0975999999999999,,0.4105,-0.4105,-0.093,0.616,0.907247954901185,0.1293103448275862,10.0,0.0158274222971036,0.0937192700097732,0.0959120570679141,-0.0021927870581408,False,0.2,,2.576802569257047,2.742091960273683,0.169396969011426,0.9264821609118052,2.747548135629604,104.28418755531312,1026.000896,11173962,0.0992,-0.0016000000000001013,0,seq_cifar10::asym40,representation_limited
seq_cifar10__asym40__gate_conf__seed2,seq_cifar10,split_cifar10,gate_conf,replay-gate,confidence,True,resnet18,asymmetric,0.4,asym40,2,False,0.1132,0.1132,,0.437,-0.437,-0.1119999999999999,0.592,0.9120704622332472,0.0606060606060606,10.0,0.0038796439941083,0.1029401986391828,0.0957963993228942,0.0071437993162885,True,0.4,1.0,3.26442239558526,2.181041143104142,0.1678422952383756,0.9478064255933748,2.9974383616015574,102.5679612159729,1028.622336,11173962,0.137,-0.023800000000000016,0,seq_cifar10::asym40,representation_limited
seq_cifar10__asym40__gate_conf__seed3,seq_cifar10,split_cifar10,gate_conf,replay-gate,confidence,True,resnet18,asymmetric,0.4,asym40,3,False,0.145,0.145,,0.5082500000000001,-0.5082500000000001,-0.14925,0.596,0.9689214898025864,0.3,10.0,0.0089879800161358,0.1721198030634881,0.1706856279959507,0.0014341750675374,False,0.2,,9.832815322249928,3.4020417299084733,0.2738434451699257,1.007755126047379,3.794813842774721,219.31065845489505,1023.085568,11173962,0.146,-0.0010000000000000009,0,seq_cifar10::asym40,representation_limited
seq_cifar10__asym40__gate_conf__seed4,seq_cifar10,split_cifar10,gate_conf,replay-gate,confidence,True,resnet18,asymmetric,0.4,asym40,4,False,0.1888,0.1888,,0.45325,-0.45325,-0.1325,0.696,0.9582442091327148,0.2421052631578947,10.0,0.0200751353368404,0.2538089994651791,0.2452388352248817,0.0085701642402973,False,0.0,,9.12460351930738,9.20655316243072,0.2204212536156177,0.9636141120005296,3.2641917358499746,229.46447443962097,1021.697024,11173962,0.1402,0.048600000000000004,1,seq_cifar10::asym40,representation_limited
seq_cifar10__asym40__gate_loss__seed0,seq_cifar10,split_cifar10,gate_loss,replay-gate,error,False,resnet18,asymmetric,0.4,asym40,0,False,0.1252,0.1252,,0.365,-0.365,-0.10575,0.766,0.8274463147102131,0.0131578947368421,9.0,0.2192794378971941,0.009656606609556,0.0585121603735952,-0.0488555537640391,False,0.2,,1.9339602055811076,2.32252080216367,0.2454280617147684,0.9913263363219348,3.432958059205947,104.17094564437866,1026.000896,11173962,0.101,0.0242,1,seq_cifar10::asym40,representation_limited
seq_cifar10__asym40__gate_loss__seed1,seq_cifar10,split_cifar10,gate_loss,replay-gate,error,False,resnet18,asymmetric,0.4,asym40,1,False,0.1092,0.1092,,0.28825,-0.28825,-0.082,0.696,0.7833296449813597,0.0324675324675324,9.0,0.177449337622365,0.0240803449993643,0.1131378850145046,-0.0890575400151403,False,0.2,,1.8223396640313767,2.0809098348805777,0.2913985411226749,1.0159465075207144,3.475188352441264,101.59791898727416,1025.91232,11173962,0.0992,0.010000000000000009,1,seq_cifar10::asym40,representation_limited
seq_cifar10__asym40__gate_loss__seed2,seq_cifar10,split_cifar10,gate_loss,replay-gate,error,False,resnet18,asymmetric,0.4,asym40,2,False,0.1046,0.1046,,0.33825,-0.33825,-0.1164999999999999,0.648,0.8430646569351781,0.0205128205128205,7.0,0.0820813332669657,0.0008573132918419,0.0210263206361987,-0.0201690073443567,False,0.4,,1.8217829219036863,1.7875038459050383,0.2671303371429444,0.9831984709125562,3.3984553554757646,102.1882107257843,1028.360192,11173962,0.137,-0.03240000000000001,0,seq_cifar10::asym40,representation_limited
seq_cifar10__asym40__gate_loss__seed3,seq_cifar10,split_cifar10,gate_loss,replay-gate,error,False,resnet18,asymmetric,0.4,asym40,3,False,0.1338,0.1338,,0.4767499999999999,-0.4767499999999999,-0.14925,0.744,0.8790533737270533,0.0992907801418439,9.0,0.199513863024212,0.0542983729058345,0.0394238738354679,0.0148744990703666,False,0.0,,9.118045041045477,5.7328725148690864,0.2592015935838222,1.009112242625727,3.8873207584364855,222.00877237319943,1027.180544,11173962,0.146,-0.012199999999999989,0,seq_cifar10::asym40,representation_limited
seq_cifar10__asym40__gate_loss__seed4,seq_cifar10,split_cifar10,gate_loss,replay-gate,error,False,resnet18,asymmetric,0.4,asym40,4,False,0.093,0.093,,0.4009999999999999,-0.4009999999999999,-0.1169999999999999,0.72,0.8254750738584912,0.0223463687150838,10.0,0.2262834586918695,0.1353044926795158,0.0412911875470979,0.0940133051324178,False,0.2,,10.25926539750668,28.940996458062106,0.5000857508540154,1.2109234131451376,4.906793847999693,223.1897923946381,1026.000896,11173962,0.1402,-0.04719999999999999,0,seq_cifar10::asym40,representation_limited
seq_cifar10__sym20__gate_conf__seed0,seq_cifar10,split_cifar10,gate_conf,replay-gate,confidence,True,resnet18,symmetric,0.2,sym20,0,False,0.2082,0.2082,,0.50275,-0.50275,-0.108,0.834,0.9625980038715042,0.2087912087912088,10.0,0.0164643742904985,0.1989913066609637,0.2039984326690571,-0.0050071260080934,False,0.2,,2.202215690281894,3.124255803335144,0.1685294801801443,0.9268421673672947,2.6371185533920825,106.47823667526244,1028.360192,11173962,0.2193999999999999,-0.011199999999999904,0,seq_cifar10::sym20,representation_limited
seq_cifar10__sym20__gate_conf__seed1,seq_cifar10,split_cifar10,gate_conf,replay-gate,confidence,True,resnet18,symmetric,0.2,sym20,1,False,0.2293999999999999,0.2293999999999999,,0.57375,-0.57375,-0.09425,0.79,0.9665822893745292,0.3258426966292135,10.0,0.0338474723391374,0.2210511140425007,0.2057881558386477,0.0152629582038529,False,0.2,,1.6469327040488206,1.6436998143082573,0.2120788684368133,0.8929493083199649,2.316685173089584,106.61235284805298,1023.955968,11173962,0.2315999999999999,-0.0021999999999999797,0,seq_cifar10::sym20,representation_limited
seq_cifar10__sym20__gate_conf__seed2,seq_cifar10,split_cifar10,gate_conf,replay-gate,confidence,True,resnet18,symmetric,0.2,sym20,2,False,0.211,0.211,,0.671,-0.671,-0.10225,0.814,0.977166766513772,0.4146341463414634,10.0,0.0704401078980781,0.3109978625610916,0.2704586879552344,0.0405391746058571,False,0.0,,1.2859838929311065,0.8996486608940427,0.3084605626016855,0.9508609495681788,2.618017888677972,106.75156354904176,1021.697024,11173962,0.223,-0.01200000000000001,0,seq_cifar10::sym20,representation_limited
seq_cifar10__sym20__gate_conf__seed3,seq_cifar10,split_cifar10,gate_conf,replay-gate,confidence,True,resnet18,symmetric,0.2,sym20,3,False,0.1918,0.1918,,0.482,-0.482,-0.13625,0.812,0.986561584364846,0.4615384615384615,10.0,0.0665144437734459,0.4935279820372339,0.4656854511273852,0.0278425309098486,False,0.0,,1.600996084857334,2.612626355971325,0.4554006653159856,1.1588028124760403,3.833902290681569,224.10998439788816,1026.000896,11173962,0.1954,-0.003599999999999992,0,seq_cifar10::sym20,representation_limited
seq_cifar10__sym20__gate_conf__seed4,seq_cifar10,split_cifar10,gate_conf,replay-gate,confidence,True,resnet18,symmetric,0.2,sym20,4,False,0.1984,0.1984,,0.572,-0.572,-0.13,0.808,0.9887294940997264,0.5076923076923077,10.0,0.0594593189934113,0.5457071336175925,0.5488164180889725,-0.00310928447138,False,0.2,,0.4417438836007031,0.0914721854413376,0.3989386278420687,1.1023964358363636,3.540235550396404,222.93631601333615,1023.894016,11173962,0.2259999999999999,-0.027599999999999902,0,seq_cifar10::sym20,representation_limited
seq_cifar10__sym20__gate_loss__seed0,seq_cifar10,split_cifar10,gate_loss,replay-gate,error,False,resnet18,symmetric,0.2,sym20,0,False,0.2099999999999999,0.2099999999999999,,0.5055,-0.5055,-0.10625,0.97,0.970373882090464,0.345679012345679,10.0,0.4842616613852987,0.3153329752122025,0.0612518335624226,0.2540811416497798,False,0.0,,1.81199974915416,1.1810380657513937,0.1978014409780502,0.9092667479002976,2.387809884795932,106.9276523590088,1022.943744,11173962,0.2193999999999999,-0.009399999999999992,0,seq_cifar10::sym20,representation_limited
seq_cifar10__sym20__gate_loss__seed1,seq_cifar10,split_cifar10,gate_loss,replay-gate,error,False,resnet18,symmetric,0.2,sym20,1,False,0.2145999999999999,0.2145999999999999,,0.5765,-0.5765,-0.09525,0.968,0.9835515319321568,0.4065934065934066,10.0,0.449496914916507,0.387412397588116,0.0532299228259092,0.3341824747622067,False,0.0,,1.6454907851832463,1.413590969517827,0.2318936603695153,0.9115499223622654,2.4274904263730708,106.8741021156311,1022.206976,11173962,0.2315999999999999,-0.016999999999999987,0,seq_cifar10::sym20,representation_limited
seq_cifar10__sym20__gate_loss__seed2,seq_cifar10,split_cifar10,gate_loss,replay-gate,error,False,resnet18,symmetric,0.2,sym20,2,False,0.221,0.221,,0.54425,-0.54425,-0.11725,0.954,0.9793504285796932,0.3626373626373626,10.0,0.4488118892215721,0.3646779753260861,0.0427627232737013,0.3219152520523848,False,0.0,,1.8683729228608517,2.083786207696666,0.2696565158575773,0.91535678218065,2.424568743914457,106.4794716835022,1021.960704,11173962,0.223,-0.0020000000000000018,0,seq_cifar10::sym20,representation_limited
seq_cifar10__sym20__gate_loss__seed3,seq_cifar10,split_cifar10,gate_loss,replay-gate,error,False,resnet18,symmetric,0.2,sym20,3,False,0.207,0.207,,0.51325,-0.51325,-0.15275,0.958,0.9567491969266884,0.2162162162162162,10.0,0.4507518434837986,0.4191938081470157,0.0740721156145215,0.3451216925324941,False,0.0,,1.5083947592021911,0.726993417810826,0.3553640555232763,0.953761429764188,2.808605081874465,219.08490467071533,1023.347712,11173962,0.1954,0.0116,1,seq_cifar10::sym20,representation_limited
seq_cifar10__sym20__gate_loss__seed4,seq_cifar10,split_cifar10,gate_loss,replay-gate,error,False,resnet18,symmetric,0.2,sym20,4,False,0.2156,0.2156,,0.50775,-0.50775,-0.14475,0.96,0.9631120191254722,0.2745098039215686,10.0,0.4550169670323161,0.432767388176623,0.0877479645336207,0.3450194236430023,False,0.0,,12.922810551260287,28.461521519348025,0.2591056396514177,0.9818085117891338,4.103600566767287,219.495658159256,1027.442688,11173962,0.2259999999999999,-0.010399999999999882,0,seq_cifar10::sym20,representation_limited
seq_cifar10__sym60__gate_conf__seed0,seq_cifar10,split_cifar10,gate_conf,replay-gate,confidence,True,resnet18,symmetric,0.6,sym60,0,False,0.1472,0.1472,,0.287,-0.287,-0.09375,0.44,0.9902713586837828,0.5352112676056338,10.0,0.0313909045144903,0.2066644453089482,0.1970438941279374,0.0096205511810107,False,0.0,,2.4342611522720703,1.8957863526668264,0.3242499355494976,1.0677781423252402,3.2979748575924988,106.64757251739502,1023.579136,11173962,0.1414,0.0058,1,seq_cifar10::sym60,representation_limited
seq_cifar10__sym60__gate_conf__seed1,seq_cifar10,split_cifar10,gate_conf,replay-gate,confidence,True,resnet18,symmetric,0.6,sym60,1,False,0.152,0.152,,0.30975,-0.30975,-0.06025,0.448,0.99443791164772,0.5588235294117647,10.0,0.0501167732205959,0.4558251854642636,0.431983648778168,0.0238415366860956,False,0.0,,0.1887321733202916,0.1355716407789919,0.4888539119243621,1.2211023539111718,3.990869889480154,106.97693610191344,1024.060416,11173962,0.1367999999999999,0.015200000000000102,1,seq_cifar10::sym60,representation_limited
seq_cifar10__sym60__gate_conf__seed2,seq_cifar10,split_cifar10,gate_conf,replay-gate,confidence,True,resnet18,symmetric,0.6,sym60,2,False,0.1359999999999999,0.1359999999999999,,0.256,-0.256,-0.0714999999999999,0.41,0.99220786912959,0.5384615384615384,10.0,0.0512237628251204,0.4637482205779228,0.4440960347915927,0.0196521857863301,False,0.0,,0.141918600682214,0.0671573487030801,0.505213810455799,1.250679008046941,4.15675394903958,106.9646646976471,1023.579136,11173962,0.1387999999999999,-0.002799999999999997,0,seq_cifar10::sym60,representation_limited
seq_cifar10__sym60__gate_conf__seed3,seq_cifar10,split_cifar10,gate_conf,replay-gate,confidence,True,resnet18,symmetric,0.6,sym60,3,False,0.1457999999999999,0.1457999999999999,,0.25675,-0.25675,-0.1115,0.406,0.996481570316532,0.6785714285714286,10.0,0.0262134251274997,0.6175303796776846,0.6267644761801859,-0.0092340965025012,False,0.4,,0.0468346713982813,0.0333405581273855,0.5132473763912916,1.2541654175429184,4.247437128839048,220.5357701778412,1026.000896,11173962,0.1414,0.004399999999999904,1,seq_cifar10::sym60,representation_limited
seq_cifar10__sym60__gate_conf__seed4,seq_cifar10,split_cifar10,gate_conf,replay-gate,confidence,True,resnet18,symmetric,0.6,sym60,4,False,0.1454,0.1454,,0.2714999999999999,-0.2714999999999999,-0.08775,0.416,0.994596923759596,0.5846153846153846,10.0,0.0209254787136878,0.6118479420541989,0.6296709931516002,-0.0178230510974013,True,0.4,3.0,0.0218334569390783,0.0426796716373187,0.5021664302110672,1.244049856015913,4.314320202367428,224.28862166404724,1025.938432,11173962,0.1372,0.008200000000000013,1,seq_cifar10::sym60,representation_limited
seq_cifar10__sym60__gate_loss__seed0,seq_cifar10,split_cifar10,gate_loss,replay-gate,error,False,resnet18,symmetric,0.6,sym60,0,False,0.1416,0.1416,,0.05275,-0.03475,-0.10925,0.462,0.5523062070441209,0.018348623853211,10.0,0.0028936874325321,0.0226793154047966,0.1165482190754749,-0.0938689036706783,True,0.8,1.0,2.886838280020656,7.15753830148964,0.5868513965994119,1.3118278243624115,4.885807608004201,106.26630544662476,1022.261248,11173962,0.1414,0.00020000000000000573,1,seq_cifar10::sym60,representation_limited
seq_cifar10__sym60__gate_loss__seed1,seq_cifar10,split_cifar10,gate_loss,replay-gate,error,False,resnet18,symmetric,0.6,sym60,1,False,0.1578,0.1578,,0.19825,-0.19825,-0.091,0.5,0.9028045343450608,0.1103448275862069,10.0,0.1623238831468749,0.2343880301343834,0.2706255458383401,-0.0362375157039566,False,0.2,,0.8829293343450408,0.4255839848839096,0.4220041747272014,1.15746721854756,3.833292914639216,106.65283608436584,1024.758784,11173962,0.1367999999999999,0.021000000000000102,1,seq_cifar10::sym60,representation_limited
seq_cifar10__sym60__gate_loss__seed2,seq_cifar10,split_cifar10,gate_loss,replay-gate,error,False,resnet18,symmetric,0.6,sym60,2,False,0.1596,0.1596,,0.236,-0.22825,-0.1162499999999999,0.596,0.8968347801751403,0.1439393939393939,10.0,0.2730458384359307,0.2952505045046151,0.2600547009373434,0.0351958035672716,False,0.0,,0.5574640551942944,0.2339083157287562,0.370581567761302,1.100484598691441,3.2669464913426696,106.701180934906,1028.622336,11173962,0.1387999999999999,0.020800000000000096,1,seq_cifar10::sym60,representation_limited
seq_cifar10__sym60__gate_loss__seed3,seq_cifar10,split_cifar10,gate_loss,replay-gate,error,False,resnet18,symmetric,0.6,sym60,3,False,0.1504,0.1504,,0.2579999999999999,-0.2579999999999999,-0.13175,0.496,0.9749330476386304,0.2808988764044944,10.0,0.190848810161296,0.6757241417654114,0.6378908558337965,0.0378332859316149,False,0.2,,0.1114050978055749,0.0329346190154258,0.5057969083547592,1.2467734246991662,4.201777594962364,220.39735221862796,1027.180544,11173962,0.1414,0.009000000000000008,1,seq_cifar10::sym60,representation_limited
seq_cifar10__sym60__gate_loss__seed4,seq_cifar10,split_cifar10,gate_loss,replay-gate,error,False,resnet18,symmetric,0.6,sym60,4,False,0.1812,0.1812,,0.2269999999999999,-0.2269999999999999,-0.136,0.572,0.871477685793762,0.078125,10.0,0.1633649805836778,0.3112865011316163,0.2779143515311654,0.0333721496004508,False,0.2,,1.488843259768523,0.6402887289150725,0.4638489732712507,1.1828215833507671,4.6251030676475375,223.8112163543701,1030.719488,11173962,0.1372,0.04400000000000001,1,seq_cifar10::sym60,representation_limited
split_cifar10__asym40__gate_conf__seed0,split_cifar10,split_cifar10,gate_conf,replay-gate,confidence,True,resnet18,asymmetric,0.4,asym40,0,True,0.5201,,0.5201,0.0497499999999999,-0.0331249999999999,0.015375,0.592,0.9994343896240242,0.9455252918287936,2.0,-0.0142805397607279,0.0772943538812342,0.0811345449425146,-0.0038401910612804,True,1.0,0.0,0.7178766860064619,0.6502918566400463,0.1014918928802013,0.5236080376043747,0.7492097837168326,116.64759755134584,1023.0528,11173962,0.5599999999999999,-0.039899999999999936,0,split_cifar10::asym40,inverted
split_cifar10__asym40__gate_conf__seed1,split_cifar10,split_cifar10,gate_conf,replay-gate,confidence,True,resnet18,asymmetric,0.4,asym40,1,True,0.5678,,0.5678,0.0577499999999999,-0.0577499999999999,0.0031249999999999,0.628,1.0,1.0,2.0,0.0120732924845311,0.0731426618104292,0.0722140817330517,0.0009285800773774,True,0.4,2.0,0.5201350556976635,0.5416724298335173,0.1261843141019344,0.544663921810667,0.8549220283127974,117.82341861724854,1021.978112,11173962,0.598,-0.030200000000000005,0,split_cifar10::asym40,aligned
split_cifar10__asym40__gate_conf__seed2,split_cifar10,split_cifar10,gate_conf,replay-gate,confidence,True,resnet18,asymmetric,0.4,asym40,2,True,0.5424000000000001,,0.5424000000000001,0.05325,-0.034875,-0.008875,0.564,0.9986030202378096,0.9157088122605364,2.0,-0.0006183829889569,0.0629204829686865,0.0588801009429692,0.0040403820257173,True,0.4,2.0,0.3698205927081802,0.5271099413864058,0.2202591950178146,0.6249556694083431,1.0102238137151536,117.30744314193726,1021.647872,11173962,0.5582999999999999,-0.015899999999999803,0,split_cifar10::asym40,aligned
split_cifar10__asym40__gate_conf__seed3,split_cifar10,split_cifar10,gate_conf,replay-gate,confidence,True,resnet18,asymmetric,0.4,asym40,3,True,0.5946,,0.5946,0.0263749999999999,-0.0174999999999999,-0.00025,0.65,0.9949041692998885,0.8450184501845018,2.0,0.0353884232821818,0.1277173294104599,0.1053114315658665,0.0224058978445933,False,0.2,,0.032021562817923,0.0464787443952927,0.2531452919840812,0.6285136870222597,1.2393299187890177,231.61363983154297,1028.327936,11173962,0.5388999999999999,0.05570000000000008,1,split_cifar10::asym40,aligned
split_cifar10__asym40__gate_conf__seed4,split_cifar10,split_cifar10,gate_conf,replay-gate,confidence,True,resnet18,asymmetric,0.4,asym40,4,True,0.5426,,0.5426,0.0736249999999999,-0.0632499999999999,-0.0129999999999999,0.606,0.9988455359952018,0.9230769230769232,2.0,0.0259308481425082,0.1024834231986088,0.0891645461903948,0.013318877008214,False,0.0,,0.1492249498150876,0.2501369603882749,0.3120204049885273,0.7397957572059257,1.697938017752449,234.83552718162537,1027.148288,11173962,0.555,-0.012400000000000078,0,split_cifar10::asym40,aligned
split_cifar10__asym40__gate_loss__seed0,split_cifar10,split_cifar10,gate_loss,replay-gate,error,False,resnet18,asymmetric,0.4,asym40,0,True,0.5517000000000001,,0.5517000000000001,0.0686249999999999,-0.0615,0.005125,0.604,0.9994343896240242,0.9455252918287936,2.0,0.1212715031091539,0.6934990538232138,0.6629466037558309,0.0305524500673828,False,0.0,,0.4873548435686782,0.4974278186211927,0.2129243212759494,0.6270285322696578,1.1330242831747903,115.90602087974548,1022.181376,11173962,0.5599999999999999,-0.008299999999999863,0,split_cifar10::asym40,aligned
split_cifar10__asym40__gate_loss__seed1,split_cifar10,split_cifar10,gate_loss,replay-gate,error,False,resnet18,asymmetric,0.4,asym40,1,True,0.5399,,0.5399,0.0857499999999999,-0.075625,-0.001375,0.612,0.9895875212220556,0.7857142857142857,2.0,0.1171321312783465,0.7190183837842264,0.6508760324300834,0.068142351354143,False,0.2,,0.4062555477639346,0.5757249423858383,0.2145797974050045,0.6218918357420871,1.0375043102418466,113.79121923446657,1023.0528,11173962,0.598,-0.05809999999999993,0,split_cifar10::asym40,aligned
split_cifar10__asym40__gate_loss__seed2,split_cifar10,split_cifar10,gate_loss,replay-gate,error,False,resnet18,asymmetric,0.4,asym40,2,True,0.5694000000000001,,0.5694000000000001,0.063625,-0.029,0.0091249999999999,0.648,0.9999884584088952,0.9920318725099602,2.0,0.1386236639881107,0.7138838574030341,0.6564554787050054,0.0574283786980286,False,0.0,,0.5593075451245646,0.6547734562455761,0.1156420404970645,0.5315215756141927,0.7750989721646036,112.89631295204164,1023.546368,11173962,0.5582999999999999,0.01110000000000022,1,split_cifar10::asym40,aligned
split_cifar10__asym40__gate_loss__seed3,split_cifar10,split_cifar10,gate_loss,replay-gate,error,False,resnet18,asymmetric,0.4,asym40,3,True,0.6002000000000001,,0.6002000000000001,0.0359999999999999,-0.018875,0.003875,0.642,0.9966619137320388,0.8726591760299626,2.0,0.2351683120901787,0.7593509066538963,0.6227772272445382,0.136573679409358,False,0.0,,0.0460296517887943,0.0911678981727998,0.2528802432775497,0.6275091332978323,1.2747913600935092,231.29246973991397,1028.59008,11173962,0.5388999999999999,0.06130000000000013,1,split_cifar10::asym40,aligned
split_cifar10__asym40__gate_loss__seed4,split_cifar10,split_cifar10,gate_loss,replay-gate,error,False,resnet18,asymmetric,0.4,asym40,4,True,0.5618,,0.5618,0.081625,-0.081625,0.0195,0.626,0.998337376521882,0.9083969465648856,2.0,0.1953179023188534,0.7578414628833343,0.6241517524148084,0.1336897104685259,False,0.0,,0.118693859349569,0.1398287451098464,0.2686259739160538,0.6756769170972599,1.4039287564179328,235.1251714229584,1022.860288,11173962,0.555,0.006799999999999917,1,split_cifar10::asym40,aligned
split_cifar10__sym20__gate_conf__seed0,split_cifar10,split_cifar10,gate_conf,replay-gate,confidence,True,resnet18,symmetric,0.2,sym20,0,True,0.6445000000000001,,0.6445000000000001,0.1223749999999999,-0.116375,0.0202499999999999,0.828,0.99971144175281,0.9607843137254902,2.0,0.0384379512226288,0.1925991444954515,0.1676198798657042,0.0249792646297473,False,0.0,,0.2548473517816637,0.5624968819474869,0.1804249970257282,0.5166749855776402,0.8608718587462739,112.7943320274353,1022.848,11173962,0.6813,-0.036799999999999944,0,split_cifar10::sym20,aligned
split_cifar10__sym20__gate_conf__seed1,split_cifar10,split_cifar10,gate_conf,replay-gate,confidence,True,resnet18,symmetric,0.2,sym20,1,True,0.6836,,0.6836,0.086125,-0.086125,0.0247499999999999,0.77,0.99093240356837,0.7985611510791367,2.0,0.0171619286662665,0.1206889638012124,0.1161144880052211,0.0045744757959912,False,0.0,,0.374856921165347,0.799660933536032,0.0840486163675785,0.4250840143080654,0.6250397648512822,112.97254085540771,1021.046272,11173962,0.6658000000000001,0.017799999999999927,1,split_cifar10::sym20,aligned
split_cifar10__sym20__gate_conf__seed2,split_cifar10,split_cifar10,gate_conf,replay-gate,confidence,True,resnet18,symmetric,0.2,sym20,2,True,0.6607000000000001,,0.6607000000000001,0.065,-0.058625,-0.017,0.806,0.9994343896240242,0.9455252918287936,2.0,0.0622331584402283,0.2077541399176385,0.1630583931973216,0.0446957467203168,False,0.0,,0.1051218915485474,0.2206650108252463,0.1643426401019096,0.4987752560471991,0.8513012144952119,112.5297830104828,1023.792128,11173962,0.6887000000000001,-0.028000000000000025,0,split_cifar10::sym20,aligned
split_cifar10__sym20__gate_conf__seed3,split_cifar10,split_cifar10,gate_conf,replay-gate,confidence,True,resnet18,symmetric,0.2,sym20,3,True,0.651,,0.651,0.091125,-0.091125,-0.0055,0.826,0.9990649315776106,0.9305019305019304,2.0,0.0624531625038324,0.2132653613509085,0.1505853670635534,0.0626799942873551,False,0.0,,0.0546784209608699,0.1667371485421321,0.216075183725357,0.550684477184341,1.1329982711498756,234.414178609848,1024.588288,11173962,0.6576,-0.006599999999999939,0,split_cifar10::sym20,aligned
split_cifar10__sym20__gate_conf__seed4,split_cifar10,split_cifar10,gate_conf,replay-gate,confidence,True,resnet18,symmetric,0.2,sym20,4,True,0.6917,,0.6917,0.0833749999999999,-0.0833749999999999,-0.001625,0.836,0.9953784388202258,0.8518518518518519,2.0,0.081969835451058,0.2809420500818747,0.1853639109141152,0.0955781391677594,False,0.0,,0.0377783092762794,0.105940598240984,0.177335554754734,0.4760983615098632,0.8897295059361549,240.55037927627563,1029.507584,11173962,0.6698000000000001,0.02189999999999992,1,split_cifar10::sym20,aligned
split_cifar10__sym20__gate_loss__seed0,split_cifar10,split_cifar10,gate_loss,replay-gate,error,False,resnet18,symmetric,0.2,sym20,0,True,0.7171,,0.7171,0.053125,-0.046,-0.0101249999999999,0.846,0.9998153271549208,0.968503937007874,2.0,0.3969313485880072,0.7881075968554478,0.4930382970883452,0.2950692997671026,False,0.0,,0.1747397303446821,0.602730969733607,0.1147224995613098,0.4085020184866272,0.6528786059046008,116.98752093315125,1023.0528,11173962,0.6813,0.03579999999999994,1,split_cifar10::sym20,aligned
split_cifar10__sym20__gate_loss__seed1,split_cifar10,split_cifar10,gate_loss,replay-gate,error,False,resnet18,symmetric,0.2,sym20,1,True,0.7154,,0.7154,0.032875,-0.0285,0.0033749999999999,0.84,0.9938858724897722,0.8315018315018315,2.0,0.3453056167805776,0.7633391328673325,0.5092259048265155,0.2541132280408169,False,0.0,,0.3314902923391422,0.7486161538901797,0.0908309201180934,0.3919624091765207,0.6092236068455247,112.6005516052246,1023.546368,11173962,0.6658000000000001,0.04959999999999998,1,split_cifar10::sym20,aligned
split_cifar10__sym20__gate_loss__seed2,split_cifar10,split_cifar10,gate_loss,replay-gate,error,False,resnet18,symmetric,0.2,sym20,2,True,0.7058,,0.7058,0.0581249999999999,-0.0557499999999999,-0.011125,0.826,0.9999538332662392,0.984126984126984,2.0,0.397957859785063,0.7967326366826831,0.4383975747164251,0.358335061966258,False,0.0,,0.2014045424235765,0.4049972284847172,0.132171255505085,0.4284162997083225,0.7197848077373906,112.59169483184814,1024.232448,11173962,0.6887000000000001,0.017099999999999893,1,split_cifar10::sym20,aligned
split_cifar10__sym20__gate_loss__seed3,split_cifar10,split_cifar10,gate_loss,replay-gate,error,False,resnet18,symmetric,0.2,sym20,3,True,0.7076999999999999,,0.7076999999999999,0.0481249999999999,-0.0408749999999999,0.0034999999999999,0.872,0.9995844639313984,0.953125,2.0,0.4724588071803424,0.8273169459413469,0.475955565844399,0.3513613800969478,False,0.0,,0.0697533443499873,0.0895257268617227,0.1761345304369926,0.4612807092160628,0.9325727467705682,234.89357900619507,1022.860288,11173962,0.6576,0.05009999999999992,1,split_cifar10::sym20,aligned
split_cifar10__sym20__gate_loss__seed4,split_cifar10,split_cifar10,gate_loss,replay-gate,error,False,resnet18,symmetric,0.2,sym20,4,True,0.756,,0.756,0.02975,-0.01825,-0.0268749999999999,0.88,0.9998153271549208,0.968503937007874,2.0,0.4460645275828295,0.8254945051782817,0.4540779133520124,0.3714165918262693,False,0.0,,0.0351534912098772,0.0943291449536597,0.1445225399196148,0.3918955148731683,0.8230469821587605,239.69847893714905,1027.148288,11173962,0.6698000000000001,0.08619999999999994,1,split_cifar10::sym20,aligned
split_cifar10__sym60__gate_conf__seed0,split_cifar10,split_cifar10,gate_conf,replay-gate,confidence,True,resnet18,symmetric,0.6,sym60,0,True,0.4271,,0.4271,0.043,0.0433749999999999,-0.01525,0.41,0.99971144175281,0.9607843137254902,2.0,0.0020496849915828,0.0623713251407774,0.0631295161879225,-0.0007581910471451,True,0.6,0.0,0.8033616517397868,0.6301055973445682,0.2399473539233207,0.6452333766662874,0.9248024994288492,117.29341650009157,1023.0528,11173962,0.4296999999999999,-0.0025999999999999357,0,split_cifar10::sym60,inverted
split_cifar10__sym60__gate_conf__seed1,split_cifar10,split_cifar10,gate_conf,replay-gate,confidence,True,resnet18,symmetric,0.6,sym60,1,True,0.4368999999999999,,0.4368999999999999,0.073125,0.044,-0.0064999999999999,0.436,0.9977366703420346,0.8939393939393939,2.0,-0.0088920769199361,0.073409496816033,0.073780875014301,-0.000371378198268,True,1.0,0.0,0.6734368399110272,0.4876003980088371,0.2489130546629428,0.6659338370178316,0.9175288884554836,117.52820444107056,1023.0528,11173962,0.4769,-0.04000000000000009,0,split_cifar10::sym60,inverted
split_cifar10__sym60__gate_conf__seed2,split_cifar10,split_cifar10,gate_conf,replay-gate,confidence,True,resnet18,symmetric,0.6,sym60,2,True,0.4501,,0.4501,0.020875,0.0733749999999999,-0.0195,0.42,0.9977366703420346,0.8939393939393939,2.0,0.0008352689258759,0.064700630225354,0.0660357724324934,-0.0013351422071393,True,0.6,3.0,0.6582530683316599,0.5793155075246056,0.2519738780200481,0.6703841716534512,1.0228215920854002,116.57885193824768,1029.507584,11173962,0.4591999999999999,-0.009099999999999886,0,split_cifar10::sym60,inverted
split_cifar10__sym60__gate_conf__seed3,split_cifar10,split_cifar10,gate_conf,replay-gate,confidence,True,resnet18,symmetric,0.6,sym60,3,True,0.4528,,0.4528,0.0554999999999999,0.0318749999999999,-0.004375,0.38,0.9999538332662392,0.984126984126984,2.0,-0.0318738051009406,0.0919657867506414,0.1011675890062621,-0.0092018022556206,True,1.0,0.0,0.0576143135221361,0.1056773316178874,0.391901506114006,0.8685605713596163,2.0085521770259294,228.5423872470856,1026.554368,11173962,0.4488999999999999,0.00390000000000007,1,split_cifar10::sym60,inverted
split_cifar10__sym60__gate_conf__seed4,split_cifar10,split_cifar10,gate_conf,replay-gate,confidence,True,resnet18,symmetric,0.6,sym60,4,True,0.4415,,0.4415,0.0404999999999999,0.0229999999999999,0.0009999999999999,0.386,0.9994343896240242,0.9455252918287936,2.0,-0.0184996257660535,0.0754112312254349,0.0827264747537204,-0.0073152435282855,True,0.8,2.0,0.1221563085610122,0.0725701433499151,0.4097922673046589,0.8815749276754092,2.1313335456493805,234.58913612365723,1021.650944,11173962,0.4545,-0.013000000000000012,0,split_cifar10::sym60,inverted
split_cifar10__sym60__gate_loss__seed0,split_cifar10,split_cifar10,gate_loss,replay-gate,error,False,resnet18,symmetric,0.6,sym60,0,True,0.4069,,0.4069,0.0477499999999999,0.014375,-0.0203749999999999,0.378,0.99093240356837,0.7985611510791367,2.0,-0.1465631524570782,0.6532248185778656,0.7066988182520851,-0.0534739996742195,True,1.0,0.0,0.6386804531883342,0.4691207977550361,0.3102973117947578,0.7530313766460224,1.1916544901471362,118.23621702194214,1021.650944,11173962,0.4296999999999999,-0.02279999999999993,0,split_cifar10::sym60,inverted
split_cifar10__sym60__gate_loss__seed1,split_cifar10,split_cifar10,gate_loss,replay-gate,error,False,resnet18,symmetric,0.6,sym60,1,True,0.4684999999999999,,0.4684999999999999,0.061125,0.06,-0.01325,0.368,0.9988455359952018,0.9230769230769232,2.0,-0.1476366630127354,0.647159251943335,0.7371437741918511,-0.089984522248516,True,1.0,0.0,0.6104058699161008,0.7490262938648828,0.2592436810433865,0.6707411805105481,1.345303231508154,116.5815052986145,1023.0528,11173962,0.4769,-0.008400000000000074,0,split_cifar10::sym60,inverted
split_cifar10__sym60__gate_loss__seed2,split_cifar10,split_cifar10,gate_loss,replay-gate,error,False,resnet18,symmetric,0.6,sym60,2,True,0.407,,0.407,0.0584999999999999,0.02325,-0.004,0.374,0.9999884584088952,0.9920318725099602,2.0,-0.131279213204686,0.6542735676696653,0.6779384018601738,-0.0236648341905085,True,1.0,0.0,0.7015262013025583,0.4946716763285706,0.3061993551075458,0.7515961977408427,1.439512371247898,116.84999704360962,1023.168512,11173962,0.4591999999999999,-0.05219999999999991,0,split_cifar10::sym60,inverted
split_cifar10__sym60__gate_loss__seed3,split_cifar10,split_cifar10,gate_loss,replay-gate,error,False,resnet18,symmetric,0.6,sym60,3,True,0.4110999999999999,,0.4110999999999999,0.0947499999999999,0.002,-0.005,0.39,0.9949041692998885,0.8450184501845018,2.0,-0.1989136238565004,0.6564849110169063,0.7245511324899785,-0.0680662214730721,True,1.0,0.0,0.1951784129006927,0.1465719638606485,0.4382730861663819,0.9519876078590462,2.1939676965208434,230.7430889606476,1021.187072,11173962,0.4488999999999999,-0.0378,0,split_cifar10::sym60,inverted
split_cifar10__sym60__gate_loss__seed4,split_cifar10,split_cifar10,gate_loss,replay-gate,error,False,resnet18,symmetric,0.6,sym60,4,True,0.4587,,0.4587,0.0439999999999999,0.049,0.0254999999999999,0.412,0.9949041692998885,0.8450184501845018,2.0,-0.1372794435672349,0.6759261655223694,0.7076006559509864,-0.031674490428617,True,1.0,0.0,0.0760080521077936,0.1410280057701825,0.389487719219923,0.856706423750458,1.8003695771610695,235.42122530937195,1026.591744,11173962,0.4545,0.0041999999999999815,1,split_cifar10::sym60,inverted
permuted_mnist__late40__replay_conf__seed0,permuted_mnist,permuted_mnist,gate_conf,replay-gate,confidence,True,mlp,symmetric,0.4,late40,0,False,0.8121,0.8121,,0.0641249999999999,-0.0641249999999999,-0.0082,0.934,,,,0.0948134365982319,0.3267086775646295,0.2202533902609007,0.1064552873037288,False,0.0,,,,,,,5.355976343154907,33.081344,535818,0.7933199999999999,0.01878000000000013,1,permuted_mnist::late40,aligned
permuted_mnist__late40__replay_conf__seed1,permuted_mnist,permuted_mnist,gate_conf,replay-gate,confidence,True,mlp,symmetric,0.4,late40,1,False,0.8230599999999999,0.8230599999999999,,0.0598999999999999,-0.0598999999999999,-0.0219499999999999,0.938,,,,0.1039576215099292,0.358373360012693,0.232403973882675,0.1259693861300179,False,0.0,,,,,,,5.1711585521698,33.081344,535818,0.8325799999999999,-0.009519999999999973,0,permuted_mnist::late40,aligned
permuted_mnist__late40__replay_conf__seed2,permuted_mnist,permuted_mnist,gate_conf,replay-gate,confidence,True,mlp,symmetric,0.4,late40,2,False,0.81142,0.81142,,0.06855,-0.06855,0.0155749999999999,0.944,,,,0.0934131966907294,0.3471411446090097,0.2308831547737135,0.1162579898352962,False,0.0,,,,,,,5.105424404144287,33.081344,535818,0.8103400000000001,0.0010799999999999699,1,permuted_mnist::late40,aligned
permuted_mnist__late40__replay_error__seed0,permuted_mnist,permuted_mnist,gate_loss,replay-gate,error,False,mlp,symmetric,0.4,late40,0,False,0.8571,0.8571,,0.0213499999999999,-0.0137749999999999,-0.0031499999999999,0.982,,,,0.2973445810609732,0.6353444307205091,0.0740240434402266,0.5613203872802823,False,0.0,,,,,,,5.602977752685547,33.081344,535818,0.7933199999999999,0.06378000000000006,1,permuted_mnist::late40,aligned
permuted_mnist__late40__replay_error__seed1,permuted_mnist,permuted_mnist,gate_loss,replay-gate,error,False,mlp,symmetric,0.4,late40,1,False,0.8541000000000001,0.8541000000000001,,0.030975,-0.030975,-0.01595,0.992,,,,0.3011869244424879,0.6677183532101949,0.0838860147923561,0.5838323384178388,False,0.0,,,,,,,5.170603513717651,33.081344,535818,0.8325799999999999,0.021520000000000206,1,permuted_mnist::late40,aligned
permuted_mnist__late40__replay_error__seed2,permuted_mnist,permuted_mnist,gate_loss,replay-gate,error,False,mlp,symmetric,0.4,late40,2,False,0.8470000000000001,0.8470000000000001,,0.040075,-0.036175,0.0078,0.99,,,,0.3010597091291675,0.6497391450070155,0.0720872250335719,0.5776519199734435,False,0.0,,,,,,,5.156782388687134,33.081344,535818,0.8103400000000001,0.036660000000000026,1,permuted_mnist::late40,aligned
permuted_mnist__late40__replay_repr__seed0,permuted_mnist,permuted_mnist,gate_reprstab,replay-gate,repr_stability,True,mlp,symmetric,0.4,late40,0,False,0.8104600000000002,0.8104600000000002,,0.0637249999999999,-0.0637249999999999,-0.0037999999999999,0.81,,,,0.0001636523521017,0.8529366735814182,0.8496153505797656,0.0033213230016526,False,0.5,,,,,,,12.316775798797607,33.081344,535818,0.7933199999999999,0.017140000000000266,1,permuted_mnist::late40,aligned
permuted_mnist__late40__replay_repr__seed1,permuted_mnist,permuted_mnist,gate_reprstab,replay-gate,repr_stability,True,mlp,symmetric,0.4,late40,1,False,0.8330399999999999,0.8330399999999999,,0.0435,-0.0435,-0.02025,0.82,,,,-0.0016596053654874,0.8511163758576247,0.8503328761977428,0.0007834996598818,False,0.5,,,,,,,12.495251893997192,33.081344,535818,0.8325799999999999,0.00046000000000001595,1,permuted_mnist::late40,aligned
permuted_mnist__late40__replay_repr__seed2,permuted_mnist,permuted_mnist,gate_reprstab,replay-gate,repr_stability,True,mlp,symmetric,0.4,late40,2,False,0.81878,0.81878,,0.0615749999999999,-0.0615749999999999,0.0004499999999999,0.808,,,,-0.002948994158363,0.8585491040302997,0.8603753888970317,-0.0018262848667319,True,1.0,3.0,,,,,,12.018940210342407,33.081344,535818,0.8103400000000001,0.008439999999999892,1,permuted_mnist::late40,inverted
permuted_mnist__late40__replay_stab__seed0,permuted_mnist,permuted_mnist,gate_predstab,replay-gate,pred_stability,True,mlp,symmetric,0.4,late40,0,False,0.7895800000000001,0.7895800000000001,,0.08285,-0.08285,-0.0022999999999999,0.834,,,,-0.0004379460726285,0.8339434198841646,0.8331559507063627,0.0007874691778019,False,0.5,,,,,,,13.614176750183104,33.081344,535818,0.7933199999999999,-0.0037399999999998546,0,permuted_mnist::late40,aligned
permuted_mnist__late40__replay_stab__seed1,permuted_mnist,permuted_mnist,gate_predstab,replay-gate,pred_stability,True,mlp,symmetric,0.4,late40,1,False,0.74716,0.74716,,0.1523999999999999,-0.1523999999999999,-0.0174749999999999,0.82,,,,-0.0006310964706655,0.8329639277225168,0.8328765289861518,8.73987363649853e-05,False,0.5,,,,,,,14.044109106063845,33.081344,535818,0.8325799999999999,-0.08541999999999983,0,permuted_mnist::late40,aligned
permuted_mnist__late40__replay_stab__seed2,permuted_mnist,permuted_mnist,gate_predstab,replay-gate,pred_stability,True,mlp,symmetric,0.4,late40,2,False,0.80826,0.80826,,0.0658749999999999,-0.0658749999999999,0.0087,0.856,,,,-0.0002195972110198,0.8330024796105467,0.8323820262212672,0.0006204533892795,False,0.5,,,,,,,14.107117414474487,33.081344,535818,0.8103400000000001,-0.002080000000000082,0,permuted_mnist::late40,aligned
permuted_mnist__mixed40__replay_conf__seed0,permuted_mnist,permuted_mnist,gate_conf,replay-gate,confidence,True,mlp,symmetric,0.4,mixed40,0,False,0.77594,0.77594,,0.0721,-0.0721,0.0092749999999999,0.882,,,,0.1311081828806748,0.3382675738080221,0.2321328592120342,0.1061347145959878,False,0.0,,,,,,,5.272215127944946,33.081344,535818,0.77388,0.0020599999999999508,1,permuted_mnist::mixed40,aligned
permuted_mnist__mixed40__replay_conf__seed1,permuted_mnist,permuted_mnist,gate_conf,replay-gate,confidence,True,mlp,symmetric,0.4,mixed40,1,False,0.78594,0.78594,,0.0669499999999999,-0.0669499999999999,-0.0033499999999999,0.892,,,,0.1385115460235575,0.3800455116817359,0.2532289042733998,0.126816607408336,False,0.0,,,,,,,5.118121385574341,33.081344,535818,0.7572599999999999,0.02868000000000004,1,permuted_mnist::mixed40,aligned
permuted_mnist__mixed40__replay_conf__seed2,permuted_mnist,permuted_mnist,gate_conf,replay-gate,confidence,True,mlp,symmetric,0.4,mixed40,2,False,0.7711599999999998,0.7711599999999998,,0.0737,-0.0737,-0.0054249999999999,0.896,,,,0.1298001707654345,0.3488472300250315,0.2353560009553887,0.1134912290696427,False,0.0,,,,,,,5.190568447113037,33.081344,535818,0.77216,-0.001000000000000112,0,permuted_mnist::mixed40,aligned
permuted_mnist__mixed40__replay_error__seed0,permuted_mnist,permuted_mnist,gate_loss,replay-gate,error,False,mlp,symmetric,0.4,mixed40,0,False,0.8441599999999999,0.8441599999999999,,0.0202999999999999,-0.0096999999999999,-0.0122749999999999,0.974,,,,0.4584166668902445,0.6354048625395836,0.067200509302302,0.5682043532372816,False,0.0,,,,,,,5.532264709472656,33.081344,535818,0.77388,0.0702799999999999,1,permuted_mnist::mixed40,aligned
permuted_mnist__mixed40__replay_error__seed1,permuted_mnist,permuted_mnist,gate_loss,replay-gate,error,False,mlp,symmetric,0.4,mixed40,1,False,0.8268800000000001,0.8268800000000001,,0.0386249999999999,-0.0368,-0.00145,0.976,,,,0.4585761492576683,0.6592610208252961,0.0928352038933138,0.5664258169319824,False,0.0,,,,,,,5.332843780517578,33.081344,535818,0.7572599999999999,0.06962000000000013,1,permuted_mnist::mixed40,aligned
permuted_mnist__mixed40__replay_error__seed2,permuted_mnist,permuted_mnist,gate_loss,replay-gate,error,False,mlp,symmetric,0.4,mixed40,2,False,0.83788,0.83788,,0.02905,-0.022825,-0.005325,0.956,,,,0.4571693342297394,0.657021684723603,0.0865565149247849,0.5704651697988181,False,0.0,,,,,,,5.264713525772095,33.081344,535818,0.77216,0.06572,1,permuted_mnist::mixed40,aligned
permuted_mnist__mixed40__replay_repr__seed0,permuted_mnist,permuted_mnist,gate_reprstab,replay-gate,repr_stability,True,mlp,symmetric,0.4,mixed40,0,False,0.7649600000000001,0.7649600000000001,,0.070225,-0.070225,-0.0143249999999999,0.732,,,,-0.0004632625341564,0.8480153480269955,0.8433494835589787,0.0046658644680168,False,0.6666666666666666,,,,,,,12.801574230194092,33.081344,535818,0.77388,-0.008919999999999928,0,permuted_mnist::mixed40,aligned
permuted_mnist__mixed40__replay_repr__seed1,permuted_mnist,permuted_mnist,gate_reprstab,replay-gate,repr_stability,True,mlp,symmetric,0.4,mixed40,1,False,0.7575000000000001,0.7575000000000001,,0.096775,-0.096775,-0.0046,0.756,,,,-0.0019232134150086,0.8405012395773264,0.8394332887804528,0.0010679507968736,False,0.6666666666666666,,,,,,,12.675805807113647,33.081344,535818,0.7572599999999999,0.000240000000000129,1,permuted_mnist::mixed40,aligned
permuted_mnist__mixed40__replay_repr__seed2,permuted_mnist,permuted_mnist,gate_reprstab,replay-gate,repr_stability,True,mlp,symmetric,0.4,mixed40,2,False,0.7468,0.7468,,0.086875,-0.086875,-0.010075,0.736,,,,-0.0034083381927425,0.85270951715802,0.8549093910953999,-0.0021998739373798,False,1.0,,,,,,,12.40655517578125,33.081344,535818,0.77216,-0.025359999999999938,0,permuted_mnist::mixed40,inverted
permuted_mnist__mixed40__replay_stab__seed0,permuted_mnist,permuted_mnist,gate_predstab,replay-gate,pred_stability,True,mlp,symmetric,0.4,mixed40,0,False,0.7830199999999999,0.7830199999999999,,0.0584,-0.0584,-0.0155249999999999,0.778,,,,0.0029039016593337,0.8269208714186836,0.8252920787510594,0.0016287926676242,False,0.0,,,,,,,13.7446551322937,33.081344,535818,0.77388,0.009139999999999926,1,permuted_mnist::mixed40,aligned
permuted_mnist__mixed40__replay_stab__seed1,permuted_mnist,permuted_mnist,gate_predstab,replay-gate,pred_stability,True,mlp,symmetric,0.4,mixed40,1,False,0.7681,0.7681,,0.0832499999999999,-0.0832499999999999,0.01555,0.742,,,,0.0038700363578018,0.826333482125955,0.8242312306763544,0.0021022514496006,False,0.0,,,,,,,13.524807214736938,33.081344,535818,0.7572599999999999,0.010840000000000072,1,permuted_mnist::mixed40,aligned
permuted_mnist__mixed40__replay_stab__seed2,permuted_mnist,permuted_mnist,gate_predstab,replay-gate,pred_stability,True,mlp,symmetric,0.4,mixed40,2,False,0.76382,0.76382,,0.0393499999999999,-0.0393499999999999,-0.0027749999999999,0.746,,,,0.0022986229033487,0.8278064940804949,0.828675116936368,-0.000868622855873,False,0.3333333333333333,,,,,,,14.278988599777222,33.081344,535818,0.77216,-0.008339999999999903,0,permuted_mnist::mixed40,inverted
permuted_mnist__rate20__replay_conf__seed0,permuted_mnist,permuted_mnist,gate_conf,replay-gate,confidence,True,mlp,symmetric,0.2,rate20,0,False,0.8082600000000001,0.8082600000000001,,0.053425,-0.053425,0.0127,0.842,,,,0.2045765990973285,0.5687078782487348,0.4217535322886365,0.1469543459600982,False,0.0,,,,,,,5.01685357093811,33.081344,535818,0.7725199999999999,0.035740000000000216,1,permuted_mnist::rate20,aligned
permuted_mnist__rate20__replay_conf__seed1,permuted_mnist,permuted_mnist,gate_conf,replay-gate,confidence,True,mlp,symmetric,0.2,rate20,1,False,0.7972400000000001,0.7972400000000001,,0.0751749999999999,-0.0751749999999999,-0.0015249999999999,0.846,,,,0.2092661587604573,0.6087707614838747,0.4425762340979688,0.1661945273859058,False,0.0,,,,,,,4.901575326919556,33.081344,535818,0.79764,-0.00039999999999995595,0,permuted_mnist::rate20,aligned
permuted_mnist__rate20__replay_conf__seed2,permuted_mnist,permuted_mnist,gate_conf,replay-gate,confidence,True,mlp,symmetric,0.2,rate20,2,False,0.79852,0.79852,,0.06195,-0.06195,-0.0297,0.848,,,,0.1972792899865285,0.5927459641646639,0.4380186550608285,0.1547273091038353,False,0.0,,,,,,,4.859365701675415,33.081344,535818,0.7553,0.043220000000000036,1,permuted_mnist::rate20,aligned
permuted_mnist__rate20__replay_error__seed0,permuted_mnist,permuted_mnist,gate_loss,replay-gate,error,False,mlp,symmetric,0.2,rate20,0,False,0.8541000000000001,0.8541000000000001,,0.0290249999999999,-0.0246249999999999,0.010875,0.964,,,,0.7613725356482506,0.7574914320591112,0.0709500027115556,0.6865414293475555,False,0.0,,,,,,,5.156875848770142,33.081344,535818,0.7725199999999999,0.08158000000000021,1,permuted_mnist::rate20,aligned
permuted_mnist__rate20__replay_error__seed1,permuted_mnist,permuted_mnist,gate_loss,replay-gate,error,False,mlp,symmetric,0.2,rate20,1,False,0.8507199999999999,0.8507199999999999,,0.0289,-0.026075,-0.019775,0.986,,,,0.7681293104066691,0.7884741909761868,0.0833345225361415,0.7051396684400453,False,0.0,,,,,,,5.200069904327393,33.081344,535818,0.79764,0.053079999999999905,1,permuted_mnist::rate20,aligned
permuted_mnist__rate20__replay_error__seed2,permuted_mnist,permuted_mnist,gate_loss,replay-gate,error,False,mlp,symmetric,0.2,rate20,2,False,0.8565200000000001,0.8565200000000001,,0.0248749999999999,-0.009075,-0.009025,0.978,,,,0.76483155292812,0.785696555854258,0.0820133938853884,0.7036831619688696,False,0.0,,,,,,,5.082472562789917,33.081344,535818,0.7553,0.10122000000000009,1,permuted_mnist::rate20,aligned
permuted_mnist__rate20__replay_repr__seed0,permuted_mnist,permuted_mnist,gate_reprstab,replay-gate,repr_stability,True,mlp,symmetric,0.2,rate20,0,False,0.77588,0.77588,,0.102475,-0.102475,0.0161499999999999,0.806,,,,-0.0024332494011727,0.8285101758675161,0.8282630468188934,0.0002471290486226,True,0.6,2.0,,,,,,11.95186996459961,33.081344,535818,0.7725199999999999,0.0033600000000001407,1,permuted_mnist::rate20,aligned
permuted_mnist__rate20__replay_repr__seed1,permuted_mnist,permuted_mnist,gate_reprstab,replay-gate,repr_stability,True,mlp,symmetric,0.2,rate20,1,False,0.80076,0.80076,,0.07285,-0.07285,-0.020225,0.816,,,,-0.00257546020908,0.8348502596834665,0.835637510278968,-0.0007872505955015,True,0.8,2.0,,,,,,11.84320330619812,33.081344,535818,0.79764,0.0031200000000000117,1,permuted_mnist::rate20,inverted
permuted_mnist__rate20__replay_repr__seed2,permuted_mnist,permuted_mnist,gate_reprstab,replay-gate,repr_stability,True,mlp,symmetric,0.2,rate20,2,False,0.77058,0.77058,,0.0999,-0.0999,-0.0341249999999999,0.786,,,,-0.0062827940521238,0.8456455044918776,0.8490067984914013,-0.0033612939995236,True,0.8,0.0,,,,,,11.936011791229248,33.081344,535818,0.7553,0.015280000000000071,1,permuted_mnist::rate20,inverted
permuted_mnist__rate20__replay_stab__seed0,permuted_mnist,permuted_mnist,gate_predstab,replay-gate,pred_stability,True,mlp,symmetric,0.2,rate20,0,False,0.74524,0.74524,,0.1208499999999999,-0.1208499999999999,0.01695,0.764,,,,0.0192613134953857,0.8266868255990193,0.8196990964242487,0.0069877291747706,False,0.0,,,,,,,13.32386350631714,33.081344,535818,0.7725199999999999,-0.02727999999999986,0,permuted_mnist::rate20,aligned
permuted_mnist__rate20__replay_stab__seed1,permuted_mnist,permuted_mnist,gate_predstab,replay-gate,pred_stability,True,mlp,symmetric,0.2,rate20,1,False,0.7935,0.7935,,0.0814,-0.0814,-0.0116749999999999,0.79,,,,0.0149152764590278,0.8261421015647585,0.8239350293873977,0.0022070721773608,False,0.0,,,,,,,13.954258441925049,33.081344,535818,0.79764,-0.0041400000000000325,0,permuted_mnist::rate20,aligned
permuted_mnist__rate20__replay_stab__seed2,permuted_mnist,permuted_mnist,gate_predstab,replay-gate,pred_stability,True,mlp,symmetric,0.2,rate20,2,False,0.80298,0.80298,,0.0656499999999999,-0.0630499999999999,-0.0101,0.818,,,,0.0164482292886648,0.8262079256600946,0.8207313103158179,0.0054766153442766,False,0.0,,,,,,,13.81545615196228,33.081344,535818,0.7553,0.047680000000000056,1,permuted_mnist::rate20,aligned
permuted_mnist__rate40__replay_conf__seed0,permuted_mnist,permuted_mnist,gate_conf,replay-gate,confidence,True,mlp,symmetric,0.4,rate40,0,False,0.65496,0.65496,,0.12195,-0.12195,0.022675,0.724,,,,0.2270245510490496,0.3454049388557239,0.2379368082482612,0.1074681306074627,False,0.0,,,,,,,5.103688716888428,33.081344,535818,0.64234,0.012619999999999965,1,permuted_mnist::rate40,aligned
permuted_mnist__rate40__replay_conf__seed1,permuted_mnist,permuted_mnist,gate_conf,replay-gate,confidence,True,mlp,symmetric,0.4,rate40,1,False,0.67506,0.67506,,0.1128499999999999,-0.1128499999999999,-0.0047499999999999,0.674,,,,0.2406223177886689,0.3864925532374884,0.2562996565944831,0.1301928966430052,False,0.0,,,,,,,4.011014699935913,33.081344,535818,0.67866,-0.0036000000000000476,0,permuted_mnist::rate40,aligned
permuted_mnist__rate40__replay_conf__seed2,permuted_mnist,permuted_mnist,gate_conf,replay-gate,confidence,True,mlp,symmetric,0.4,rate40,2,False,0.6712600000000001,0.6712600000000001,,0.1118749999999999,-0.1118749999999999,-0.0247,0.66,,,,0.2209125435109543,0.3313515127816786,0.233544954404863,0.0978065583768155,False,0.0,,,,,,,5.234077453613281,33.081344,535818,0.67072,0.000540000000000096,1,permuted_mnist::rate40,aligned
permuted_mnist__rate40__replay_error__seed0,permuted_mnist,permuted_mnist,gate_loss,replay-gate,error,False,mlp,symmetric,0.4,rate40,0,False,0.8143800000000001,0.8143800000000001,,0.012275,0.0130499999999999,-0.0010249999999999,0.924,,,,0.7610852684484407,0.629305715709201,0.0722292991541892,0.5570764165550117,False,0.0,,,,,,,5.152306079864502,33.081344,535818,0.64234,0.17204000000000008,1,permuted_mnist::rate40,aligned
permuted_mnist__rate40__replay_error__seed1,permuted_mnist,permuted_mnist,gate_loss,replay-gate,error,False,mlp,symmetric,0.4,rate40,1,False,0.8020400000000001,0.8020400000000001,,0.0191999999999999,-0.0102499999999999,0.011125,0.922,,,,0.7597804729678831,0.6445243587473404,0.081037373005223,0.5634869857421173,False,0.0,,,,,,,5.043079376220703,33.081344,535818,0.67866,0.12338000000000005,1,permuted_mnist::rate40,aligned
permuted_mnist__rate40__replay_error__seed2,permuted_mnist,permuted_mnist,gate_loss,replay-gate,error,False,mlp,symmetric,0.4,rate40,2,False,0.8049200000000001,0.8049200000000001,,0.0218249999999999,0.012975,-0.009325,0.948,,,,0.7651118855936756,0.6582872548362424,0.0796054411117221,0.5786818137245203,False,0.0,,,,,,,5.0740931034088135,33.081344,535818,0.67072,0.1342000000000001,1,permuted_mnist::rate40,aligned
permuted_mnist__rate40__replay_repr__seed0,permuted_mnist,permuted_mnist,gate_reprstab,replay-gate,repr_stability,True,mlp,symmetric,0.4,rate40,0,False,0.68052,0.68052,,0.0822249999999999,-0.0822249999999999,0.00065,0.614,,,,-0.0024802505269767,0.8529683216161054,0.8489871484288535,0.0039811731872518,True,0.8,0.0,,,,,,12.531224727630615,33.081344,535818,0.64234,0.03817999999999999,1,permuted_mnist::rate40,aligned
permuted_mnist__rate40__replay_repr__seed1,permuted_mnist,permuted_mnist,gate_reprstab,replay-gate,repr_stability,True,mlp,symmetric,0.4,rate40,1,False,0.6625,0.6625,,0.1228749999999999,-0.1228749999999999,-0.011175,0.584,,,,-0.0032930438544793,0.8214810157343542,0.8188180510401797,0.0026629646941744,True,0.8,0.0,,,,,,12.06193494796753,33.081344,535818,0.67866,-0.016160000000000063,0,permuted_mnist::rate40,aligned
permuted_mnist__rate40__replay_repr__seed2,permuted_mnist,permuted_mnist,gate_reprstab,replay-gate,repr_stability,True,mlp,symmetric,0.4,rate40,2,False,0.64624,0.64624,,0.094675,-0.094675,-0.0273999999999999,0.562,,,,-0.0035456247676068,0.8505373830417678,0.852057385378466,-0.0015200023366981,True,0.8,0.0,,,,,,12.450565814971924,33.081344,535818,0.67072,-0.024479999999999946,0,permuted_mnist::rate40,inverted
permuted_mnist__rate40__replay_stab__seed0,permuted_mnist,permuted_mnist,gate_predstab,replay-gate,pred_stability,True,mlp,symmetric,0.4,rate40,0,False,0.64242,0.64242,,0.114975,-0.114975,0.00465,0.632,,,,0.0071685861964576,0.8254959424355758,0.8228843363491253,0.0026116060864505,False,0.0,,,,,,,13.556008338928224,33.081344,535818,0.64234,7.999999999996898e-05,1,permuted_mnist::rate40,aligned
permuted_mnist__rate40__replay_stab__seed1,permuted_mnist,permuted_mnist,gate_predstab,replay-gate,pred_stability,True,mlp,symmetric,0.4,rate40,1,False,0.66038,0.66038,,0.11775,-0.11775,0.0019,0.572,,,,0.0076381401104223,0.8270309478726876,0.8258124817917353,0.0012184660809523,False,0.2,,,,,,,14.136672973632812,33.081344,535818,0.67866,-0.018280000000000074,0,permuted_mnist::rate40,aligned
permuted_mnist__rate40__replay_stab__seed2,permuted_mnist,permuted_mnist,gate_predstab,replay-gate,pred_stability,True,mlp,symmetric,0.4,rate40,2,False,0.64948,0.64948,,0.0939,-0.0939,-0.019175,0.586,,,,0.0065735629036369,0.8271713972891874,0.8267604327702691,0.0004109645189183,False,0.2,,,,,,,13.460699319839478,33.081344,535818,0.67072,-0.021240000000000037,0,permuted_mnist::rate40,aligned
permuted_mnist__rate60__replay_conf__seed0,permuted_mnist,permuted_mnist,gate_conf,replay-gate,confidence,True,mlp,symmetric,0.6,rate60,0,False,0.49074,0.49074,,0.101175,-0.101175,-0.0423749999999999,0.53,,,,0.1815876876012344,0.1903587333524979,0.133853759084932,0.0565049742675658,False,0.0,,,,,,,4.516477108001709,33.081344,535818,0.4533999999999999,0.037340000000000095,1,permuted_mnist::rate60,aligned
permuted_mnist__rate60__replay_conf__seed1,permuted_mnist,permuted_mnist,gate_conf,replay-gate,confidence,True,mlp,symmetric,0.6,rate60,1,False,0.4824199999999999,0.4824199999999999,,0.07735,-0.076125,0.001,0.494,,,,0.1921232221240542,0.2077045419295742,0.1405357729425304,0.0671687689870437,False,0.0,,,,,,,5.698137998580933,33.081344,535818,0.4844200000000001,-0.0020000000000001683,0,permuted_mnist::rate60,aligned
permuted_mnist__rate60__replay_conf__seed2,permuted_mnist,permuted_mnist,gate_conf,replay-gate,confidence,True,mlp,symmetric,0.6,rate60,2,False,0.5128199999999999,0.5128199999999999,,0.0698749999999999,-0.0669749999999999,0.00765,0.524,,,,0.1639137400382099,0.196361582001133,0.1444778454210433,0.0518837365800896,False,0.0,,,,,,,5.6327009201049805,33.081344,535818,0.47412,0.03869999999999996,1,permuted_mnist::rate60,aligned
permuted_mnist__rate60__replay_error__seed0,permuted_mnist,permuted_mnist,gate_loss,replay-gate,error,False,mlp,symmetric,0.6,rate60,0,False,0.68194,0.68194,,0.0112,0.0386249999999999,-0.0033999999999999,0.812,,,,0.641589815190349,0.4302151012476906,0.0692243578822774,0.3609907433654131,False,0.0,,,,,,,5.20055079460144,33.081344,535818,0.4533999999999999,0.22854000000000008,1,permuted_mnist::rate60,aligned
permuted_mnist__rate60__replay_error__seed1,permuted_mnist,permuted_mnist,gate_loss,replay-gate,error,False,mlp,symmetric,0.6,rate60,1,False,0.6732600000000001,0.6732600000000001,,0.031175,0.04085,0.004225,0.776,,,,0.6524716368097914,0.4563729924018967,0.0792806745346527,0.377092317867244,False,0.0,,,,,,,5.428120851516724,33.081344,535818,0.4844200000000001,0.18884,1,permuted_mnist::rate60,aligned
permuted_mnist__rate60__replay_error__seed2,permuted_mnist,permuted_mnist,gate_loss,replay-gate,error,False,mlp,symmetric,0.6,rate60,2,False,0.69174,0.69174,,0.012325,0.0346999999999999,-0.0044499999999999,0.816,,,,0.6542119090935254,0.4522335426993053,0.0720738777159369,0.3801596649833684,False,0.0,,,,,,,6.558901309967041,33.081344,535818,0.47412,0.21762000000000004,1,permuted_mnist::rate60,aligned
permuted_mnist__rate60__replay_repr__seed0,permuted_mnist,permuted_mnist,gate_reprstab,replay-gate,repr_stability,True,mlp,symmetric,0.6,rate60,0,False,0.46256,0.46256,,0.0949249999999999,-0.0949249999999999,-0.027775,0.382,,,,-0.0060851887614242,0.8278474842423283,0.8257733525798692,0.0020741316624591,True,0.8,0.0,,,,,,12.76503610610962,33.081344,535818,0.4533999999999999,0.009160000000000112,1,permuted_mnist::rate60,aligned
permuted_mnist__rate60__replay_repr__seed1,permuted_mnist,permuted_mnist,gate_reprstab,replay-gate,repr_stability,True,mlp,symmetric,0.6,rate60,1,False,0.46924,0.46924,,0.1099,-0.1099,0.0169,0.43,,,,-0.0030086307039476,0.8406953804635189,0.8411212198305293,-0.0004258393670104,True,0.8,0.0,,,,,,12.333728075027466,33.081344,535818,0.4844200000000001,-0.015180000000000082,0,permuted_mnist::rate60,inverted
permuted_mnist__rate60__replay_repr__seed2,permuted_mnist,permuted_mnist,gate_reprstab,replay-gate,repr_stability,True,mlp,symmetric,0.6,rate60,2,False,0.46996,0.46996,,0.104725,-0.104725,-0.023125,0.426,,,,-0.0043165460630823,0.842660408897089,0.8449561048341274,-0.0022956959370383,True,0.8,0.0,,,,,,12.661067008972168,33.081344,535818,0.47412,-0.004159999999999997,0,permuted_mnist::rate60,inverted
permuted_mnist__rate60__replay_stab__seed0,permuted_mnist,permuted_mnist,gate_predstab,replay-gate,pred_stability,True,mlp,symmetric,0.6,rate60,0,False,0.43116,0.43116,,0.1629499999999999,-0.1629499999999999,-0.0187999999999999,0.426,,,,-0.0003978953056501,0.8243868170834924,0.8241823046563854,0.0002045124271069,True,0.6,2.0,,,,,,12.773951292037964,33.081344,535818,0.4533999999999999,-0.022239999999999926,0,permuted_mnist::rate60,aligned
permuted_mnist__rate60__replay_stab__seed1,permuted_mnist,permuted_mnist,gate_predstab,replay-gate,pred_stability,True,mlp,symmetric,0.6,rate60,1,False,0.51212,0.51212,,0.08535,-0.077625,-0.0093249999999999,0.414,,,,4.829692329719852e-05,0.8286172483806413,0.8298059887689305,-0.0011887403882892,True,0.4,3.0,,,,,,12.711917161941528,33.081344,535818,0.4844200000000001,0.027699999999999947,1,permuted_mnist::rate60,inverted
permuted_mnist__rate60__replay_stab__seed2,permuted_mnist,permuted_mnist,gate_predstab,replay-gate,pred_stability,True,mlp,symmetric,0.6,rate60,2,False,0.476,0.476,,0.11415,-0.11415,-0.00055,0.408,,,,-0.0011541133455367,0.8318975261503933,0.832851417655743,-0.0009538915053497,True,0.8,2.0,,,,,,13.005902767181396,33.081344,535818,0.47412,0.0018799999999999928,1,permuted_mnist::rate60,inverted
permuted_mnist__rate80__replay_conf__seed0,permuted_mnist,permuted_mnist,gate_conf,replay-gate,confidence,True,mlp,symmetric,0.8,rate80,0,False,0.2271,0.2271,,0.0875,-0.08,-0.034175,0.252,,,,0.082097982180399,0.1313023236041272,0.107222362636824,0.0240799609673031,False,0.0,,,,,,,5.20160984992981,33.081344,535818,0.2439,-0.01680000000000001,0,permuted_mnist::rate80,aligned
permuted_mnist__rate80__replay_conf__seed1,permuted_mnist,permuted_mnist,gate_conf,replay-gate,confidence,True,mlp,symmetric,0.8,rate80,1,False,0.22438,0.22438,,0.0428249999999999,-0.0428249999999999,0.0057,0.18,,,,0.0484591486512203,0.1108214751805497,0.09601039051902,0.0148110846615296,False,0.0,,,,,,,4.560808181762695,33.081344,535818,0.23678,-0.012399999999999994,0,permuted_mnist::rate80,aligned
permuted_mnist__rate80__replay_conf__seed2,permuted_mnist,permuted_mnist,gate_conf,replay-gate,confidence,True,mlp,symmetric,0.8,rate80,2,False,0.24428,0.24428,,0.02965,-0.023325,-0.0027249999999999,0.266,,,,0.060996816575726,0.1315501596992918,0.1032416780823863,0.0283084816169054,False,0.0,,,,,,,5.108132362365723,33.081344,535818,0.2046199999999999,0.039660000000000084,1,permuted_mnist::rate80,aligned
permuted_mnist__rate80__replay_error__seed0,permuted_mnist,permuted_mnist,gate_loss,replay-gate,error,False,mlp,symmetric,0.8,rate80,0,False,0.35444,0.35444,,0.028075,0.0006249999999999,-0.0183249999999999,0.438,,,,0.2769855586209633,0.1842865634684886,0.0806435767128966,0.1036429867555919,False,0.0,,,,,,,4.572710514068604,33.081344,535818,0.2439,0.11053999999999997,1,permuted_mnist::rate80,aligned
permuted_mnist__rate80__replay_error__seed1,permuted_mnist,permuted_mnist,gate_loss,replay-gate,error,False,mlp,symmetric,0.8,rate80,1,False,0.3303,0.3303,,0.014925,0.016975,0.00815,0.402,,,,0.2668980646739223,0.1668630392806268,0.0629266128769012,0.1039364264037256,False,0.0,,,,,,,4.404216051101685,33.081344,535818,0.23678,0.09351999999999999,1,permuted_mnist::rate80,aligned
permuted_mnist__rate80__replay_error__seed2,permuted_mnist,permuted_mnist,gate_loss,replay-gate,error,False,mlp,symmetric,0.8,rate80,2,False,0.31732,0.31732,,0.0062999999999999,0.039325,-0.0077,0.386,,,,0.2488727054555413,0.1908939068514215,0.0739209112840018,0.1169729955674196,False,0.0,,,,,,,4.793663024902344,33.081344,535818,0.2046199999999999,0.11270000000000008,1,permuted_mnist::rate80,aligned
permuted_mnist__rate80__replay_repr__seed0,permuted_mnist,permuted_mnist,gate_reprstab,replay-gate,repr_stability,True,mlp,symmetric,0.8,rate80,0,False,0.19932,0.19932,,0.086675,-0.086675,-0.0001749999999999,0.2,,,,-0.0057514771489291,0.8373077373444751,0.8382748903910112,-0.0009671530465361,True,1.0,0.0,,,,,,13.773679733276367,33.081344,535818,0.2439,-0.04458000000000001,0,permuted_mnist::rate80,inverted
permuted_mnist__rate80__replay_repr__seed1,permuted_mnist,permuted_mnist,gate_reprstab,replay-gate,repr_stability,True,mlp,symmetric,0.8,rate80,1,False,0.23298,0.23298,,0.0339249999999999,-0.0339249999999999,0.019175,0.234,,,,-6.98035985308934e-05,0.8313730406948782,0.832399203730283,-0.0010261630354048,False,0.4,,,,,,,13.496173620224,33.081344,535818,0.23678,-0.003799999999999998,0,permuted_mnist::rate80,inverted
permuted_mnist__rate80__replay_repr__seed2,permuted_mnist,permuted_mnist,gate_reprstab,replay-gate,repr_stability,True,mlp,symmetric,0.8,rate80,2,False,0.2180199999999999,0.2180199999999999,,0.047125,-0.040925,-0.018525,0.196,,,,-0.0038888762439446,0.8401293014975644,0.8439947667036564,-0.0038654652060919,True,0.8,2.0,,,,,,13.338903427124023,33.081344,535818,0.2046199999999999,0.013399999999999995,1,permuted_mnist::rate80,inverted
permuted_mnist__rate80__replay_stab__seed0,permuted_mnist,permuted_mnist,gate_predstab,replay-gate,pred_stability,True,mlp,symmetric,0.8,rate80,0,False,0.2086999999999999,0.2086999999999999,,0.076925,-0.0728,-0.0137749999999999,0.206,,,,-0.0034196022466958,0.8339022568765536,0.8341599121636876,-0.0002576552871339,True,1.0,0.0,,,,,,12.99295973777771,33.081344,535818,0.2439,-0.03520000000000009,0,permuted_mnist::rate80,inverted
permuted_mnist__rate80__replay_stab__seed1,permuted_mnist,permuted_mnist,gate_predstab,replay-gate,pred_stability,True,mlp,symmetric,0.8,rate80,1,False,0.20782,0.20782,,0.0701499999999999,-0.0701499999999999,0.0256749999999999,0.174,,,,-0.0007096789305428,0.8339450640155922,0.8341906700048181,-0.0002456059892258,True,0.8,0.0,,,,,,12.75695514678955,33.081344,535818,0.23678,-0.028959999999999986,0,permuted_mnist::rate80,inverted
permuted_mnist__rate80__replay_stab__seed2,permuted_mnist,permuted_mnist,gate_predstab,replay-gate,pred_stability,True,mlp,symmetric,0.8,rate80,2,False,0.21166,0.21166,,0.07075,-0.07075,0.0108499999999999,0.222,,,,-0.0040232093387909,0.8329110431196415,0.8353251735939354,-0.0024141304742939,True,1.0,0.0,,,,,,12.695010900497437,33.081344,535818,0.2046199999999999,0.007040000000000074,1,permuted_mnist::rate80,inverted
split_mnist__late40__replay_conf__seed0,split_mnist,split_mnist,gate_conf,replay-gate,confidence,True,mlp,symmetric,0.4,late40,0,True,0.8436099227739252,,0.8436099227739252,0.0503884380761513,-0.0501520314567659,0.051396095013688,0.98,,,,0.0419469353199348,0.0864444561947733,0.0679416167895201,0.0185028394052532,False,0.0,,,,,,,3.362879991531372,33.086976,535818,0.8253815001229885,0.018228422650936715,1,split_mnist::late40,aligned
split_mnist__late40__replay_conf__seed1,split_mnist,split_mnist,gate_conf,replay-gate,confidence,True,mlp,symmetric,0.4,late40,1,True,0.8761226271232001,,0.8761226271232001,0.009795601750907,-0.009795601750907,0.1299291091109126,0.974,,,,0.037465428605841,0.092826365624883,0.0760957602892191,0.0167306053356638,False,0.0,,,,,,,3.2384607791900635,33.089536,535818,0.8713840892203931,0.004738537902806983,1,split_mnist::late40,aligned
split_mnist__late40__replay_conf__seed2,split_mnist,split_mnist,gate_conf,replay-gate,confidence,True,mlp,symmetric,0.4,late40,2,True,0.8671638591318345,,0.8671638591318345,0.0679334283557287,-0.0675788184266507,0.1205514459717488,0.988,,,,0.0409653638102678,0.0975537438120434,0.0722776240844706,0.0252761197275728,False,0.0,,,,,,,3.4105772972106934,33.089536,535818,0.8661404895344151,0.0010233695974193324,1,split_mnist::late40,aligned
split_mnist__late40__replay_error__seed0,split_mnist,split_mnist,gate_loss,replay-gate,error,False,mlp,symmetric,0.4,late40,0,True,0.8896975842549468,,0.8896975842549468,0.0022653491070725,0.0042651159211748,0.0610469520560155,0.892,,,,0.2257919158034979,0.7983386129712203,0.6082817033456657,0.1900569096255546,False,0.0,,,,,,,3.345710277557373,33.089536,535818,0.8253815001229885,0.06431608413195833,1,split_mnist::late40,aligned
split_mnist__late40__replay_error__seed1,split_mnist,split_mnist,gate_loss,replay-gate,error,False,mlp,symmetric,0.4,late40,1,True,0.8805684055104731,,0.8805684055104731,0.0122607655296779,-0.0121425622199853,0.0897360260538903,0.894,,,,0.2428888581883703,0.8159579455685784,0.5837112415077843,0.232246704060794,False,0.0,,,,,,,3.3144524097442627,33.089536,535818,0.8713840892203931,0.009184316290079986,1,split_mnist::late40,aligned
split_mnist__late40__replay_error__seed2,split_mnist,split_mnist,gate_loss,replay-gate,error,False,mlp,symmetric,0.4,late40,2,True,0.8736451958889843,,0.8736451958889843,0.0202975877937741,-0.0202975877937741,0.0861412903824783,0.888,,,,0.2065788992101307,0.7905323755496747,0.6338981514414984,0.1566342241081763,False,0.0,,,,,,,3.145177364349365,33.089536,535818,0.8661404895344151,0.007504706354569124,1,split_mnist::late40,aligned
split_mnist__late40__replay_repr__seed0,split_mnist,split_mnist,gate_reprstab,replay-gate,repr_stability,True,mlp,symmetric,0.4,late40,0,True,0.8609018421101251,,0.8609018421101251,0.0042242129660343,0.0189302441200933,0.0061049293272747,0.83,,,,-0.0048558794664507,0.8526618682436293,0.8532075891360095,-0.0005457208923801,True,1.0,3.0,,,,,,7.121790409088135,33.089536,535818,0.8253815001229885,0.035520341987136606,1,split_mnist::late40,inverted
split_mnist__late40__replay_repr__seed1,split_mnist,split_mnist,gate_reprstab,replay-gate,repr_stability,True,mlp,symmetric,0.4,late40,1,True,0.8452466366462765,,0.8452466366462765,0.0822293139435934,-0.0492484478811564,0.0763304617775652,0.792,,,,0.0037918162245451,0.8472167644400788,0.8463138082217257,0.000902956218353,False,0.0,,,,,,,7.064110040664673,33.089536,535818,0.8713840892203931,-0.026137452574116593,0,split_mnist::late40,aligned
split_mnist__late40__replay_repr__seed2,split_mnist,split_mnist,gate_reprstab,replay-gate,repr_stability,True,mlp,symmetric,0.4,late40,2,True,0.8933468093412251,,0.8933468093412251,0.0200113519748025,-0.0198931486651099,0.1135535461026087,0.826,,,,0.0022206110720602,0.8498658480482882,0.8499430413446091,-7.719329632083216e-05,False,0.5,,,,,,,7.534553050994873,33.089536,535818,0.8661404895344151,0.027206319806809987,1,split_mnist::late40,inverted
split_mnist__late40__replay_stab__seed0,split_mnist,split_mnist,gate_predstab,replay-gate,pred_stability,True,mlp,symmetric,0.4,late40,0,True,0.8153672986811161,,0.8153672986811161,0.0546282600602371,-0.0543918534408518,-0.0076617772314714,0.82,,,,-0.0001240706688487,0.842815975397303,0.84267755875994,0.000138416637363,False,0.5,,,,,,,9.217471599578856,33.089536,535818,0.8253815001229885,-0.010014201441872372,0,split_mnist::late40,aligned
split_mnist__late40__replay_stab__seed1,split_mnist,split_mnist,gate_predstab,replay-gate,pred_stability,True,mlp,symmetric,0.4,late40,1,True,0.8721350552870559,,0.8721350552870559,0.0495761656114934,-0.0492215556824154,0.0721291243273508,0.84,,,,0.0003050700345617,0.8431948718210134,0.8429126662592734,0.0002822055617399,False,0.0,,,,,,,9.9836688041687,33.089536,535818,0.8713840892203931,0.000750966066662806,1,split_mnist::late40,aligned
split_mnist__late40__replay_stab__seed2,split_mnist,split_mnist,gate_predstab,replay-gate,pred_stability,True,mlp,symmetric,0.4,late40,2,True,0.8662733909063094,,0.8662733909063094,0.0486730977044931,-0.0486730977044931,0.0684123477958773,0.85,,,,7.430597085264219e-05,0.8425775734403711,0.8426988997508141,-0.000121326310443,False,0.5,,,,,,,8.552958250045776,33.089536,535818,0.8661404895344151,0.00013290137189425622,1,split_mnist::late40,inverted
split_mnist__mixed40__replay_conf__seed0,split_mnist,split_mnist,gate_conf,replay-gate,confidence,True,mlp,symmetric,0.4,mixed40,0,True,0.7479812117795387,,0.7479812117795387,0.1238772005718608,-0.1233874846071203,-0.0591444475938576,0.94,,,,0.0617814238093244,0.0834049681945329,0.0677753696157936,0.0156295985787393,False,0.0,,,,,,,3.080662488937378,33.089536,535818,0.7825366292834273,-0.034555417503888575,0,split_mnist::mixed40,aligned
split_mnist__mixed40__replay_conf__seed1,split_mnist,split_mnist,gate_conf,replay-gate,confidence,True,mlp,symmetric,0.4,mixed40,1,True,0.794069118826252,,0.794069118826252,0.1033699152403488,-0.0902493478644623,-0.023518343446082,0.954,,,,0.0542237156872037,0.0907723955012655,0.074073579743184,0.0166988157580815,False,0.0,,,,,,,3.888354539871216,33.086976,535818,0.7714826734865017,0.022586445339750294,1,split_mnist::mixed40,aligned
split_mnist__mixed40__replay_conf__seed2,split_mnist,split_mnist,gate_conf,replay-gate,confidence,True,mlp,symmetric,0.4,mixed40,2,True,0.7507033862875094,,0.7507033862875094,0.1413406051418879,-0.1198276027778217,-0.0363390030169659,0.942,,,,0.0587971857839245,0.1003645372368425,0.0762397023598093,0.0241248348770331,False,0.0,,,,,,,3.3636040687561035,33.086976,535818,0.786249553339493,-0.035546167051983546,0,split_mnist::mixed40,aligned
split_mnist__mixed40__replay_error__seed0,split_mnist,split_mnist,gate_loss,replay-gate,error,False,mlp,symmetric,0.4,mixed40,0,True,0.8340690210579934,,0.8340690210579934,0.0215365585575083,-0.0046736012292815,-0.143554727483147,0.838,,,,0.3538353572521062,0.7939293050711808,0.6172404264751807,0.176688878596,False,0.0,,,,,,,3.684075117111206,33.089536,535818,0.7825366292834273,0.051532391774566144,1,split_mnist::mixed40,aligned
split_mnist__mixed40__replay_error__seed1,split_mnist,split_mnist,gate_loss,replay-gate,error,False,mlp,symmetric,0.4,mixed40,1,True,0.8248238153785172,,0.8248238153785172,0.0660543567330691,-0.0660543567330691,0.0539703866229175,0.834,,,,0.3963761258161291,0.812679121243617,0.5921112139838006,0.2205679072598163,False,0.0,,,,,,,3.59044885635376,33.089536,535818,0.7714826734865017,0.05334114189201555,1,split_mnist::mixed40,aligned
split_mnist__mixed40__replay_error__seed2,split_mnist,split_mnist,gate_loss,replay-gate,error,False,mlp,symmetric,0.4,mixed40,2,True,0.8494711709052252,,0.8494711709052252,0.0244193978685608,-0.0169977564446714,0.0563723862182902,0.854,,,,0.4030026432933452,0.7942025108836949,0.6128018481227498,0.181400662760945,False,0.0,,,,,,,3.301419973373413,33.089536,535818,0.786249553339493,0.06322161756573219,1,split_mnist::mixed40,aligned
split_mnist__mixed40__replay_repr__seed0,split_mnist,split_mnist,gate_reprstab,replay-gate,repr_stability,True,mlp,symmetric,0.4,mixed40,0,True,0.7911116112415412,,0.7911116112415412,0.058577475697251,-0.0488389484827366,-0.0632209739536667,0.79,,,,-0.0007241436270077,0.8207954290860328,0.8200045449354807,0.000790884150552,False,0.6666666666666666,,,,,,,8.154401063919067,33.089536,535818,0.7825366292834273,0.008574981958113903,1,split_mnist::mixed40,aligned
split_mnist__mixed40__replay_repr__seed1,split_mnist,split_mnist,gate_reprstab,replay-gate,repr_stability,True,mlp,symmetric,0.4,mixed40,1,True,0.7539315324704603,,0.7539315324704603,0.1096697771790905,-0.1094249191967203,0.0506675952243564,0.748,,,,-0.0003091595284216,0.8465758882713443,0.8474183742246773,-0.0008424859533329,False,0.6666666666666666,,,,,,,8.06951117515564,33.089536,535818,0.7714826734865017,-0.017551141016041383,0,split_mnist::mixed40,inverted
split_mnist__mixed40__replay_repr__seed2,split_mnist,split_mnist,gate_reprstab,replay-gate,repr_stability,True,mlp,symmetric,0.4,mixed40,2,True,0.7719162477720645,,0.7719162477720645,0.072016433276335,-0.0635057949784627,0.0439563413192774,0.718,,,,0.0007699133738921,0.839688191978269,0.8377853596747047,0.0019028323035643,False,0.3333333333333333,,,,,,,8.319214582443237,33.089536,535818,0.786249553339493,-0.014333305567428511,0,split_mnist::mixed40,aligned
split_mnist__mixed40__replay_stab__seed0,split_mnist,split_mnist,gate_predstab,replay-gate,pred_stability,True,mlp,symmetric,0.4,mixed40,0,True,0.7920753042888238,,0.7920753042888238,0.0509746882459974,-0.0377676444893271,-0.0550806586206889,0.722,,,,3.5293290518941155e-05,0.8428353996860246,0.8427793344980975,5.606518792711235e-05,False,0.3333333333333333,,,,,,,9.077670335769652,33.089536,535818,0.7825366292834273,0.009538675005396513,1,split_mnist::mixed40,aligned
split_mnist__mixed40__replay_stab__seed1,split_mnist,split_mnist,gate_predstab,replay-gate,pred_stability,True,mlp,symmetric,0.4,mixed40,1,True,0.7624305622321749,,0.7624305622321749,0.0933577115583386,-0.0926231376112279,0.0482165863411063,0.756,,,,0.0004679859492263,0.8431939556259238,0.8428610254133299,0.0003329302125939,False,0.0,,,,,,,9.59960389137268,33.089536,535818,0.7714826734865017,-0.009052111254326811,0,split_mnist::mixed40,aligned
split_mnist__mixed40__replay_stab__seed2,split_mnist,split_mnist,gate_predstab,replay-gate,pred_stability,True,mlp,symmetric,0.4,mixed40,2,True,0.7652161581623753,,0.7652161581623753,0.1126996901856291,-0.1126996901856291,0.0781057722643894,0.748,,,,-0.000143973038597,0.8418756222015603,0.8420469459467619,-0.0001713237452015,False,0.6666666666666666,,,,,,,9.32347536087036,33.089536,535818,0.786249553339493,-0.021033395177117664,0,split_mnist::mixed40,inverted
split_mnist__rate20__replay_conf__seed0,split_mnist,split_mnist,gate_conf,replay-gate,confidence,True,mlp,symmetric,0.2,rate20,0,True,0.8724977029509084,,0.8724977029509084,0.1078845803346853,-0.1078845803346853,-0.0339624884150479,0.836,,,,0.1528015772137433,0.2756684206048643,0.1903454187429613,0.0853230018619029,False,0.0,,,,,,,3.197260618209839,33.089536,535818,0.8717825308948935,0.0007151720560149011,1,split_mnist::rate20,aligned
split_mnist__rate20__replay_conf__seed1,split_mnist,split_mnist,gate_conf,replay-gate,confidence,True,mlp,symmetric,0.2,rate20,1,True,0.8744828899265883,,0.8744828899265883,0.0948179555532965,-0.0948179555532965,-0.0461235558382453,0.834,,,,0.1444605170215391,0.3011734707915079,0.1998086561784749,0.1013648146130329,False,0.0,,,,,,,3.166402816772461,33.089536,535818,0.8609360312438401,0.013546858682748186,1,split_mnist::rate20,aligned
split_mnist__rate20__replay_conf__seed2,split_mnist,split_mnist,gate_conf,replay-gate,confidence,True,mlp,symmetric,0.2,rate20,2,True,0.9046869747660744,,0.9046869747660744,0.0713749756411782,-0.0713749756411782,0.0513570420697155,0.854,,,,0.148808231417613,0.2954426929541334,0.1830059362176108,0.1124367567365225,False,0.0,,,,,,,3.367694139480591,33.089536,535818,0.8690186817454014,0.03566829302067298,1,split_mnist::rate20,aligned
split_mnist__rate20__replay_error__seed0,split_mnist,split_mnist,gate_loss,replay-gate,error,False,mlp,symmetric,0.2,rate20,0,True,0.9652161036784688,,0.9652161036784688,0.0036306129206289,0.0062397092691496,-0.0491583418740477,0.952,,,,0.9150614078929948,0.8945179861997128,0.3038508192688744,0.5906671669308383,False,0.0,,,,,,,3.399280309677124,33.089536,535818,0.8717825308948935,0.09343357278357522,1,split_mnist::rate20,aligned
split_mnist__rate20__replay_error__seed1,split_mnist,split_mnist,gate_loss,replay-gate,error,False,mlp,symmetric,0.2,rate20,1,True,0.946708574067646,,0.946708574067646,0.0056690321778252,0.0126807716574169,0.0658284067316337,0.926,,,,0.914371324933756,0.8967354526151403,0.311939296980905,0.5847961556342354,False,0.0,,,,,,,3.437502145767212,33.089536,535818,0.8609360312438401,0.08577254282380586,1,split_mnist::rate20,aligned
split_mnist__rate20__replay_error__seed2,split_mnist,split_mnist,gate_loss,replay-gate,error,False,mlp,symmetric,0.2,rate20,2,True,0.9598617493843816,,0.9598617493843816,0.016057770341324,-0.0129531435968742,0.0059707226803547,0.93,,,,0.9085191229932272,0.8978532551188809,0.3128841460714981,0.5849691090473828,False,0.0,,,,,,,3.2543678283691406,33.089536,535818,0.8690186817454014,0.0908430676389802,1,split_mnist::rate20,aligned
split_mnist__rate20__replay_repr__seed0,split_mnist,split_mnist,gate_reprstab,replay-gate,repr_stability,True,mlp,symmetric,0.2,rate20,0,True,0.8708600231451891,,0.8708600231451891,0.1076398095323646,-0.1076398095323646,-0.0491794709186464,0.808,,,,-0.0018163220610994,0.8455662225840774,0.8466090953724396,-0.0010428727883621,True,1.0,0.0,,,,,,9.555489778518677,33.089536,535818,0.8717825308948935,-0.000922507749704482,0,split_mnist::rate20,inverted
split_mnist__rate20__replay_repr__seed1,split_mnist,split_mnist,gate_reprstab,replay-gate,repr_stability,True,mlp,symmetric,0.2,rate20,1,True,0.8990658393721598,,0.8990658393721598,0.0534353199571039,-0.0534353199571039,0.0239765184240315,0.826,,,,-0.0013314050337299,0.8337996201048621,0.8341684326446256,-0.0003688125397635,True,1.0,0.0,,,,,,8.89447546005249,33.089536,535818,0.8609360312438401,0.038129808128319675,1,split_mnist::rate20,inverted
split_mnist__rate20__replay_repr__seed2,split_mnist,split_mnist,gate_reprstab,replay-gate,repr_stability,True,mlp,symmetric,0.2,rate20,2,True,0.9034652536399076,,0.9034652536399076,0.0793532126185667,-0.0793532126185667,0.1315032846786691,0.812,,,,-0.0013922274454387,0.8559669282355133,0.8568517978786684,-0.000884869643155,True,1.0,0.0,,,,,,8.488020658493042,33.089536,535818,0.8690186817454014,0.03444657189450617,1,split_mnist::rate20,inverted
split_mnist__rate20__replay_stab__seed0,split_mnist,split_mnist,gate_predstab,replay-gate,pred_stability,True,mlp,symmetric,0.2,rate20,0,True,0.8444896664349727,,0.8444896664349727,0.1285985488352185,-0.1285985488352185,-0.0077719415874984,0.8,,,,0.0017644168814755,0.843274278338469,0.8423740689953169,0.0009002093431521,False,0.0,,,,,,,9.195491552352903,33.089536,535818,0.8717825308948935,-0.02729286445992085,0,split_mnist::rate20,aligned
split_mnist__rate20__replay_stab__seed1,split_mnist,split_mnist,gate_predstab,replay-gate,pred_stability,True,mlp,symmetric,0.2,rate20,1,True,0.8567816131004431,,0.8567816131004431,0.107007705847069,-0.107007705847069,0.0066364978701593,0.79,,,,0.0017927542416246,0.8428470662294542,0.841704083240084,0.0011429829893702,False,0.0,,,,,,,9.769325256347656,33.089536,535818,0.8609360312438401,-0.0041544181433970095,0,split_mnist::rate20,aligned
split_mnist__rate20__replay_stab__seed2,split_mnist,split_mnist,gate_predstab,replay-gate,pred_stability,True,mlp,symmetric,0.2,rate20,2,True,0.886869282499218,,0.886869282499218,0.0971153166513787,-0.0958910267395276,-0.009751086395963,0.822,,,,0.0015615591290617,0.8422556390943918,0.8417667271627074,0.0004889119316844,False,0.0,,,,,,,9.664560794830322,33.089536,535818,0.8690186817454014,0.017850600753816614,1,split_mnist::rate20,aligned
split_mnist__rate40__replay_conf__seed0,split_mnist,split_mnist,gate_conf,replay-gate,confidence,True,mlp,symmetric,0.4,rate40,0,True,0.659998511710947,,0.659998511710947,0.0996114517084194,-0.0828024869272028,-0.1430186965690979,0.686,,,,0.1023422613651703,0.0988386121158641,0.0744402109068856,0.0243984012089785,False,0.0,,,,,,,3.2182366847991943,33.089536,535818,0.6081398343246456,0.051858677386301455,1,split_mnist::rate40,aligned
split_mnist__rate40__replay_conf__seed1,split_mnist,split_mnist,gate_conf,replay-gate,confidence,True,mlp,symmetric,0.4,rate40,1,True,0.6896197060001912,,0.6896197060001912,0.0731061567551875,-0.0680234144384027,-0.0111023868696306,0.664,,,,0.0964766367516098,0.0927557707784954,0.073466248291908,0.0192895224865873,False,0.0,,,,,,,3.228333711624145,33.089536,535818,0.6548466577626542,0.03477304823753702,1,split_mnist::rate40,aligned
split_mnist__rate40__replay_conf__seed2,split_mnist,split_mnist,gate_conf,replay-gate,confidence,True,mlp,symmetric,0.4,rate40,2,True,0.617757803835141,,0.617757803835141,0.187701576890751,-0.187701576890751,-0.0313153768185706,0.63,,,,0.1057538899783731,0.0921013774816629,0.0704443512508505,0.0216570262308124,False,0.0,,,,,,,3.2702081203460693,33.089536,535818,0.6804595397575841,-0.0627017359224431,0,split_mnist::rate40,aligned
split_mnist__rate40__replay_error__seed0,split_mnist,split_mnist,gate_loss,replay-gate,error,False,mlp,symmetric,0.4,rate40,0,True,0.7436996920072944,,0.7436996920072944,0.0753323183641891,0.0254128671716424,-0.0152747842263339,0.716,,,,0.6213479011991414,0.7969215325408345,0.6180920385730947,0.1788294939677398,False,0.0,,,,,,,3.7067253589630127,33.089536,535818,0.6081398343246456,0.13555985768264878,1,split_mnist::rate40,aligned
split_mnist__rate40__replay_error__seed1,split_mnist,split_mnist,gate_loss,replay-gate,error,False,mlp,symmetric,0.4,rate40,1,True,0.7239809249759808,,0.7239809249759808,0.0633177396722264,-0.0381162311695145,0.0393841845789015,0.712,,,,0.6392227256296161,0.81364930841171,0.5843407763128453,0.2293085320988647,False,0.0,,,,,,,3.345313787460327,33.089536,535818,0.6548466577626542,0.0691342672133266,1,split_mnist::rate40,aligned
split_mnist__rate40__replay_error__seed2,split_mnist,split_mnist,gate_loss,replay-gate,error,False,mlp,symmetric,0.4,rate40,2,True,0.7413023428852583,,0.7413023428852583,0.0476257649616007,-0.040021709465336,0.0403872851136704,0.678,,,,0.6231679788385251,0.7949613038869604,0.6226336817912455,0.1723276220957149,False,0.0,,,,,,,3.384672880172729,33.089536,535818,0.6804595397575841,0.060842803127674205,1,split_mnist::rate40,aligned
split_mnist__rate40__replay_repr__seed0,split_mnist,split_mnist,gate_reprstab,replay-gate,repr_stability,True,mlp,symmetric,0.4,rate40,0,True,0.6422210659503271,,0.6422210659503271,0.1095754475360284,-0.0979943800637222,-0.0956664280435717,0.59,,,,-0.0012680062467294,0.8558433074922666,0.8561268881233922,-0.0002835806311256,True,1.0,0.0,,,,,,8.682628631591797,33.089536,535818,0.6081398343246456,0.03408123162568155,1,split_mnist::rate40,inverted
split_mnist__rate40__replay_repr__seed1,split_mnist,split_mnist,gate_reprstab,replay-gate,repr_stability,True,mlp,symmetric,0.4,rate40,1,True,0.6758682069955515,,0.6758682069955515,0.0760141017106895,-0.0760141017106895,0.0059622839786607,0.596,,,,-0.0002331965443897,0.860316877913842,0.8606425234123094,-0.0003256454984673,True,0.6,0.0,,,,,,9.225990056991575,33.089536,535818,0.6548466577626542,0.02102154923289734,1,split_mnist::rate40,inverted
split_mnist__rate40__replay_repr__seed2,split_mnist,split_mnist,gate_reprstab,replay-gate,repr_stability,True,mlp,symmetric,0.4,rate40,2,True,0.6301672124962665,,0.6301672124962665,0.1563614711936563,-0.1318756729566338,-0.0156383599479226,0.614,,,,-0.0012802248046686,0.851518628852262,0.8519867821152876,-0.0004681532630255,True,1.0,0.0,,,,,,8.944023847579956,33.089536,535818,0.6804595397575841,-0.050292327261317604,0,split_mnist::rate40,inverted
split_mnist__rate40__replay_stab__seed0,split_mnist,split_mnist,gate_predstab,replay-gate,pred_stability,True,mlp,symmetric,0.4,rate40,0,True,0.6279222418080196,,0.6279222418080196,0.1267916590479184,-0.1215888842346846,-0.011049350030715,0.58,,,,1.4522351702858229e-05,0.8440988588900793,0.8440297523914172,6.910649866209706e-05,True,0.6,2.0,,,,,,9.33798861503601,33.089536,535818,0.6081398343246456,0.01978240748337401,1,split_mnist::rate40,aligned
split_mnist__rate40__replay_stab__seed1,split_mnist,split_mnist,gate_predstab,replay-gate,pred_stability,True,mlp,symmetric,0.4,rate40,1,True,0.66518006822917,,0.66518006822917,0.0662514039232262,-0.0576813745402683,0.0445173538812642,0.6,,,,0.0002393473386066,0.844085775095473,0.8439516935881597,0.0001340815073133,False,0.2,,,,,,,9.231730461120604,33.089536,535818,0.6548466577626542,0.010333410466515813,1,split_mnist::rate40,aligned
split_mnist__rate40__replay_stab__seed2,split_mnist,split_mnist,gate_predstab,replay-gate,pred_stability,True,mlp,symmetric,0.4,rate40,2,True,0.6455394403438983,,0.6455394403438983,0.1680473465106888,-0.1679249175195036,0.0356157709676705,0.612,,,,-0.0002119346775895,0.842487600703622,0.8426246839329972,-0.0001370832293751,False,0.6,,,,,,,9.481873273849487,33.089536,535818,0.6804595397575841,-0.03492009941368579,0,split_mnist::rate40,inverted
split_mnist__rate60__replay_conf__seed0,split_mnist,split_mnist,gate_conf,replay-gate,confidence,True,mlp,symmetric,0.6,rate60,0,True,0.3228624225221733,,0.3228624225221733,0.1921808178496458,0.0773518743884617,-0.0126520156682995,0.336,,,,-0.1071494563414853,0.0677241559683446,0.0886222783091144,-0.0208981223407697,True,1.0,0.0,,,,,,3.284975290298462,33.089536,535818,0.3233654206432282,-0.0005029981210549206,0,split_mnist::rate60,inverted
split_mnist__rate60__replay_conf__seed1,split_mnist,split_mnist,gate_conf,replay-gate,confidence,True,mlp,symmetric,0.6,rate60,1,True,0.4158755471524057,,0.4158755471524057,0.0784400375820019,0.1178474000115032,0.003461368697166,0.38,,,,-0.0951036673559383,0.0678818846166585,0.0832667314265078,-0.0153848468098493,True,1.0,0.0,,,,,,3.276646852493286,33.089536,535818,0.3189298790150996,0.0969456681373061,1,split_mnist::rate60,inverted
split_mnist__rate60__replay_conf__seed2,split_mnist,split_mnist,gate_conf,replay-gate,confidence,True,mlp,symmetric,0.6,rate60,2,True,0.3559292237441,,0.3559292237441,0.1393303511761408,0.1332020886177292,0.0517599809157003,0.338,,,,-0.0918134575270905,0.0759589447671457,0.0936585654828323,-0.0176996207156865,True,1.0,0.0,,,,,,3.0471885204315186,33.089536,535818,0.3491351517877671,0.006794071956332914,1,split_mnist::rate60,inverted
split_mnist__rate60__replay_error__seed0,split_mnist,split_mnist,gate_loss,replay-gate,error,False,mlp,symmetric,0.6,rate60,0,True,0.2636637322898009,,0.2636637322898009,0.218344823217011,-0.0139780823011174,-0.0749698322060854,0.35,,,,-0.6388780551850959,0.616613380548255,0.7995692144354034,-0.1829558338871484,True,1.0,0.0,,,,,,3.529289484024048,33.089536,535818,0.3233654206432282,-0.05970168835342732,0,split_mnist::rate60,inverted
split_mnist__rate60__replay_error__seed1,split_mnist,split_mnist,gate_loss,replay-gate,error,False,mlp,symmetric,0.6,rate60,1,True,0.2448804883166982,,0.2448804883166982,0.2405517209830854,-0.0410878911498884,0.0271679367480837,0.32,,,,-0.6217493115116463,0.6167579330611184,0.7963589709337491,-0.1796010378726307,True,1.0,0.0,,,,,,3.473683834075928,33.089536,535818,0.3189298790150996,-0.07404939069840141,0,split_mnist::rate60,inverted
split_mnist__rate60__replay_error__seed2,split_mnist,split_mnist,gate_loss,replay-gate,error,False,mlp,symmetric,0.6,rate60,2,True,0.3222012093627521,,0.3222012093627521,0.0650284381277265,0.0775116462759343,-0.0732148006484576,0.33,,,,-0.6149157491918463,0.614706614379431,0.7971298782361422,-0.1824232638567112,True,1.0,0.0,,,,,,3.503939151763916,33.089536,535818,0.3491351517877671,-0.02693394242501501,0,split_mnist::rate60,inverted
split_mnist__rate60__replay_repr__seed0,split_mnist,split_mnist,gate_reprstab,replay-gate,repr_stability,True,mlp,symmetric,0.6,rate60,0,True,0.3570823152585369,,0.3570823152585369,0.171827187422592,0.1507982548012464,-0.028624761257021,0.424,,,,0.0004041605879083,0.8504536981781146,0.8501377829957524,0.0003159151823621,False,0.2,,,,,,,8.519294500350952,33.089536,535818,0.3233654206432282,0.03371689461530869,1,split_mnist::rate60,aligned
split_mnist__rate60__replay_repr__seed1,split_mnist,split_mnist,gate_reprstab,replay-gate,repr_stability,True,mlp,symmetric,0.6,rate60,1,True,0.3241238815996122,,0.3241238815996122,0.2314940685877954,0.0600882481091978,0.0748322885127603,0.376,,,,0.0006146092684149,0.8510970543460412,0.8501513362551729,0.0009457180908682,False,0.2,,,,,,,8.503499031066895,33.089536,535818,0.3189298790150996,0.00519400258451258,1,split_mnist::rate60,aligned
split_mnist__rate60__replay_repr__seed2,split_mnist,split_mnist,gate_reprstab,replay-gate,repr_stability,True,mlp,symmetric,0.6,rate60,2,True,0.3520627917338544,,0.3520627917338544,0.1466777773642649,0.0895644626685176,0.0344130924306884,0.442,,,,0.0005232292930363,0.855709239567789,0.854921662078505,0.000787577489284,False,0.2,,,,,,,8.144457817077637,33.089536,535818,0.3491351517877671,0.0029276399460873015,1,split_mnist::rate60,aligned
split_mnist__rate60__replay_stab__seed0,split_mnist,split_mnist,gate_predstab,replay-gate,pred_stability,True,mlp,symmetric,0.6,rate60,0,True,0.3283678175888119,,0.3283678175888119,0.207439649595187,0.1068039494945534,-0.0172902323482259,0.38,,,,0.0001149850692994,0.8438089510822553,0.8435811311400906,0.0002278199421646,True,0.6,1.0,,,,,,8.80663800239563,33.089536,535818,0.3233654206432282,0.005002396945583687,1,split_mnist::rate60,aligned
split_mnist__rate60__replay_stab__seed1,split_mnist,split_mnist,gate_predstab,replay-gate,pred_stability,True,mlp,symmetric,0.6,rate60,1,True,0.309478160799068,,0.309478160799068,0.1583574164584033,0.0258187923091596,0.0076540829162132,0.402,,,,-0.0001687827630582,0.8444220774462728,0.8443950797617435,2.6997684529295185e-05,True,0.4,2.0,,,,,,9.318174600601196,33.089536,535818,0.3189298790150996,-0.009451718216031635,0,split_mnist::rate60,aligned
split_mnist__rate60__replay_stab__seed2,split_mnist,split_mnist,gate_predstab,replay-gate,pred_stability,True,mlp,symmetric,0.6,rate60,2,True,0.3385694324234002,,0.3385694324234002,0.1393269471160499,-0.0121055417493967,0.0320525128990985,0.404,,,,-0.0003165956832044,0.8431743410500613,0.8435924909250877,-0.0004181498750264,True,0.6,2.0,,,,,,9.117215871810911,33.089536,535818,0.3491351517877671,-0.010565719364366899,0,split_mnist::rate60,inverted
split_mnist__rate80__replay_conf__seed0,split_mnist,split_mnist,gate_conf,replay-gate,confidence,True,mlp,symmetric,0.8,rate80,0,True,0.1149161014713786,,0.1149161014713786,0.3115829549152186,0.092044116353808,-0.0840042206595747,0.17,,,,-0.1539834248854871,0.1822883316639624,0.2823974513968586,-0.1001091197328961,True,1.0,0.0,,,,,,3.251621723175049,33.089536,535818,0.137189284008116,-0.022273182536737407,0,split_mnist::rate80,inverted
split_mnist__rate80__replay_conf__seed1,split_mnist,split_mnist,gate_conf,replay-gate,confidence,True,mlp,symmetric,0.8,rate80,1,True,0.1770543884773912,,0.1770543884773912,0.2610480724504233,0.1535304467412157,0.0520203588697984,0.172,,,,-0.1581341328201829,0.1860395330046497,0.2665353534062736,-0.0804958204016238,True,1.0,0.0,,,,,,3.177403688430786,33.089536,535818,0.1377644965903885,0.03928989188700269,1,split_mnist::rate80,inverted
split_mnist__rate80__replay_conf__seed2,split_mnist,split_mnist,gate_conf,replay-gate,confidence,True,mlp,symmetric,0.8,rate80,2,True,0.1157199496919744,,0.1157199496919744,0.2854213292701247,0.0618809573006232,0.0153823151828319,0.19,,,,-0.140325877611755,0.1851516455829495,0.2789909737677568,-0.0938393281848073,True,1.0,0.0,,,,,,3.199798822402954,33.089536,535818,0.1350437772551943,-0.019323827563219917,0,split_mnist::rate80,inverted
split_mnist__rate80__replay_error__seed0,split_mnist,split_mnist,gate_loss,replay-gate,error,False,mlp,symmetric,0.8,rate80,0,True,0.0414301530853997,,0.0414301530853997,0.3353978761374279,-0.0049061193460728,-0.1162212006360771,0.072,,,,-0.9107779200231114,0.2972564721492678,0.8952605195337422,-0.5980040473844743,True,1.0,0.0,,,,,,3.739928960800171,33.089536,535818,0.137189284008116,-0.0957591309227163,0,split_mnist::rate80,inverted
split_mnist__rate80__replay_error__seed1,split_mnist,split_mnist,gate_loss,replay-gate,error,False,mlp,symmetric,0.8,rate80,1,True,0.0333167681877349,,0.0333167681877349,0.3725642717915914,-0.0221281504342751,0.0137418082153501,0.06,,,,-0.9041558749390456,0.2981730453796764,0.891832925027048,-0.5936598796473715,True,1.0,0.0,,,,,,3.597723960876465,33.089536,535818,0.1377644965903885,-0.1044477284026536,0,split_mnist::rate80,inverted
split_mnist__rate80__replay_error__seed2,split_mnist,split_mnist,gate_loss,replay-gate,error,False,mlp,symmetric,0.8,rate80,2,True,0.0369592307972388,,0.0369592307972388,0.3222463627062668,0.0013441761964154,-0.020928108179476,0.058,,,,-0.9122434206162692,0.3190518566560852,0.8962491113805938,-0.5771972547245086,True,1.0,0.0,,,,,,3.42957091331482,33.089536,535818,0.1350437772551943,-0.09808454645795552,0,split_mnist::rate80,inverted
split_mnist__rate80__replay_repr__seed0,split_mnist,split_mnist,gate_reprstab,replay-gate,repr_stability,True,mlp,symmetric,0.8,rate80,0,True,0.1249655075780652,,0.1249655075780652,0.3189869395875795,0.1009053596996731,-0.0670160339494316,0.186,,,,0.0013130842881544,0.848079477504767,0.8466538873389352,0.0014255901658317,False,0.2,,,,,,,8.288149356842041,33.089536,535818,0.137189284008116,-0.012223776430050806,0,split_mnist::rate80,aligned
split_mnist__rate80__replay_repr__seed1,split_mnist,split_mnist,gate_reprstab,replay-gate,repr_stability,True,mlp,symmetric,0.8,rate80,1,True,0.112286091615362,,0.112286091615362,0.3048634503417329,0.0655168717199839,0.023662160475622,0.202,,,,0.0014163659756132,0.8439474453438902,0.8429586107182847,0.0009888346256055,False,0.2,,,,,,,8.187889099121094,33.089536,535818,0.1377644965903885,-0.0254784049750265,0,split_mnist::rate80,aligned
split_mnist__rate80__replay_repr__seed2,split_mnist,split_mnist,gate_reprstab,replay-gate,repr_stability,True,mlp,symmetric,0.8,rate80,2,True,0.1186054940862693,,0.1186054940862693,0.2346584554976012,0.0819869503161488,-0.0633845973102195,0.192,,,,0.0020808269060063,0.8440444089230534,0.842330804732421,0.0017136041906324,False,0.2,,,,,,,7.986455678939819,33.089536,535818,0.1350437772551943,-0.01643828316892501,0,split_mnist::rate80,aligned
split_mnist__rate80__replay_stab__seed0,split_mnist,split_mnist,gate_predstab,replay-gate,pred_stability,True,mlp,symmetric,0.8,rate80,0,True,0.1184705987657909,,0.1184705987657909,0.2988238270015041,0.0903063162836817,-0.0977949973947763,0.198,,,,-0.0019618019176749,0.8419663335200603,0.8427860277620018,-0.0008196942419415,True,1.0,0.0,,,,,,8.951963424682617,33.089536,535818,0.137189284008116,-0.018718685242325103,0,split_mnist::rate80,inverted
split_mnist__rate80__replay_stab__seed1,split_mnist,split_mnist,gate_predstab,replay-gate,pred_stability,True,mlp,symmetric,0.8,rate80,1,True,0.1046377466081819,,0.1046377466081819,0.363001825172018,0.0673162385950947,0.0606287687456596,0.192,,,,-0.0025363880578995,0.8401697993170719,0.8417078481616672,-0.0015380488445952,True,0.8,1.0,,,,,,9.302826881408691,33.089536,535818,0.1377644965903885,-0.033126749982206605,0,split_mnist::rate80,inverted
split_mnist__rate80__replay_stab__seed2,split_mnist,split_mnist,gate_predstab,replay-gate,pred_stability,True,mlp,symmetric,0.8,rate80,2,True,0.1381307466307272,,0.1381307466307272,0.2529365536469815,0.0962803366958701,-0.0751388675980127,0.196,,,,-0.0012061597296581,0.841089978383354,0.8421948172913968,-0.0011048389080428,True,0.8,2.0,,,,,,9.340448141098022,33.089536,535818,0.1350437772551943,0.0030869693755328775,1,split_mnist::rate80,inverted
permuted_mnist__rate20__replay_adaptive__seed0,permuted_mnist,permuted_mnist,replay_adaptive,other,?,,mlp,symmetric,0.2,rate20,0,False,0.83088,0.83088,,0.0479499999999999,-0.0479499999999999,0.000725,0.914,,,,0.5629294992766187,0.2289549224817903,0.0915916733776111,0.1373632491041792,False,0.0,,,,,,,7.015924453735352,35.225088,535818,0.7725199999999999,0.05836000000000008,1,permuted_mnist::rate20,aligned
permuted_mnist__rate20__replay_adaptive__seed1,permuted_mnist,permuted_mnist,replay_adaptive,other,?,,mlp,symmetric,0.2,rate20,1,False,0.8429399999999999,0.8429399999999999,,0.0342,-0.03125,-0.0061999999999999,0.934,,,,0.5846310373795144,0.2516326344289123,0.0918564292692424,0.1597762051596698,False,0.0,,,,,,,7.098870038986206,35.225088,535818,0.79764,0.045299999999999896,1,permuted_mnist::rate20,aligned
permuted_mnist__rate20__replay_adaptive__seed2,permuted_mnist,permuted_mnist,replay_adaptive,other,?,,mlp,symmetric,0.2,rate20,2,False,0.83606,0.83606,,0.033625,-0.0271,-0.008625,0.92,,,,0.5620643659728707,0.2318072739973919,0.0920036659960299,0.139803608001362,False,0.0,,,,,,,7.47008490562439,35.225088,535818,0.7553,0.08076000000000005,1,permuted_mnist::rate20,aligned
permuted_mnist__rate20__replay_agree__seed0,permuted_mnist,permuted_mnist,replay_agree,other,?,,mlp,symmetric,0.2,rate20,0,False,0.8508800000000001,0.8508800000000001,,0.0279249999999999,-0.0236249999999999,-0.0047499999999999,0.97,,,,0.707453382974642,0.6917980678509175,0.1089095871067147,0.5828884807442027,False,0.0,,,,,,,4.48055624961853,33.081344,535818,0.7725199999999999,0.07836000000000021,1,permuted_mnist::rate20,aligned
permuted_mnist__rate20__replay_agree__seed1,permuted_mnist,permuted_mnist,replay_agree,other,?,,mlp,symmetric,0.2,rate20,1,False,0.8483799999999999,0.8483799999999999,,0.041975,-0.03915,-0.01395,0.974,,,,0.7129140256544408,0.7089225199390883,0.1043254094973581,0.6045971104417301,False,0.0,,,,,,,4.621436357498169,33.081344,535818,0.79764,0.050739999999999896,1,permuted_mnist::rate20,aligned
permuted_mnist__rate20__replay_agree__seed2,permuted_mnist,permuted_mnist,replay_agree,other,?,,mlp,symmetric,0.2,rate20,2,False,0.8509399999999999,0.8509399999999999,,0.027975,-0.013075,-0.0254749999999999,0.972,,,,0.7119856423281081,0.7201767685514281,0.1163126735430432,0.6038640950083849,False,0.0,,,,,,,5.5434534549713135,33.081344,535818,0.7553,0.09563999999999995,1,permuted_mnist::rate20,aligned
permuted_mnist__rate20__replay_teacher__seed0,permuted_mnist,permuted_mnist,gate_teacher,replay-gate,agreement+teacher,False,mlp,symmetric,0.2,rate20,0,False,0.83636,0.83636,,0.035525,-0.0272999999999999,0.00775,0.954,,,,0.4535132278170803,0.4473104622328629,0.0964387759306481,0.3508716863022148,False,0.0,,,,,,,4.685947179794312,35.225088,535818,0.7725199999999999,0.06384000000000012,1,permuted_mnist::rate20,aligned
permuted_mnist__rate20__replay_teacher__seed1,permuted_mnist,permuted_mnist,gate_teacher,replay-gate,agreement+teacher,False,mlp,symmetric,0.2,rate20,1,False,0.8365600000000001,0.8365600000000001,,0.0429499999999999,-0.0429499999999999,-0.027875,0.95,,,,0.4538937117105225,0.4914360389370046,0.0900139797902085,0.4014220591467961,False,0.0,,,,,,,4.638233661651611,35.225088,535818,0.79764,0.038920000000000066,1,permuted_mnist::rate20,aligned
permuted_mnist__rate20__replay_teacher__seed2,permuted_mnist,permuted_mnist,gate_teacher,replay-gate,agreement+teacher,False,mlp,symmetric,0.2,rate20,2,False,0.8240000000000001,0.8240000000000001,,0.0334749999999999,-0.0323499999999999,0.0016499999999999,0.936,,,,0.4665421632250036,0.4947728999183064,0.08870410109562,0.4060687988226863,False,0.0,,,,,,,6.532108306884766,35.225088,535818,0.7553,0.0687000000000001,1,permuted_mnist::rate20,aligned
permuted_mnist__rate20__replay_teacher_m95__seed0,permuted_mnist,permuted_mnist,replay_teacher_m95,other,?,,mlp,symmetric,0.2,rate20,0,False,0.85096,0.85096,,0.026475,-0.0249,0.0023499999999999,0.962,,,,0.6385335663557209,0.6426671890952075,0.0978260203829858,0.5448411687122217,False,0.0,,,,,,,4.761127233505249,35.225088,535818,0.7725199999999999,0.07844000000000018,1,permuted_mnist::rate20,aligned
permuted_mnist__rate20__replay_teacher_m95__seed1,permuted_mnist,permuted_mnist,replay_teacher_m95,other,?,,mlp,symmetric,0.2,rate20,1,False,0.84702,0.84702,,0.0310999999999999,-0.026375,-0.0071499999999999,0.962,,,,0.6396566636846146,0.6576904311627184,0.0893047682783138,0.5683856628844046,False,0.0,,,,,,,4.775559663772583,35.225088,535818,0.79764,0.04937999999999998,1,permuted_mnist::rate20,aligned
permuted_mnist__rate20__replay_teacher_m95__seed2,permuted_mnist,permuted_mnist,replay_teacher_m95,other,?,,mlp,symmetric,0.2,rate20,2,False,0.85154,0.85154,,0.0246249999999999,-0.0098999999999999,-0.0243,0.952,,,,0.6456239371101555,0.6738741365519837,0.1022823140064953,0.5715918225454883,False,0.0,,,,,,,6.318965196609497,35.225088,535818,0.7553,0.09623999999999999,1,permuted_mnist::rate20,aligned
permuted_mnist__rate20__replay_teacher_m999__seed0,permuted_mnist,permuted_mnist,gate_teacher,replay-gate,agreement+teacher,False,mlp,symmetric,0.2,rate20,0,False,0.79104,0.79104,,0.0731999999999999,-0.0731999999999999,0.0048499999999999,0.806,,,,0.2567477047646344,0.1027137838849048,0.084732967901273,0.0179808159836318,False,0.0,,,,,,,4.558600902557373,35.225088,535818,0.7725199999999999,0.018520000000000092,1,permuted_mnist::rate20,aligned
permuted_mnist__rate20__replay_teacher_m999__seed1,permuted_mnist,permuted_mnist,gate_teacher,replay-gate,agreement+teacher,False,mlp,symmetric,0.2,rate20,1,False,0.78762,0.78762,,0.0901499999999999,-0.0901499999999999,-0.0010999999999999,0.784,,,,0.2596030358004199,0.0992850167201026,0.0833433262329181,0.0159416904871845,False,0.0,,,,,,,4.530076026916504,35.225088,535818,0.79764,-0.010020000000000029,0,permuted_mnist::rate20,aligned
permuted_mnist__rate20__replay_teacher_m999__seed2,permuted_mnist,permuted_mnist,gate_teacher,replay-gate,agreement+teacher,False,mlp,symmetric,0.2,rate20,2,False,0.8022199999999999,0.8022199999999999,,0.067825,-0.067825,-0.021625,0.844,,,,0.246832727520235,0.0981065223060693,0.0841384365796336,0.0139680857264356,False,0.0,,,,,,,5.565053462982178,35.225088,535818,0.7553,0.04691999999999996,1,permuted_mnist::rate20,aligned
permuted_mnist__rate40__replay_adaptive__seed0,permuted_mnist,permuted_mnist,replay_adaptive,other,?,,mlp,symmetric,0.4,rate40,0,False,0.7196600000000001,0.7196600000000001,,0.0476749999999999,-0.0476749999999999,-0.004275,0.736,,,,0.5895864435841254,0.1942140181130172,0.093127844778224,0.1010861733347932,False,0.0,,,,,,,6.240160942077637,35.225088,535818,0.64234,0.07732000000000006,1,permuted_mnist::rate40,aligned
permuted_mnist__rate40__replay_adaptive__seed1,permuted_mnist,permuted_mnist,replay_adaptive,other,?,,mlp,symmetric,0.4,rate40,1,False,0.7383,0.7383,,0.056575,-0.056575,-0.0086,0.746,,,,0.5853669730787551,0.177496593045795,0.0937632781924393,0.0837333148533556,False,0.0,,,,,,,7.008563280105591,35.225088,535818,0.67866,0.059639999999999915,1,permuted_mnist::rate40,aligned
permuted_mnist__rate40__replay_adaptive__seed2,permuted_mnist,permuted_mnist,replay_adaptive,other,?,,mlp,symmetric,0.4,rate40,2,False,0.72556,0.72556,,0.0429999999999999,-0.0371499999999999,-0.011075,0.78,,,,0.5841405312726629,0.2188852251270852,0.0972183294841184,0.1216668956429667,False,0.0,,,,,,,6.1590735912323,35.225088,535818,0.67072,0.05484,1,permuted_mnist::rate40,aligned
permuted_mnist__rate40__replay_agree__seed0,permuted_mnist,permuted_mnist,replay_agree,other,?,,mlp,symmetric,0.4,rate40,0,False,0.7830600000000001,0.7830600000000001,,0.0274,0.0071999999999999,0.0191,0.906,,,,0.6967540909114868,0.5153705497337395,0.1076116899530629,0.4077588597806766,False,0.0,,,,,,,4.579715251922607,33.081344,535818,0.64234,0.14072000000000007,1,permuted_mnist::rate40,aligned
permuted_mnist__rate40__replay_agree__seed1,permuted_mnist,permuted_mnist,replay_agree,other,?,,mlp,symmetric,0.4,rate40,1,False,0.77678,0.77678,,0.0393999999999999,-0.0375,-0.005225,0.89,,,,0.7030393344539678,0.5487351659317597,0.1084599043649093,0.4402752615668505,False,0.0,,,,,,,4.6356518268585205,33.081344,535818,0.67866,0.09811999999999999,1,permuted_mnist::rate40,aligned
permuted_mnist__rate40__replay_agree__seed2,permuted_mnist,permuted_mnist,replay_agree,other,?,,mlp,symmetric,0.4,rate40,2,False,0.77638,0.77638,,0.0179749999999999,-0.0042499999999999,-0.01415,0.878,,,,0.6960632087147726,0.5382014752349844,0.1099797348538875,0.4282217403810968,False,0.0,,,,,,,5.459612846374512,33.081344,535818,0.67072,0.10565999999999998,1,permuted_mnist::rate40,aligned
permuted_mnist__rate40__replay_coteach__seed0,permuted_mnist,permuted_mnist,gate_coteach,replay-gate,co-teaching,False,mlp,symmetric,0.4,rate40,0,False,0.80826,0.80826,,0.013475,0.0224999999999999,-0.0099999999999999,0.938,,,,0.8064325455655224,0.7614382804960621,0.0808998982199327,0.6805383822761294,False,0.0,,,,,,,7.328843593597412,41.65632,535818,0.64234,0.16591999999999996,1,permuted_mnist::rate40,aligned
permuted_mnist__rate40__replay_coteach__seed1,permuted_mnist,permuted_mnist,gate_coteach,replay-gate,co-teaching,False,mlp,symmetric,0.4,rate40,1,False,0.8194000000000001,0.8194000000000001,,0.0179249999999999,0.0039499999999999,0.02285,0.928,,,,0.8087871571100166,0.768083447246458,0.0796756949377346,0.6884077523087233,False,0.0,,,,,,,7.102330446243286,41.65632,535818,0.67866,0.1407400000000001,1,permuted_mnist::rate40,aligned
permuted_mnist__rate40__replay_coteach__seed2,permuted_mnist,permuted_mnist,gate_coteach,replay-gate,co-teaching,False,mlp,symmetric,0.4,rate40,2,False,0.78586,0.78586,,0.0251749999999999,-0.0023999999999999,-0.013875,0.932,,,,0.8021063267808508,0.7647655137295358,0.0760032310452046,0.6887622826843312,False,0.0,,,,,,,6.940231800079346,41.65632,535818,0.67072,0.11514000000000002,1,permuted_mnist::rate40,aligned
permuted_mnist__rate40__replay_early5__seed0,permuted_mnist,permuted_mnist,replay_early5,other,?,,mlp,symmetric,0.4,rate40,0,False,0.7181,0.7181,,0.071775,-0.071775,0.01225,0.832,,,,0.4247031987131896,0.2860833311087153,0.0869878768281957,0.1990954542805195,False,0.0,,,,,,,6.45644998550415,35.225088,535818,0.64234,0.07575999999999994,1,permuted_mnist::rate40,aligned
permuted_mnist__rate40__replay_early5__seed1,permuted_mnist,permuted_mnist,replay_early5,other,?,,mlp,symmetric,0.4,rate40,1,False,0.7136800000000001,0.7136800000000001,,0.084225,-0.084225,0.0097749999999999,0.788,,,,0.43298360804617,0.2658269174896601,0.0977451360591844,0.1680817814304757,False,0.0,,,,,,,6.090859889984131,35.225088,535818,0.67866,0.03502000000000005,1,permuted_mnist::rate40,aligned
permuted_mnist__rate40__replay_early5__seed2,permuted_mnist,permuted_mnist,replay_early5,other,?,,mlp,symmetric,0.4,rate40,2,False,0.67518,0.67518,,0.121175,-0.1091,-0.004225,0.754,,,,0.3754581695634257,0.2405163793078852,0.0852981016797335,0.1552182776281517,False,0.0,,,,,,,5.9757301807403564,35.225088,535818,0.67072,0.0044600000000000195,1,permuted_mnist::rate40,aligned
permuted_mnist__rate40__replay_early__seed0,permuted_mnist,permuted_mnist,replay_early,other,?,,mlp,symmetric,0.4,rate40,0,False,0.76582,0.76582,,0.03875,-0.02675,-0.0032999999999999,0.852,,,,0.5965963625165764,0.2987668977165681,0.0813686579297316,0.2173982397868364,False,0.0,,,,,,,9.764649391174316,35.225088,535818,0.64234,0.12347999999999992,1,permuted_mnist::rate40,aligned
permuted_mnist__rate40__replay_early__seed1,permuted_mnist,permuted_mnist,replay_early,other,?,,mlp,symmetric,0.4,rate40,1,False,0.75674,0.75674,,0.0434249999999999,-0.0359749999999999,-0.022275,0.886,,,,0.6158188719876951,0.3124458727877777,0.0814501679232043,0.2309957048645733,False,0.0,,,,,,,6.21190071105957,35.225088,535818,0.67866,0.07807999999999993,1,permuted_mnist::rate40,aligned
permuted_mnist__rate40__replay_early__seed2,permuted_mnist,permuted_mnist,replay_early,other,?,,mlp,symmetric,0.4,rate40,2,False,0.76834,0.76834,,0.0285249999999999,-0.0097749999999999,0.0146499999999999,0.882,,,,0.6109004095194742,0.2961986220042537,0.0815341986398354,0.2146644233644182,False,0.0,,,,,,,8.460199356079102,35.225088,535818,0.67072,0.09762000000000004,1,permuted_mnist::rate40,aligned
permuted_mnist__rate40__replay_teacher__seed0,permuted_mnist,permuted_mnist,gate_teacher,replay-gate,agreement+teacher,False,mlp,symmetric,0.4,rate40,0,False,0.74224,0.74224,,0.0426499999999999,-0.0426499999999999,0.016975,0.816,,,,0.5092930595429884,0.3605125033810398,0.098195594500248,0.2623169088807917,False,0.0,,,,,,,4.627958536148071,35.225088,535818,0.64234,0.09989999999999999,1,permuted_mnist::rate40,aligned
permuted_mnist__rate40__replay_teacher__seed1,permuted_mnist,permuted_mnist,gate_teacher,replay-gate,agreement+teacher,False,mlp,symmetric,0.4,rate40,1,False,0.7521599999999999,0.7521599999999999,,0.036475,-0.036475,-0.0172999999999999,0.886,,,,0.5031792147841254,0.3577773742446221,0.1024643129989879,0.2553130612456341,False,0.0,,,,,,,4.601941823959351,35.225088,535818,0.67866,0.0734999999999999,1,permuted_mnist::rate40,aligned
permuted_mnist__rate40__replay_teacher__seed2,permuted_mnist,permuted_mnist,gate_teacher,replay-gate,agreement+teacher,False,mlp,symmetric,0.4,rate40,2,False,0.7366999999999999,0.7366999999999999,,0.0504,-0.035375,-0.0026749999999999,0.834,,,,0.4916143787817668,0.3700883215867535,0.0971288120704119,0.2729595095163416,False,0.0,,,,,,,5.817079544067383,35.225088,535818,0.67072,0.06597999999999993,1,permuted_mnist::rate40,aligned
permuted_mnist__rate40__replay_teacher_m95__seed0,permuted_mnist,permuted_mnist,replay_teacher_m95,other,?,,mlp,symmetric,0.4,rate40,0,False,0.78454,0.78454,,0.0192999999999999,0.011675,0.006075,0.896,,,,0.6587074350900146,0.4967148464329163,0.1028868303714201,0.3938280160614961,False,0.0,,,,,,,4.649161815643311,35.225088,535818,0.64234,0.1422,1,permuted_mnist::rate40,aligned
permuted_mnist__rate40__replay_teacher_m95__seed1,permuted_mnist,permuted_mnist,replay_teacher_m95,other,?,,mlp,symmetric,0.4,rate40,1,False,0.77892,0.77892,,0.0367,-0.02735,0.003225,0.884,,,,0.6630175890530576,0.5164679039274213,0.1090650743609594,0.4074028295664618,False,0.0,,,,,,,4.617187976837158,35.225088,535818,0.67866,0.1002599999999999,1,permuted_mnist::rate40,aligned
permuted_mnist__rate40__replay_teacher_m95__seed2,permuted_mnist,permuted_mnist,replay_teacher_m95,other,?,,mlp,symmetric,0.4,rate40,2,False,0.78248,0.78248,,0.0224999999999999,0.001375,-0.0107,0.906,,,,0.6644585813084712,0.5164990024884084,0.107229011326044,0.4092699911623643,False,0.0,,,,,,,5.915350914001465,35.225088,535818,0.67072,0.11175999999999997,1,permuted_mnist::rate40,aligned
permuted_mnist__rate40__replay_teacher_m999__seed0,permuted_mnist,permuted_mnist,gate_teacher,replay-gate,agreement+teacher,False,mlp,symmetric,0.4,rate40,0,False,0.6728400000000001,0.6728400000000001,,0.0855749999999999,-0.0855749999999999,0.009175,0.648,,,,0.265565532860491,0.1004561766459109,0.0858432779166871,0.0146128987292238,False,0.0,,,,,,,4.4655938148498535,35.225088,535818,0.64234,0.030500000000000083,1,permuted_mnist::rate40,aligned
permuted_mnist__rate40__replay_teacher_m999__seed1,permuted_mnist,permuted_mnist,gate_teacher,replay-gate,agreement+teacher,False,mlp,symmetric,0.4,rate40,1,False,0.6882400000000001,0.6882400000000001,,0.0893749999999999,-0.0893749999999999,-0.0215,0.65,,,,0.2735988510774493,0.0919703774435393,0.0870752427386795,0.0048951347048598,False,0.0,,,,,,,4.566139936447144,35.225088,535818,0.67866,0.009580000000000033,1,permuted_mnist::rate40,aligned
permuted_mnist__rate40__replay_teacher_m999__seed2,permuted_mnist,permuted_mnist,gate_teacher,replay-gate,agreement+teacher,False,mlp,symmetric,0.4,rate40,2,False,0.6512800000000001,0.6512800000000001,,0.1131749999999999,-0.1131749999999999,-0.01085,0.622,,,,0.2476061833482732,0.0958802589864512,0.0850643848477988,0.0108158741386524,False,0.0,,,,,,,5.804654598236084,35.225088,535818,0.67072,-0.019439999999999902,0,permuted_mnist::rate40,aligned
permuted_mnist__rate40_asym__replay_adaptive__seed0,permuted_mnist,permuted_mnist,replay_adaptive,other,?,,mlp,asymmetric,0.4,rate40_asym,0,False,0.6302399999999999,0.6302399999999999,,0.022075,0.0305999999999999,0.01525,0.628,,,,0.242543227576489,0.2087811274824338,0.1733110400664062,0.0354700874160275,False,0.0,,,,,,,6.655393600463867,35.225088,535818,0.56004,0.07019999999999993,1,permuted_mnist::rate40_asym,aligned
permuted_mnist__rate40_asym__replay_adaptive__seed1,permuted_mnist,permuted_mnist,replay_adaptive,other,?,,mlp,asymmetric,0.4,rate40_asym,1,False,0.6353399999999999,0.6353399999999999,,0.00715,0.0366499999999999,-0.0261999999999999,0.682,,,,0.2627529816503103,0.1918722694105427,0.1540633028693872,0.0378089665411555,False,0.0,,,,,,,6.102851152420044,35.225088,535818,0.5846,0.050739999999999896,1,permuted_mnist::rate40_asym,aligned
permuted_mnist__rate40_asym__replay_adaptive__seed2,permuted_mnist,permuted_mnist,replay_adaptive,other,?,,mlp,asymmetric,0.4,rate40_asym,2,False,0.55698,0.55698,,0.0670749999999999,-0.0544249999999999,-0.003175,0.658,,,,0.2347075672968046,0.2130756278104944,0.1694082385067625,0.0436673893037318,False,0.0,,,,,,,7.245581150054932,35.225088,535818,0.5781799999999999,-0.021199999999999886,0,permuted_mnist::rate40_asym,aligned
permuted_mnist__rate40_asym__replay_agree__seed0,permuted_mnist,permuted_mnist,replay_agree,other,?,,mlp,asymmetric,0.4,rate40_asym,0,False,0.6502399999999999,0.6502399999999999,,0.0117999999999999,0.039075,0.0166,0.706,,,,0.3290194502682062,0.5779850600582784,0.4078618547030392,0.1701232053552392,False,0.0,,,,,,,5.082261562347412,33.081344,535818,0.56004,0.09019999999999995,1,permuted_mnist::rate40_asym,aligned
permuted_mnist__rate40_asym__replay_agree__seed1,permuted_mnist,permuted_mnist,replay_agree,other,?,,mlp,asymmetric,0.4,rate40_asym,1,False,0.6458600000000001,0.6458600000000001,,0.0227999999999999,0.0213,-0.0103,0.734,,,,0.3436417427187038,0.6040209306688031,0.4082732207254035,0.1957477099433996,False,0.0,,,,,,,5.150480270385742,33.081344,535818,0.5846,0.06126000000000009,1,permuted_mnist::rate40_asym,aligned
permuted_mnist__rate40_asym__replay_agree__seed2,permuted_mnist,permuted_mnist,replay_agree,other,?,,mlp,asymmetric,0.4,rate40_asym,2,False,0.65744,0.65744,,0.0159249999999999,0.05845,-0.01605,0.726,,,,0.341940209245145,0.5934674844554363,0.4332999130219684,0.1601675714334678,False,0.0,,,,,,,5.146848917007446,33.081344,535818,0.5781799999999999,0.07926000000000011,1,permuted_mnist::rate40_asym,aligned
permuted_mnist__rate40_asym__replay_conf__seed0,permuted_mnist,permuted_mnist,gate_conf,replay-gate,confidence,True,mlp,asymmetric,0.4,rate40_asym,0,False,0.5756,0.5756,,0.064325,-0.0424249999999999,0.019675,0.588,,,,0.0342775735231593,0.6084773089940013,0.5963831180483034,0.0120941909456979,False,0.0,,,,,,,5.212956666946411,33.081344,535818,0.56004,0.015560000000000018,1,permuted_mnist::rate40_asym,aligned
permuted_mnist__rate40_asym__replay_conf__seed1,permuted_mnist,permuted_mnist,gate_conf,replay-gate,confidence,True,mlp,asymmetric,0.4,rate40_asym,1,False,0.5634399999999999,0.5634399999999999,,0.0715499999999999,-0.063925,-0.017525,0.564,,,,0.0458458038472654,0.6480534236879855,0.6266654363760028,0.0213879873119826,False,0.0,,,,,,,5.261774301528931,33.081344,535818,0.5846,-0.021160000000000068,0,permuted_mnist::rate40_asym,aligned
permuted_mnist__rate40_asym__replay_conf__seed2,permuted_mnist,permuted_mnist,gate_conf,replay-gate,confidence,True,mlp,asymmetric,0.4,rate40_asym,2,False,0.55152,0.55152,,0.0251499999999999,-0.0171749999999999,0.006775,0.586,,,,0.0327836074742211,0.6289233101697522,0.6171563064248693,0.0117670037448829,False,0.0,,,,,,,5.5115275382995605,33.081344,535818,0.5781799999999999,-0.026659999999999906,0,permuted_mnist::rate40_asym,aligned
permuted_mnist__rate40_asym__replay_error__seed0,permuted_mnist,permuted_mnist,gate_loss,replay-gate,error,False,mlp,asymmetric,0.4,rate40_asym,0,False,0.62478,0.62478,,0.0306,0.02055,0.0003499999999999,0.68,,,,0.3066144242740405,0.691871525548206,0.5265553048650212,0.1653162206831847,False,0.0,,,,,,,5.295318365097046,33.081344,535818,0.56004,0.06474000000000002,1,permuted_mnist::rate40_asym,aligned
permuted_mnist__rate40_asym__replay_error__seed1,permuted_mnist,permuted_mnist,gate_loss,replay-gate,error,False,mlp,asymmetric,0.4,rate40_asym,1,False,0.6552,0.6552,,0.0175999999999999,0.0149,0.00095,0.668,,,,0.3273594742228323,0.6886266129627914,0.490484060054477,0.1981425529083144,False,0.0,,,,,,,5.238291501998901,33.081344,535818,0.5846,0.0706,1,permuted_mnist::rate40_asym,aligned
permuted_mnist__rate40_asym__replay_error__seed2,permuted_mnist,permuted_mnist,gate_loss,replay-gate,error,False,mlp,asymmetric,0.4,rate40_asym,2,False,0.65054,0.65054,,0.0154499999999999,0.076225,-0.033225,0.706,,,,0.3120385322730397,0.6805867367849071,0.5278179782564193,0.1527687585284878,False,0.0,,,,,,,5.403216123580933,33.081344,535818,0.5781799999999999,0.07236000000000009,1,permuted_mnist::rate40_asym,aligned
permuted_mnist__rate40_asym__replay_teacher__seed0,permuted_mnist,permuted_mnist,gate_teacher,replay-gate,agreement+teacher,False,mlp,asymmetric,0.4,rate40_asym,0,False,0.6241,0.6241,,0.0227999999999999,0.036075,0.017625,0.7,,,,0.2416285694009617,0.4098302298668949,0.2759387564190964,0.1338914734477985,False,0.0,,,,,,,5.1575329303741455,35.225088,535818,0.56004,0.06406,1,permuted_mnist::rate40_asym,aligned
permuted_mnist__rate40_asym__replay_teacher__seed1,permuted_mnist,permuted_mnist,gate_teacher,replay-gate,agreement+teacher,False,mlp,asymmetric,0.4,rate40_asym,1,False,0.65644,0.65644,,0.0323,0.02765,0.0098,0.688,,,,0.2648778885722526,0.40681577021797,0.2821502611535889,0.1246655090643811,False,0.0,,,,,,,5.301546335220337,35.225088,535818,0.5846,0.07184000000000001,1,permuted_mnist::rate40_asym,aligned
permuted_mnist__rate40_asym__replay_teacher__seed2,permuted_mnist,permuted_mnist,gate_teacher,replay-gate,agreement+teacher,False,mlp,asymmetric,0.4,rate40_asym,2,False,0.61812,0.61812,,0.0017999999999999,0.0524749999999999,-0.021625,0.69,,,,0.2274144187863964,0.4124349463952905,0.2752098165077936,0.1372251298874969,False,0.0,,,,,,,5.43636965751648,35.225088,535818,0.5781799999999999,0.03994000000000009,1,permuted_mnist::rate40_asym,aligned
permuted_mnist__rate40_asym__replay_teacher_m95__seed0,permuted_mnist,permuted_mnist,replay_teacher_m95,other,?,,mlp,asymmetric,0.4,rate40_asym,0,False,0.6635800000000001,0.6635800000000001,,0.0096999999999999,0.06845,0.00745,0.724,,,,0.3231579725838877,0.54415707474882,0.3738190212625827,0.1703380534862372,False,0.0,,,,,,,5.145385980606079,35.225088,535818,0.56004,0.10354000000000008,1,permuted_mnist::rate40_asym,aligned
permuted_mnist__rate40_asym__replay_teacher_m95__seed1,permuted_mnist,permuted_mnist,replay_teacher_m95,other,?,,mlp,asymmetric,0.4,rate40_asym,1,False,0.6531399999999999,0.6531399999999999,,0.01665,0.0121999999999999,-0.0082249999999999,0.738,,,,0.3578657056986907,0.5638218578451935,0.3646499776626907,0.1991718801825027,False,0.0,,,,,,,5.452141523361206,35.225088,535818,0.5846,0.06853999999999993,1,permuted_mnist::rate40_asym,aligned
permuted_mnist__rate40_asym__replay_teacher_m95__seed2,permuted_mnist,permuted_mnist,replay_teacher_m95,other,?,,mlp,asymmetric,0.4,rate40_asym,2,False,0.63764,0.63764,,0.02465,0.0394249999999999,-0.02645,0.71,,,,0.3148327326556456,0.540839773564442,0.3952059367855522,0.1456338367788898,False,0.0,,,,,,,5.255175590515137,35.225088,535818,0.5781799999999999,0.05946000000000007,1,permuted_mnist::rate40_asym,aligned
permuted_mnist__rate40_asym__replay_teacher_m999__seed0,permuted_mnist,permuted_mnist,gate_teacher,replay-gate,agreement+teacher,False,mlp,asymmetric,0.4,rate40_asym,0,False,0.60824,0.60824,,0.0275,0.0041499999999999,0.01325,0.644,,,,0.1126606950147787,0.1097912010405588,0.0961848342213315,0.0136063668192272,False,0.0,,,,,,,5.02732515335083,35.225088,535818,0.56004,0.04820000000000002,1,permuted_mnist::rate40_asym,aligned
permuted_mnist__rate40_asym__replay_teacher_m999__seed1,permuted_mnist,permuted_mnist,gate_teacher,replay-gate,agreement+teacher,False,mlp,asymmetric,0.4,rate40_asym,1,False,0.57914,0.57914,,0.0546499999999999,-0.03225,-0.0074499999999999,0.598,,,,0.1208604545570084,0.0951589160340805,0.0940249550219915,0.001133961012089,False,0.0,,,,,,,5.181826829910278,35.225088,535818,0.5846,-0.00546000000000002,0,permuted_mnist::rate40_asym,aligned
permuted_mnist__rate40_asym__replay_teacher_m999__seed2,permuted_mnist,permuted_mnist,gate_teacher,replay-gate,agreement+teacher,False,mlp,asymmetric,0.4,rate40_asym,2,False,0.5509799999999999,0.5509799999999999,,0.053675,-0.0248,-0.0145,0.628,,,,0.0658821022108368,0.0984276092396422,0.0932250724949204,0.0052025367447218,False,0.0,,,,,,,5.412548780441284,35.225088,535818,0.5781799999999999,-0.027200000000000002,0,permuted_mnist::rate40_asym,aligned
permuted_mnist__rate60__replay_adaptive__seed0,permuted_mnist,permuted_mnist,replay_adaptive,other,?,,mlp,symmetric,0.6,rate60,0,False,0.52464,0.52464,,0.065375,-0.065375,0.0092749999999999,0.528,,,,0.4956176216259909,0.1444155285720649,0.0918212585150021,0.0525942700570627,False,0.0,,,,,,,6.686790704727173,35.225088,535818,0.4533999999999999,0.07124000000000008,1,permuted_mnist::rate60,aligned
permuted_mnist__rate60__replay_adaptive__seed1,permuted_mnist,permuted_mnist,replay_adaptive,other,?,,mlp,symmetric,0.6,rate60,1,False,0.5582800000000001,0.5582800000000001,,0.0554249999999999,-0.0554249999999999,-0.0039749999999999,0.536,,,,0.4914917639214592,0.1534832523009655,0.0920577246055472,0.0614255276954182,False,0.0,,,,,,,6.11827826499939,35.225088,535818,0.4844200000000001,0.07386000000000004,1,permuted_mnist::rate60,aligned
permuted_mnist__rate60__replay_adaptive__seed2,permuted_mnist,permuted_mnist,replay_adaptive,other,?,,mlp,symmetric,0.6,rate60,2,False,0.56034,0.56034,,0.0478499999999999,-0.01795,-0.0022749999999999,0.552,,,,0.4968837674130555,0.1487890509205336,0.09224552099896,0.0565435299215736,False,0.0,,,,,,,6.597632646560669,35.225088,535818,0.47412,0.08621999999999996,1,permuted_mnist::rate60,aligned
permuted_mnist__rate60__replay_agree__seed0,permuted_mnist,permuted_mnist,replay_agree,other,?,,mlp,symmetric,0.6,rate60,0,False,0.6045800000000001,0.6045800000000001,,0.048925,-0.01635,-0.0115,0.72,,,,0.5652250314907425,0.3463693057996056,0.1097663720566767,0.2366029337429288,False,0.0,,,,,,,4.479000568389893,33.081344,535818,0.4533999999999999,0.1511800000000002,1,permuted_mnist::rate60,aligned
permuted_mnist__rate60__replay_agree__seed1,permuted_mnist,permuted_mnist,replay_agree,other,?,,mlp,symmetric,0.6,rate60,1,False,0.63168,0.63168,,0.0162249999999999,0.00925,0.0241,0.718,,,,0.5760429922673901,0.3806214850802313,0.1207400700170546,0.2598814150631766,False,0.0,,,,,,,4.447269201278687,33.081344,535818,0.4844200000000001,0.14725999999999995,1,permuted_mnist::rate60,aligned
permuted_mnist__rate60__replay_agree__seed2,permuted_mnist,permuted_mnist,replay_agree,other,?,,mlp,symmetric,0.6,rate60,2,False,0.6314200000000001,0.6314200000000001,,0.015375,0.0086749999999999,-0.001725,0.712,,,,0.5778555729571323,0.3868876051582718,0.1268926334896759,0.2599949716685958,False,0.0,,,,,,,5.316840648651123,33.081344,535818,0.47412,0.1573000000000001,1,permuted_mnist::rate60,aligned
permuted_mnist__rate60__replay_coteach__seed0,permuted_mnist,permuted_mnist,gate_coteach,replay-gate,co-teaching,False,mlp,symmetric,0.6,rate60,0,False,0.6771400000000001,0.6771400000000001,,0.017875,0.0460999999999999,0.001725,0.806,,,,0.7593783456155384,0.6046257501732482,0.0900562641949691,0.514569485978279,False,0.0,,,,,,,7.100998640060425,41.65632,535818,0.4533999999999999,0.22374000000000016,1,permuted_mnist::rate60,aligned
permuted_mnist__rate60__replay_coteach__seed1,permuted_mnist,permuted_mnist,gate_coteach,replay-gate,co-teaching,False,mlp,symmetric,0.6,rate60,1,False,0.7135800000000001,0.7135800000000001,,0.020375,0.1025,0.03145,0.834,,,,0.7573988278167108,0.6216539125402712,0.0960192221179022,0.525634690422369,False,0.0,,,,,,,7.769061326980591,41.65632,535818,0.4844200000000001,0.22916000000000003,1,permuted_mnist::rate60,aligned
permuted_mnist__rate60__replay_coteach__seed2,permuted_mnist,permuted_mnist,gate_coteach,replay-gate,co-teaching,False,mlp,symmetric,0.6,rate60,2,False,0.6943199999999999,0.6943199999999999,,0.01605,0.0751499999999999,-0.02695,0.834,,,,0.7562109229589791,0.6057089696467278,0.0953509596034607,0.5103580100432671,False,0.0,,,,,,,7.37521505355835,41.65632,535818,0.47412,0.22019999999999995,1,permuted_mnist::rate60,aligned
permuted_mnist__rate60__replay_early5__seed0,permuted_mnist,permuted_mnist,replay_early5,other,?,,mlp,symmetric,0.6,rate60,0,False,0.54728,0.54728,,0.0503749999999999,-0.0503749999999999,-0.0199499999999999,0.594,,,,0.3791828330269151,0.2172941118131516,0.0918168932863786,0.125477218526773,False,0.0,,,,,,,6.429804563522339,35.225088,535818,0.4533999999999999,0.09388000000000007,1,permuted_mnist::rate60,aligned
permuted_mnist__rate60__replay_early5__seed1,permuted_mnist,permuted_mnist,replay_early5,other,?,,mlp,symmetric,0.6,rate60,1,False,0.54026,0.54026,,0.08795,-0.0649999999999999,0.0013749999999999,0.564,,,,0.3590303636786399,0.2064901844090358,0.0999997197874472,0.1064904646215886,False,0.0,,,,,,,6.181233167648315,35.225088,535818,0.4844200000000001,0.05583999999999989,1,permuted_mnist::rate60,aligned
permuted_mnist__rate60__replay_early5__seed2,permuted_mnist,permuted_mnist,replay_early5,other,?,,mlp,symmetric,0.6,rate60,2,False,0.5203,0.5203,,0.0858749999999999,-0.0858749999999999,0.003225,0.554,,,,0.3110110563981916,0.1580314837286331,0.0984216828615439,0.0596098008670891,False,0.0,,,,,,,5.709578037261963,35.225088,535818,0.47412,0.04618,1,permuted_mnist::rate60,aligned
permuted_mnist__rate60__replay_early__seed0,permuted_mnist,permuted_mnist,replay_early,other,?,,mlp,symmetric,0.6,rate60,0,False,0.5527,0.5527,,0.04385,-0.027325,-0.01,0.57,,,,0.4469200049940879,0.1731331606516037,0.0866723254551288,0.0864608351964748,False,0.0,,,,,,,6.7847514152526855,35.225088,535818,0.4533999999999999,0.09930000000000005,1,permuted_mnist::rate60,aligned
permuted_mnist__rate60__replay_early__seed1,permuted_mnist,permuted_mnist,replay_early,other,?,,mlp,symmetric,0.6,rate60,1,False,0.53718,0.53718,,0.083,-0.083,0.021275,0.598,,,,0.4946234605284276,0.1766692435991188,0.0857249465960194,0.0909442970030994,False,0.0,,,,,,,5.873868227005005,35.225088,535818,0.4844200000000001,0.05275999999999992,1,permuted_mnist::rate60,aligned
permuted_mnist__rate60__replay_early__seed2,permuted_mnist,permuted_mnist,replay_early,other,?,,mlp,symmetric,0.6,rate60,2,False,0.58116,0.58116,,0.0278749999999999,-0.0257749999999999,0.0137499999999999,0.648,,,,0.49564946628129,0.1761735726347399,0.0859495106849484,0.0902240619497915,False,0.0,,,,,,,8.539331197738647,35.225088,535818,0.47412,0.10704000000000002,1,permuted_mnist::rate60,aligned
permuted_mnist__rate60__replay_teacher__seed0,permuted_mnist,permuted_mnist,gate_teacher,replay-gate,agreement+teacher,False,mlp,symmetric,0.6,rate60,0,False,0.58038,0.58038,,0.038925,-0.02855,0.0139999999999999,0.612,,,,0.4485752515728774,0.2353028637902628,0.0988786934875538,0.136424170302709,False,0.0,,,,,,,4.534824132919312,35.225088,535818,0.4533999999999999,0.1269800000000001,1,permuted_mnist::rate60,aligned
permuted_mnist__rate60__replay_teacher__seed1,permuted_mnist,permuted_mnist,gate_teacher,replay-gate,agreement+teacher,False,mlp,symmetric,0.6,rate60,1,False,0.5858599999999999,0.5858599999999999,,0.0225999999999999,-0.0121249999999999,-0.0048999999999999,0.604,,,,0.450179189038945,0.2332905765000561,0.0974402616848237,0.1358503148152323,False,0.0,,,,,,,4.56072211265564,35.225088,535818,0.4844200000000001,0.10143999999999986,1,permuted_mnist::rate60,aligned
permuted_mnist__rate60__replay_teacher__seed2,permuted_mnist,permuted_mnist,gate_teacher,replay-gate,agreement+teacher,False,mlp,symmetric,0.6,rate60,2,False,0.5650000000000001,0.5650000000000001,,0.030175,-0.017175,0.00175,0.59,,,,0.4303145087965958,0.2560038426974796,0.1008410047923781,0.1551628379051015,False,0.0,,,,,,,4.869330883026123,35.225088,535818,0.47412,0.09088000000000007,1,permuted_mnist::rate60,aligned
permuted_mnist__rate60__replay_teacher_m95__seed0,permuted_mnist,permuted_mnist,replay_teacher_m95,other,?,,mlp,symmetric,0.6,rate60,0,False,0.60276,0.60276,,0.0154249999999999,-0.0079999999999999,0.0004749999999999,0.716,,,,0.548650624832566,0.3527134477929861,0.1152028290304885,0.2375106187624975,False,0.0,,,,,,,4.629516363143921,35.225088,535818,0.4533999999999999,0.14936000000000005,1,permuted_mnist::rate60,aligned
permuted_mnist__rate60__replay_teacher_m95__seed1,permuted_mnist,permuted_mnist,replay_teacher_m95,other,?,,mlp,symmetric,0.6,rate60,1,False,0.6365599999999999,0.6365599999999999,,0.01125,0.0298999999999999,0.004525,0.684,,,,0.5494454741103708,0.3265804805026643,0.108287920076691,0.2182925604259732,False,0.0,,,,,,,4.569226026535034,35.225088,535818,0.4844200000000001,0.15213999999999983,1,permuted_mnist::rate60,aligned
permuted_mnist__rate60__replay_teacher_m95__seed2,permuted_mnist,permuted_mnist,replay_teacher_m95,other,?,,mlp,symmetric,0.6,rate60,2,False,0.6192,0.6192,,0.0279499999999999,0.015625,0.0029499999999999,0.706,,,,0.5549615008740834,0.3371220522670831,0.1088891997634473,0.2282328525036357,False,0.0,,,,,,,4.7562408447265625,35.225088,535818,0.47412,0.14508,1,permuted_mnist::rate60,aligned
permuted_mnist__rate60__replay_teacher_m999__seed0,permuted_mnist,permuted_mnist,gate_teacher,replay-gate,agreement+teacher,False,mlp,symmetric,0.6,rate60,0,False,0.4704799999999999,0.4704799999999999,,0.1201249999999999,-0.1201249999999999,-0.0113249999999999,0.422,,,,0.2435943577013418,0.0970048910795116,0.0841272754043636,0.0128776156751479,False,0.0,,,,,,,4.591766595840454,35.225088,535818,0.4533999999999999,0.017079999999999984,1,permuted_mnist::rate60,aligned
permuted_mnist__rate60__replay_teacher_m999__seed1,permuted_mnist,permuted_mnist,gate_teacher,replay-gate,agreement+teacher,False,mlp,symmetric,0.6,rate60,1,False,0.4567,0.4567,,0.1286749999999999,-0.1286749999999999,0.018725,0.438,,,,0.2453537476962086,0.0946687553772194,0.0852004536581807,0.0094683017190387,False,0.0,,,,,,,4.593378067016602,35.225088,535818,0.4844200000000001,-0.027720000000000078,0,permuted_mnist::rate60,aligned
permuted_mnist__rate60__replay_teacher_m999__seed2,permuted_mnist,permuted_mnist,gate_teacher,replay-gate,agreement+teacher,False,mlp,symmetric,0.6,rate60,2,False,0.4835399999999999,0.4835399999999999,,0.11255,-0.11255,-0.010725,0.438,,,,0.1601550480233684,0.0932269235398087,0.0861582348625485,0.0070686886772601,False,0.0,,,,,,,4.8279805183410645,35.225088,535818,0.47412,0.009419999999999928,1,permuted_mnist::rate60,aligned
permuted_mnist__rate60_asym__replay_adaptive__seed0,permuted_mnist,permuted_mnist,replay_adaptive,other,?,,mlp,asymmetric,0.6,rate60_asym,0,False,0.2799,0.2799,,0.0241499999999999,-0.0119749999999999,0.004275,0.332,,,,-0.2216533141329202,0.1623899076926385,0.1945237648487325,-0.032133857156094,True,1.0,0.0,,,,,,6.346389293670654,35.225088,535818,0.32966,-0.049760000000000026,0,permuted_mnist::rate60_asym,inverted
permuted_mnist__rate60_asym__replay_adaptive__seed1,permuted_mnist,permuted_mnist,replay_adaptive,other,?,,mlp,asymmetric,0.6,rate60_asym,1,False,0.29672,0.29672,,0.0205,-0.01575,-0.0126749999999999,0.344,,,,-0.2523375380086328,0.1601635008796372,0.1942468063344131,-0.0340833054547759,True,1.0,0.0,,,,,,6.650408983230591,35.225088,535818,0.35048,-0.05376000000000003,0,permuted_mnist::rate60_asym,inverted
permuted_mnist__rate60_asym__replay_adaptive__seed2,permuted_mnist,permuted_mnist,replay_adaptive,other,?,,mlp,asymmetric,0.6,rate60_asym,2,False,0.27192,0.27192,,0.0300249999999999,-0.0137999999999999,-0.0154,0.346,,,,-0.2487631332499926,0.1597683264196596,0.1945978813093153,-0.0348295548896556,True,1.0,0.0,,,,,,6.381717681884766,35.225088,535818,0.32536,-0.05343999999999999,0,permuted_mnist::rate60_asym,inverted
permuted_mnist__rate60_asym__replay_agree__seed0,permuted_mnist,permuted_mnist,replay_agree,other,?,,mlp,asymmetric,0.6,rate60_asym,0,False,0.2794999999999999,0.2794999999999999,,0.0165999999999999,-0.0165999999999999,0.0066,0.334,,,,-0.3232556443785378,0.4122121193365052,0.579002414996106,-0.1667902956596008,True,1.0,0.0,,,,,,5.042030334472656,33.081344,535818,0.32966,-0.05016000000000009,0,permuted_mnist::rate60_asym,inverted
permuted_mnist__rate60_asym__replay_agree__seed1,permuted_mnist,permuted_mnist,replay_agree,other,?,,mlp,asymmetric,0.6,rate60_asym,1,False,0.29998,0.29998,,0.046375,-0.036075,-0.004275,0.328,,,,-0.3141198224613503,0.4264244012327187,0.6000058023931342,-0.1735814011604154,True,1.0,0.0,,,,,,5.139565467834473,33.081344,535818,0.35048,-0.05049999999999999,0,permuted_mnist::rate60_asym,inverted
permuted_mnist__rate60_asym__replay_agree__seed2,permuted_mnist,permuted_mnist,replay_agree,other,?,,mlp,asymmetric,0.6,rate60_asym,2,False,0.293,0.293,,0.02365,-0.015125,-0.017925,0.334,,,,-0.3112554361388469,0.4354748494405899,0.5998545832855215,-0.1643797338449316,True,1.0,0.0,,,,,,6.052598476409912,33.081344,535818,0.32536,-0.03236,0,permuted_mnist::rate60_asym,inverted
permuted_mnist__rate60_asym__replay_conf__seed0,permuted_mnist,permuted_mnist,gate_conf,replay-gate,confidence,True,mlp,asymmetric,0.6,rate60_asym,0,False,0.28188,0.28188,,0.0215249999999999,-0.0152749999999999,0.005375,0.35,,,,-0.0404718583535229,0.5949990140280025,0.6147283603233022,-0.0197293462952997,True,0.8,1.0,,,,,,5.227564096450806,33.081344,535818,0.32966,-0.04777999999999999,0,permuted_mnist::rate60_asym,inverted
permuted_mnist__rate60_asym__replay_conf__seed1,permuted_mnist,permuted_mnist,gate_conf,replay-gate,confidence,True,mlp,asymmetric,0.6,rate60_asym,1,False,0.32886,0.32886,,0.0113749999999999,0.0049249999999999,-0.01775,0.436,,,,-0.0375308513123041,0.6162121392896568,0.638995998124301,-0.0227838588346441,True,1.0,0.0,,,,,,5.048926591873169,33.081344,535818,0.35048,-0.021620000000000028,0,permuted_mnist::rate60_asym,inverted
permuted_mnist__rate60_asym__replay_conf__seed2,permuted_mnist,permuted_mnist,gate_conf,replay-gate,confidence,True,mlp,asymmetric,0.6,rate60_asym,2,False,0.3330599999999999,0.3330599999999999,,0.012475,0.070125,-0.0141,0.432,,,,-0.046354817414419,0.5926790642363466,0.6208932365430314,-0.0282141723066847,True,1.0,0.0,,,,,,5.632166624069214,33.081344,535818,0.32536,0.007699999999999929,1,permuted_mnist::rate60_asym,inverted
permuted_mnist__rate60_asym__replay_coteach__seed0,permuted_mnist,permuted_mnist,gate_coteach,replay-gate,co-teaching,False,mlp,asymmetric,0.6,rate60_asym,0,False,0.16662,0.16662,,0.1143,-0.10755,-0.002825,0.174,,,,-0.551650524149782,0.2223498497324805,0.5996783159071112,-0.3773284661746306,True,1.0,0.0,,,,,,5.394890785217285,41.65632,535818,0.32966,-0.16304000000000002,0,permuted_mnist::rate60_asym,inverted
permuted_mnist__rate60_asym__replay_coteach__seed1,permuted_mnist,permuted_mnist,gate_coteach,replay-gate,co-teaching,False,mlp,asymmetric,0.6,rate60_asym,1,False,0.21452,0.21452,,0.0998,-0.0998,-0.0138499999999999,0.162,,,,-0.5344792591806922,0.2294292269515889,0.5980306314997142,-0.3686014045481253,True,1.0,0.0,,,,,,5.511356353759766,41.65632,535818,0.35048,-0.13596000000000003,0,permuted_mnist::rate60_asym,inverted
permuted_mnist__rate60_asym__replay_coteach__seed2,permuted_mnist,permuted_mnist,gate_coteach,replay-gate,co-teaching,False,mlp,asymmetric,0.6,rate60_asym,2,False,0.1828599999999999,0.1828599999999999,,0.090075,-0.090075,-0.0182,0.192,,,,-0.5477419549076072,0.2265090981685295,0.5995593318051047,-0.3730502336365751,True,1.0,0.0,,,,,,5.528297662734985,41.65632,535818,0.32536,-0.14250000000000007,0,permuted_mnist::rate60_asym,inverted
permuted_mnist__rate60_asym__replay_early5__seed0,permuted_mnist,permuted_mnist,replay_early5,other,?,,mlp,asymmetric,0.6,rate60_asym,0,False,0.29058,0.29058,,0.0234499999999999,-0.0009749999999999,0.0040249999999999,0.322,,,,-0.1585696880549085,0.1823058442408444,0.2941284635750942,-0.1118226193342497,True,0.8,1.0,,,,,,4.421077728271484,35.225088,535818,0.32966,-0.039080000000000004,0,permuted_mnist::rate60_asym,inverted
permuted_mnist__rate60_asym__replay_early5__seed1,permuted_mnist,permuted_mnist,replay_early5,other,?,,mlp,asymmetric,0.6,rate60_asym,1,False,0.27374,0.27374,,0.034,-0.0334249999999999,-0.023525,0.278,,,,-0.2269129661512504,0.1855477643449029,0.2929142088940716,-0.1073664445491687,True,1.0,0.0,,,,,,4.411786079406738,35.225088,535818,0.35048,-0.07674000000000003,0,permuted_mnist::rate60_asym,inverted
permuted_mnist__rate60_asym__replay_early5__seed2,permuted_mnist,permuted_mnist,replay_early5,other,?,,mlp,asymmetric,0.6,rate60_asym,2,False,0.2979599999999999,0.2979599999999999,,0.00455,-0.00115,-0.016975,0.294,,,,-0.2212805397336004,0.1823037115900595,0.2797424790808137,-0.0974387674907542,True,1.0,0.0,,,,,,4.41913104057312,35.225088,535818,0.32536,-0.02740000000000009,0,permuted_mnist::rate60_asym,inverted
permuted_mnist__rate60_asym__replay_early__seed0,permuted_mnist,permuted_mnist,replay_early,other,?,,mlp,asymmetric,0.6,rate60_asym,0,False,0.21378,0.21378,,0.0657,-0.0614499999999999,0.0121499999999999,0.264,,,,-0.3715717612689301,0.2235559132046368,0.3512648818738613,-0.1277089686692244,True,1.0,0.0,,,,,,5.551727294921875,35.225088,535818,0.32966,-0.11588000000000001,0,permuted_mnist::rate60_asym,inverted
permuted_mnist__rate60_asym__replay_early__seed1,permuted_mnist,permuted_mnist,replay_early,other,?,,mlp,asymmetric,0.6,rate60_asym,1,False,0.2373,0.2373,,0.048325,-0.048325,-0.0124999999999999,0.296,,,,-0.3408441598125207,0.2376964131708849,0.333169645704329,-0.095473232533444,True,1.0,0.0,,,,,,4.677463531494141,35.225088,535818,0.35048,-0.11318,0,permuted_mnist::rate60_asym,inverted
permuted_mnist__rate60_asym__replay_early__seed2,permuted_mnist,permuted_mnist,replay_early,other,?,,mlp,asymmetric,0.6,rate60_asym,2,False,0.2445399999999999,0.2445399999999999,,0.056475,-0.046125,-0.01555,0.316,,,,-0.3393121104043493,0.2410296350269068,0.4203211339146644,-0.1792914988877576,True,1.0,0.0,,,,,,4.540507316589356,35.225088,535818,0.32536,-0.08082000000000009,0,permuted_mnist::rate60_asym,inverted
permuted_mnist__rate60_asym__replay_error__seed0,permuted_mnist,permuted_mnist,gate_loss,replay-gate,error,False,mlp,asymmetric,0.6,rate60_asym,0,False,0.24098,0.24098,,0.046625,-0.046625,-0.0045249999999999,0.302,,,,-0.3182305337277162,0.5199560461921197,0.6921383265232408,-0.1721822803311211,True,1.0,0.0,,,,,,5.201708555221558,33.081344,535818,0.32966,-0.08868000000000001,0,permuted_mnist::rate60_asym,inverted
permuted_mnist__rate60_asym__replay_error__seed1,permuted_mnist,permuted_mnist,gate_loss,replay-gate,error,False,mlp,asymmetric,0.6,rate60_asym,1,False,0.2591199999999999,0.2591199999999999,,0.037675,-0.031875,-0.0195,0.322,,,,-0.3005511999682491,0.5251258716102807,0.7015720503513811,-0.1764461787411004,True,1.0,0.0,,,,,,5.491312265396118,33.081344,535818,0.35048,-0.09136000000000011,0,permuted_mnist::rate60_asym,inverted
permuted_mnist__rate60_asym__replay_error__seed2,permuted_mnist,permuted_mnist,gate_loss,replay-gate,error,False,mlp,asymmetric,0.6,rate60_asym,2,False,0.24528,0.24528,,0.04355,-0.038,-0.0112249999999999,0.34,,,,-0.3006684208032221,0.5368341700785046,0.6944440839508308,-0.1576099138723261,True,1.0,0.0,,,,,,7.069246768951416,33.081344,535818,0.32536,-0.08007999999999998,0,permuted_mnist::rate60_asym,inverted
permuted_mnist__rate60_asym__replay_teacher__seed0,permuted_mnist,permuted_mnist,gate_teacher,replay-gate,agreement+teacher,False,mlp,asymmetric,0.6,rate60_asym,0,False,0.27066,0.27066,,0.0221,-0.0143249999999999,0.016625,0.348,,,,-0.2170376875998206,0.2767262339411238,0.3947713599181144,-0.1180451259769905,True,1.0,0.0,,,,,,5.153201103210449,35.225088,535818,0.32966,-0.059,0,permuted_mnist::rate60_asym,inverted
permuted_mnist__rate60_asym__replay_teacher__seed1,permuted_mnist,permuted_mnist,gate_teacher,replay-gate,agreement+teacher,False,mlp,asymmetric,0.6,rate60_asym,1,False,0.26704,0.26704,,0.03285,-0.03285,-0.0224499999999999,0.316,,,,-0.2241805038004753,0.2766149260586297,0.4112815174745629,-0.1346665914159331,True,1.0,0.0,,,,,,5.304971694946289,35.225088,535818,0.35048,-0.08344000000000001,0,permuted_mnist::rate60_asym,inverted
permuted_mnist__rate60_asym__replay_teacher__seed2,permuted_mnist,permuted_mnist,gate_teacher,replay-gate,agreement+teacher,False,mlp,asymmetric,0.6,rate60_asym,2,False,0.28356,0.28356,,0.0332999999999999,-0.0210749999999999,-0.014125,0.344,,,,-0.251474087676353,0.2858267321090384,0.4009891087960046,-0.1151623766869662,True,1.0,0.0,,,,,,5.821666955947876,35.225088,535818,0.32536,-0.041800000000000004,0,permuted_mnist::rate60_asym,inverted
permuted_mnist__rate60_asym__replay_teacher_m95__seed0,permuted_mnist,permuted_mnist,replay_teacher_m95,other,?,,mlp,asymmetric,0.6,rate60_asym,0,False,0.21356,0.21356,,0.07425,-0.07425,0.004225,0.272,,,,-0.3277505474760828,0.3702698010890196,0.5333833696444478,-0.1631135685554281,True,1.0,0.0,,,,,,5.177380800247192,35.225088,535818,0.32966,-0.11610000000000001,0,permuted_mnist::rate60_asym,inverted
permuted_mnist__rate60_asym__replay_teacher_m95__seed1,permuted_mnist,permuted_mnist,replay_teacher_m95,other,?,,mlp,asymmetric,0.6,rate60_asym,1,False,0.26214,0.26214,,0.03415,-0.032775,-0.0256749999999999,0.32,,,,-0.3156014989954717,0.3861978206250139,0.5444890641776147,-0.1582912435526007,True,1.0,0.0,,,,,,5.205155849456787,35.225088,535818,0.35048,-0.08834000000000003,0,permuted_mnist::rate60_asym,inverted
permuted_mnist__rate60_asym__replay_teacher_m95__seed2,permuted_mnist,permuted_mnist,replay_teacher_m95,other,?,,mlp,asymmetric,0.6,rate60_asym,2,False,0.23818,0.23818,,0.0423,-0.0423,-0.019425,0.298,,,,-0.3347645576676333,0.391876621489538,0.5574159661013119,-0.1655393446117739,True,1.0,0.0,,,,,,5.8750293254852295,35.225088,535818,0.32536,-0.08717999999999998,0,permuted_mnist::rate60_asym,inverted
permuted_mnist__rate60_asym__replay_teacher_m999__seed0,permuted_mnist,permuted_mnist,gate_teacher,replay-gate,agreement+teacher,False,mlp,asymmetric,0.6,rate60_asym,0,False,0.3190199999999999,0.3190199999999999,,0.03465,0.0198249999999999,0.0197,0.41,,,,-0.0283316580430862,0.1041811881394452,0.0987705961532923,0.0054105919861529,True,0.6,0.0,,,,,,5.044536828994751,35.225088,535818,0.32966,-0.010640000000000094,0,permuted_mnist::rate60_asym,aligned
permuted_mnist__rate60_asym__replay_teacher_m999__seed1,permuted_mnist,permuted_mnist,gate_teacher,replay-gate,agreement+teacher,False,mlp,asymmetric,0.6,rate60_asym,1,False,0.31334,0.31334,,0.0431249999999999,-0.042925,-0.026875,0.382,,,,-0.1000255848174626,0.0919964338784021,0.0999453685374464,-0.0079489346590443,True,1.0,0.0,,,,,,5.113128185272217,35.225088,535818,0.35048,-0.037140000000000006,0,permuted_mnist::rate60_asym,inverted
permuted_mnist__rate60_asym__replay_teacher_m999__seed2,permuted_mnist,permuted_mnist,gate_teacher,replay-gate,agreement+teacher,False,mlp,asymmetric,0.6,rate60_asym,2,False,0.33424,0.33424,,0.003975,0.0458999999999999,-0.015675,0.41,,,,-0.0939900799620257,0.0943760402684211,0.0989165343209407,-0.0045404940525195,True,1.0,0.0,,,,,,5.997341871261597,35.225088,535818,0.32536,0.008879999999999999,1,permuted_mnist::rate60_asym,inverted
permuted_mnist__rate80__replay_adaptive__seed0,permuted_mnist,permuted_mnist,replay_adaptive,other,?,,mlp,symmetric,0.8,rate80,0,False,0.26622,0.26622,,0.028125,-0.028125,-0.007875,0.242,,,,0.2035379484999986,0.1069604730137554,0.0907846113101244,0.016175861703631,False,0.0,,,,,,,6.500720977783203,35.225088,535818,0.2439,0.022320000000000007,1,permuted_mnist::rate80,aligned
permuted_mnist__rate80__replay_adaptive__seed1,permuted_mnist,permuted_mnist,replay_adaptive,other,?,,mlp,symmetric,0.8,rate80,1,False,0.23076,0.23076,,0.04595,-0.04595,0.010825,0.23,,,,0.1630097062940596,0.1040299805655913,0.0930279323099849,0.0110020482556063,False,0.0,,,,,,,6.725143194198608,35.225088,535818,0.23678,-0.006019999999999998,0,permuted_mnist::rate80,aligned
permuted_mnist__rate80__replay_adaptive__seed2,permuted_mnist,permuted_mnist,replay_adaptive,other,?,,mlp,symmetric,0.8,rate80,2,False,0.21864,0.21864,,0.0282249999999999,-0.0223999999999999,-0.007725,0.198,,,,0.1735358698524267,0.1174017422131996,0.0956402862464149,0.0217614559667846,False,0.0,,,,,,,5.999840974807739,35.225088,535818,0.2046199999999999,0.014020000000000088,1,permuted_mnist::rate80,aligned
permuted_mnist__rate80__replay_agree__seed0,permuted_mnist,permuted_mnist,replay_agree,other,?,,mlp,symmetric,0.8,rate80,0,False,0.29346,0.29346,,0.0282499999999999,-0.019775,-0.0098999999999999,0.278,,,,0.2290705990817706,0.1870247708401132,0.1199074135917578,0.0671173572483553,False,0.0,,,,,,,4.37080192565918,33.081344,535818,0.2439,0.04955999999999999,1,permuted_mnist::rate80,aligned
permuted_mnist__rate80__replay_agree__seed1,permuted_mnist,permuted_mnist,replay_agree,other,?,,mlp,symmetric,0.8,rate80,1,False,0.2958599999999999,0.2958599999999999,,0.019075,0.0093499999999999,0.0241499999999999,0.308,,,,0.2085257785323751,0.1983125424795661,0.1217182446689777,0.0765942978105883,False,0.0,,,,,,,4.465086936950684,33.081344,535818,0.23678,0.05907999999999991,1,permuted_mnist::rate80,aligned
permuted_mnist__rate80__replay_agree__seed2,permuted_mnist,permuted_mnist,replay_agree,other,?,,mlp,symmetric,0.8,rate80,2,False,0.28348,0.28348,,0.0112,0.0318749999999999,-0.003575,0.292,,,,0.1925771687822273,0.2101491181171639,0.127838746510638,0.0823103716065259,False,0.0,,,,,,,5.3874192237854,33.081344,535818,0.2046199999999999,0.0788600000000001,1,permuted_mnist::rate80,aligned
permuted_mnist__rate80__replay_coteach__seed0,permuted_mnist,permuted_mnist,gate_coteach,replay-gate,co-teaching,False,mlp,symmetric,0.8,rate80,0,False,0.34516,0.34516,,0.0200249999999999,0.03875,-0.0268249999999999,0.446,,,,0.4307604656795574,0.2452356302538115,0.1032895487837292,0.1419460814700823,False,0.0,,,,,,,5.503831148147583,41.65632,535818,0.2439,0.10126000000000002,1,permuted_mnist::rate80,aligned
permuted_mnist__rate80__replay_coteach__seed1,permuted_mnist,permuted_mnist,gate_coteach,replay-gate,co-teaching,False,mlp,symmetric,0.8,rate80,1,False,0.3344399999999999,0.3344399999999999,,0.0148249999999999,0.0216,0.0294499999999999,0.36,,,,0.3917653262250929,0.2487152414093262,0.1076251599906445,0.1410900814186816,False,0.0,,,,,,,5.4901158809661865,41.65632,535818,0.23678,0.09765999999999991,1,permuted_mnist::rate80,aligned
permuted_mnist__rate80__replay_coteach__seed2,permuted_mnist,permuted_mnist,gate_coteach,replay-gate,co-teaching,False,mlp,symmetric,0.8,rate80,2,False,0.3244,0.3244,,0.0261499999999999,-0.005525,0.0154749999999999,0.374,,,,0.4098354953719395,0.2543940504559571,0.1057076475700795,0.1486864028858776,False,0.0,,,,,,,5.373398065567017,41.65632,535818,0.2046199999999999,0.11978000000000011,1,permuted_mnist::rate80,aligned
permuted_mnist__rate80__replay_early5__seed0,permuted_mnist,permuted_mnist,replay_early5,other,?,,mlp,symmetric,0.8,rate80,0,False,0.23806,0.23806,,0.0556,-0.0554499999999999,-0.00245,0.246,,,,0.1694836896624609,0.1343219457236312,0.1124516506137132,0.0218702951099179,False,0.0,,,,,,,4.374014139175415,35.225088,535818,0.2439,-0.005840000000000012,0,permuted_mnist::rate80,aligned
permuted_mnist__rate80__replay_early5__seed1,permuted_mnist,permuted_mnist,replay_early5,other,?,,mlp,symmetric,0.8,rate80,1,False,0.24512,0.24512,,0.0320999999999999,-0.0273499999999999,0.0105,0.218,,,,0.1023393483745036,0.1311668527125638,0.1094910041457298,0.021675848566834,False,0.0,,,,,,,4.4075608253479,35.225088,535818,0.23678,0.008340000000000014,1,permuted_mnist::rate80,aligned
permuted_mnist__rate80__replay_early5__seed2,permuted_mnist,permuted_mnist,replay_early5,other,?,,mlp,symmetric,0.8,rate80,2,False,0.23728,0.23728,,0.061825,-0.0603499999999999,0.0030999999999999,0.276,,,,0.0885529454877992,0.1579327975984959,0.1022281994600398,0.0557045981384561,False,0.0,,,,,,,4.474744558334351,35.225088,535818,0.2046199999999999,0.03266000000000008,1,permuted_mnist::rate80,aligned
permuted_mnist__rate80__replay_early__seed0,permuted_mnist,permuted_mnist,replay_early,other,?,,mlp,symmetric,0.8,rate80,0,False,0.23828,0.23828,,0.0434249999999999,-0.0319499999999999,0.0139749999999999,0.27,,,,0.1688202868871416,0.1053833307969513,0.0905507663169439,0.0148325644800074,False,0.0,,,,,,,6.21172571182251,35.225088,535818,0.2439,-0.005620000000000014,0,permuted_mnist::rate80,aligned
permuted_mnist__rate80__replay_early__seed1,permuted_mnist,permuted_mnist,replay_early,other,?,,mlp,symmetric,0.8,rate80,1,False,0.2385,0.2385,,0.04605,-0.00915,0.0421249999999999,0.236,,,,0.2280843641055263,0.1105782120298277,0.0941314205994051,0.0164467914304226,False,0.0,,,,,,,6.3261878490448,35.225088,535818,0.23678,0.0017199999999999993,1,permuted_mnist::rate80,aligned
permuted_mnist__rate80__replay_early__seed2,permuted_mnist,permuted_mnist,replay_early,other,?,,mlp,symmetric,0.8,rate80,2,False,0.2646,0.2646,,0.029625,-0.0080499999999999,0.0093249999999999,0.276,,,,0.1719024558047205,0.1099920674120034,0.090291686576357,0.0197003808356464,False,0.0,,,,,,,4.546324729919434,35.225088,535818,0.2046199999999999,0.05998000000000009,1,permuted_mnist::rate80,aligned
permuted_mnist__rate80__replay_teacher__seed0,permuted_mnist,permuted_mnist,gate_teacher,replay-gate,agreement+teacher,False,mlp,symmetric,0.8,rate80,0,False,0.23878,0.23878,,0.041225,-0.02325,-0.0029249999999999,0.228,,,,0.1723490160215628,0.1377325957189659,0.1060143418269146,0.0317182538920513,False,0.0,,,,,,,4.523653745651245,35.225088,535818,0.2439,-0.005120000000000013,0,permuted_mnist::rate80,aligned
permuted_mnist__rate80__replay_teacher__seed1,permuted_mnist,permuted_mnist,gate_teacher,replay-gate,agreement+teacher,False,mlp,symmetric,0.8,rate80,1,False,0.2605,0.2605,,0.024375,-0.02055,0.030325,0.272,,,,0.1796207762343752,0.138572692914881,0.1072538227441928,0.0313188701706882,False,0.0,,,,,,,4.405105113983154,35.225088,535818,0.23678,0.02372000000000002,1,permuted_mnist::rate80,aligned
permuted_mnist__rate80__replay_teacher__seed2,permuted_mnist,permuted_mnist,gate_teacher,replay-gate,agreement+teacher,False,mlp,symmetric,0.8,rate80,2,False,0.22738,0.22738,,0.0349999999999999,-0.033325,0.018025,0.234,,,,0.1463497723310851,0.1426767476331607,0.1101714854854959,0.0325052621476647,False,0.0,,,,,,,5.408643007278442,35.225088,535818,0.2046199999999999,0.022760000000000086,1,permuted_mnist::rate80,aligned
permuted_mnist__rate80__replay_teacher_m95__seed0,permuted_mnist,permuted_mnist,replay_teacher_m95,other,?,,mlp,symmetric,0.8,rate80,0,False,0.31006,0.31006,,0.0280749999999999,-0.0066749999999999,-0.0137,0.298,,,,0.2055371806939194,0.1750031618500771,0.1232732195467013,0.0517299423033758,False,0.0,,,,,,,4.555986881256104,35.225088,535818,0.2439,0.06616,1,permuted_mnist::rate80,aligned
permuted_mnist__rate80__replay_teacher_m95__seed1,permuted_mnist,permuted_mnist,replay_teacher_m95,other,?,,mlp,symmetric,0.8,rate80,1,False,0.2484,0.2484,,0.0367499999999999,-0.0275999999999999,0.00985,0.222,,,,0.183323965702329,0.1651639409058442,0.1169419450651547,0.0482219958406895,False,0.0,,,,,,,4.588160991668701,35.225088,535818,0.23678,0.01162000000000002,1,permuted_mnist::rate80,aligned
permuted_mnist__rate80__replay_teacher_m95__seed2,permuted_mnist,permuted_mnist,replay_teacher_m95,other,?,,mlp,symmetric,0.8,rate80,2,False,0.2300199999999999,0.2300199999999999,,0.03215,-0.027,0.0013999999999999,0.252,,,,0.1714207856747923,0.1710881394136334,0.1115722001990438,0.0595159392145895,False,0.0,,,,,,,5.577237606048584,35.225088,535818,0.2046199999999999,0.025399999999999978,1,permuted_mnist::rate80,aligned
permuted_mnist__rate80__replay_teacher_m999__seed0,permuted_mnist,permuted_mnist,gate_teacher,replay-gate,agreement+teacher,False,mlp,symmetric,0.8,rate80,0,False,0.21438,0.21438,,0.0604249999999999,-0.0604249999999999,0.011075,0.194,,,,0.0787300428757555,0.0890707734527628,0.0848180415823667,0.0042527318703961,False,0.0,,,,,,,4.543733358383179,35.225088,535818,0.2439,-0.02952000000000002,0,permuted_mnist::rate80,aligned
permuted_mnist__rate80__replay_teacher_m999__seed1,permuted_mnist,permuted_mnist,gate_teacher,replay-gate,agreement+teacher,False,mlp,symmetric,0.8,rate80,1,False,0.20688,0.20688,,0.06385,-0.0628,0.0096499999999999,0.186,,,,0.0812902397984697,0.0874807239757685,0.0867114456986004,0.0007692782771681,False,0.0,,,,,,,4.522039175033569,35.225088,535818,0.23678,-0.029899999999999982,0,permuted_mnist::rate80,aligned
permuted_mnist__rate80__replay_teacher_m999__seed2,permuted_mnist,permuted_mnist,gate_teacher,replay-gate,agreement+teacher,False,mlp,symmetric,0.8,rate80,2,False,0.21106,0.21106,,0.0441499999999999,-0.0399999999999999,0.01165,0.226,,,,0.0673032871708683,0.0947521054779336,0.0869123345149345,0.007839770962999,False,0.0,,,,,,,5.394113540649414,35.225088,535818,0.2046199999999999,0.0064400000000000845,1,permuted_mnist::rate80,aligned
split_mnist__rate20__replay_adaptive__seed0,split_mnist,split_mnist,replay_adaptive,other,?,,mlp,symmetric,0.2,rate20,0,True,0.9575972717910346,,0.9575972717910346,0.0131445701932035,-0.0131445701932035,0.0657851549391712,0.918,,,,0.9052375628024124,0.7413171307512743,0.3148577372152088,0.4264593935360654,False,0.0,,,,,,,4.333903789520264,35.235328,535818,0.8717825308948935,0.08581474089614105,1,split_mnist::rate20,aligned
split_mnist__rate20__replay_adaptive__seed1,split_mnist,split_mnist,replay_adaptive,other,?,,mlp,symmetric,0.2,rate20,1,True,0.9469497581407984,,0.9469497581407984,0.0193747827090396,-0.0134981911321542,0.0621915665139072,0.92,,,,0.8960322172132684,0.7018363106428043,0.3554987091869393,0.3463376014558649,False,0.0,,,,,,,4.181783676147461,35.235328,535818,0.8609360312438401,0.0860137268969583,1,split_mnist::rate20,aligned
split_mnist__rate20__replay_adaptive__seed2,split_mnist,split_mnist,replay_adaptive,other,?,,mlp,symmetric,0.2,rate20,2,True,0.9528881643804444,,0.9528881643804444,0.0270986983685718,-0.0270986983685718,0.0149767809492951,0.926,,,,0.8835501461057952,0.7327788077820939,0.3184239098841446,0.4143548978979492,False,0.0,,,,,,,4.291774272918701,35.235328,535818,0.8690186817454014,0.08386948263504301,1,split_mnist::rate20,aligned
split_mnist__rate20__replay_agree__seed0,split_mnist,split_mnist,replay_agree,other,?,,mlp,symmetric,0.2,rate20,0,True,0.9602919659092256,,0.9602919659092256,0.0101649440723193,-0.0038949333999607,-0.0945166359595872,0.948,,,,0.9118315532076842,0.8327594721628542,0.2426108142579253,0.5901486579049289,False,0.0,,,,,,,3.905194997787476,33.089536,535818,0.8717825308948935,0.08850943501433206,1,split_mnist::rate20,aligned
split_mnist__rate20__replay_agree__seed1,split_mnist,split_mnist,replay_agree,other,?,,mlp,symmetric,0.2,rate20,1,True,0.957958787463904,,0.957958787463904,0.0076031587258586,0.0010231368261917,0.0418874991374955,0.962,,,,0.918793865190031,0.8406635191665305,0.2527494062707152,0.5879141128958153,False,0.0,,,,,,,3.897928714752197,33.089536,535818,0.8609360312438401,0.09702275622006384,1,split_mnist::rate20,aligned
split_mnist__rate20__replay_agree__seed2,split_mnist,split_mnist,replay_agree,other,?,,mlp,symmetric,0.2,rate20,2,True,0.9707279528365288,,0.9707279528365288,0.0129570633224014,0.0002015257432717,0.0683062053277005,0.954,,,,0.9142903367028228,0.8390460464117788,0.2427946139263194,0.5962514324854593,False,0.0,,,,,,,3.671354055404663,33.089536,535818,0.8690186817454014,0.10170927109112737,1,split_mnist::rate20,aligned
split_mnist__rate20__replay_teacher__seed0,split_mnist,split_mnist,gate_teacher,replay-gate,agreement+teacher,False,mlp,symmetric,0.2,rate20,0,True,0.9441696317120852,,0.9441696317120852,0.0202574525796697,-0.0143876553544829,-0.1078986077809844,0.902,,,,0.7623395176901673,0.6548449830097175,0.3656560434185976,0.2891889395911198,False,0.0,,,,,,,3.5627281665802,35.235328,535818,0.8717825308948935,0.07238710081719169,1,split_mnist::rate20,aligned
split_mnist__rate20__replay_teacher__seed1,split_mnist,split_mnist,gate_teacher,replay-gate,agreement+teacher,False,mlp,symmetric,0.2,rate20,1,True,0.9188664484634784,,0.9188664484634784,0.0382980810037756,-0.0311971995150391,-0.0380181399205864,0.894,,,,0.7469053274534444,0.6661651284535947,0.3700869337145139,0.2960781947390807,False,0.0,,,,,,,3.4274723529815674,35.235328,535818,0.8609360312438401,0.05793041721963832,1,split_mnist::rate20,aligned
split_mnist__rate20__replay_teacher__seed2,split_mnist,split_mnist,gate_teacher,replay-gate,agreement+teacher,False,mlp,symmetric,0.2,rate20,2,True,0.9347830421563992,,0.9347830421563992,0.0385431681318179,-0.0385431681318179,0.0734619544825358,0.87,,,,0.7561848338260311,0.6865062291641736,0.3432902364057975,0.3432159927583761,False,0.0,,,,,,,3.58135724067688,35.235328,535818,0.8690186817454014,0.06576436041099776,1,split_mnist::rate20,aligned
split_mnist__rate20__replay_teacher_m95__seed0,split_mnist,split_mnist,replay_teacher_m95,other,?,,mlp,symmetric,0.2,rate20,0,True,0.960520646018972,,0.960520646018972,0.0115588641391871,0.0005563586422681,-0.1220686810405723,0.94,,,,0.8812993736868258,0.7930410068550376,0.2612004892536155,0.531840517601422,False,0.0,,,,,,,3.60687780380249,35.235328,535818,0.8717825308948935,0.08873811512407848,1,split_mnist::rate20,aligned
split_mnist__rate20__replay_teacher_m95__seed1,split_mnist,split_mnist,replay_teacher_m95,other,?,,mlp,symmetric,0.2,rate20,1,True,0.963779171556156,,0.963779171556156,0.0107076162601856,-0.0035901961383374,-0.0811865410372072,0.946,,,,0.8763990758552526,0.7995890991578284,0.2542248733670056,0.5453642257908228,False,0.0,,,,,,,3.624763011932373,35.235328,535818,0.8609360312438401,0.1028431403123159,1,split_mnist::rate20,aligned
split_mnist__rate20__replay_teacher_m95__seed2,split_mnist,split_mnist,replay_teacher_m95,other,?,,mlp,symmetric,0.2,rate20,2,True,0.9613309621254326,,0.9613309621254326,0.0171098111256753,-0.0118453645047155,-0.0239789448563252,0.92,,,,0.8750606481369921,0.8007450657734441,0.2518874545693582,0.5488576112040858,False,0.0,,,,,,,3.620254278182984,35.235328,535818,0.8690186817454014,0.09231228038003114,1,split_mnist::rate20,aligned
split_mnist__rate20__replay_teacher_m999__seed0,split_mnist,split_mnist,gate_teacher,replay-gate,agreement+teacher,False,mlp,symmetric,0.2,rate20,0,True,0.933485786779662,,0.933485786779662,0.0319091473580217,-0.0276402039215223,-0.0252775768554871,0.85,,,,0.4873228503236486,0.5202361743719144,0.4812366253817859,0.0389995489901284,False,0.0,,,,,,,3.692990779876709,35.235328,535818,0.8717825308948935,0.06170325588476844,1,split_mnist::rate20,aligned
split_mnist__rate20__replay_teacher_m999__seed1,split_mnist,split_mnist,gate_teacher,replay-gate,agreement+teacher,False,mlp,symmetric,0.2,rate20,1,True,0.8971680576992869,,0.8971680576992869,0.0840279917933761,-0.0840279917933761,-0.0516075897383443,0.804,,,,0.3731199374725671,0.5092482540953378,0.4919729603143452,0.0172752937809926,False,0.0,,,,,,,4.115466594696045,35.235328,535818,0.8609360312438401,0.036232026455446764,1,split_mnist::rate20,aligned
split_mnist__rate20__replay_teacher_m999__seed2,split_mnist,split_mnist,gate_teacher,replay-gate,agreement+teacher,False,mlp,symmetric,0.2,rate20,2,True,0.9071239796713872,,0.9071239796713872,0.0720760413732084,-0.0720760413732084,-0.0663455168289475,0.854,,,,0.2180936130400082,0.5127551421693104,0.4885311274520378,0.0242240147172725,False,0.2,,,,,,,3.574901580810547,35.235328,535818,0.8690186817454014,0.038105297925985826,1,split_mnist::rate20,aligned
split_mnist__rate40__replay_adaptive__seed0,split_mnist,split_mnist,replay_adaptive,other,?,,mlp,symmetric,0.4,rate40,0,True,0.7275721194249977,,0.7275721194249977,0.0403612897097884,-0.0086810569875634,-0.0708287451448202,0.678,,,,0.6529941025032486,0.5872616701287305,0.4678429868995281,0.1194186832292024,False,0.0,,,,,,,4.584424734115601,35.235328,535818,0.6081398343246456,0.11943228510035209,1,split_mnist::rate40,aligned
split_mnist__rate40__replay_adaptive__seed1,split_mnist,split_mnist,replay_adaptive,other,?,,mlp,symmetric,0.4,rate40,1,True,0.7192996253675947,,0.7192996253675947,0.0776058597995624,-0.0590085432548979,0.04490862243281,0.678,,,,0.644324732688865,0.5953998303228711,0.4549623408050268,0.1404374895178443,False,0.0,,,,,,,3.8078927993774414,35.235328,535818,0.6548466577626542,0.06445296760494057,1,split_mnist::rate40,aligned
split_mnist__rate40__replay_adaptive__seed2,split_mnist,split_mnist,replay_adaptive,other,?,,mlp,symmetric,0.4,rate40,2,True,0.7005233513599343,,0.7005233513599343,0.1273939814384229,-0.1042280661450128,-0.0198580807025096,0.658,,,,0.58365034448716,0.5573559825541012,0.4843601181292484,0.0729958644248528,False,0.0,,,,,,,3.928490877151489,35.235328,535818,0.6804595397575841,0.020063811602350157,1,split_mnist::rate40,aligned
split_mnist__rate40__replay_agree__seed0,split_mnist,split_mnist,replay_agree,other,?,,mlp,symmetric,0.4,rate40,0,True,0.7687795979072648,,0.7687795979072648,0.0397029400707958,0.0108805383158145,-0.0230364323397438,0.738,,,,0.6543645880432952,0.6478180265853919,0.4403686954351196,0.2074493311502722,False,0.0,,,,,,,3.5170915126800537,33.089536,535818,0.6081398343246456,0.16063976358261922,1,split_mnist::rate40,aligned
split_mnist__rate40__replay_agree__seed1,split_mnist,split_mnist,replay_agree,other,?,,mlp,symmetric,0.4,rate40,1,True,0.7700069080748214,,0.7700069080748214,0.0383561614901478,0.0022162572675252,-0.037540366090275,0.732,,,,0.6736056378290259,0.6772520633368369,0.408768445145572,0.2684836181912648,False,0.0,,,,,,,3.351825714111328,33.089536,535818,0.6548466577626542,0.11516025031216726,1,split_mnist::rate40,aligned
split_mnist__rate40__replay_agree__seed2,split_mnist,split_mnist,replay_agree,other,?,,mlp,symmetric,0.4,rate40,2,True,0.7727208977211995,,0.7727208977211995,0.0489321600941697,-0.0377261835733586,0.0300441924593441,0.74,,,,0.6662066866580391,0.6433236343981634,0.4486088104219113,0.194714823976252,False,0.0,,,,,,,4.8415374755859375,33.089536,535818,0.6804595397575841,0.09226135796361534,1,split_mnist::rate40,aligned
split_mnist__rate40__replay_coteach__seed0,split_mnist,split_mnist,gate_coteach,replay-gate,co-teaching,False,mlp,symmetric,0.4,rate40,0,True,0.8801166675095269,,0.8801166675095269,0.0161938534278959,0.1041871160707522,-0.0432665672991531,0.89,,,,0.8299592963169063,0.8260646674907213,0.1821905268105672,0.643874140680154,False,0.0,,,,,,,3.5971896648406982,41.662464,535818,0.6081398343246456,0.2719768331848813,1,split_mnist::rate40,aligned
split_mnist__rate40__replay_coteach__seed1,split_mnist,split_mnist,gate_coteach,replay-gate,co-teaching,False,mlp,symmetric,0.4,rate40,1,True,0.8671597894096219,,0.8671597894096219,0.0400203295800019,0.0425805999828913,0.0086491958903204,0.88,,,,0.7741443090416397,0.8303157337701703,0.1867562089696206,0.6435595248005497,False,0.0,,,,,,,3.673623561859131,41.662464,535818,0.6548466577626542,0.21231313164696775,1,split_mnist::rate40,aligned
split_mnist__rate40__replay_coteach__seed2,split_mnist,split_mnist,gate_coteach,replay-gate,co-teaching,False,mlp,symmetric,0.4,rate40,2,True,0.8991094401051496,,0.8991094401051496,0.0156826050271416,0.0547761090691451,0.0045205430821576,0.888,,,,0.8597582297338743,0.7905011203326558,0.2319133790310104,0.5585877413016455,False,0.0,,,,,,,3.671463251113892,41.662464,535818,0.6804595397575841,0.21864990034756548,1,split_mnist::rate40,aligned
split_mnist__rate40__replay_early5__seed0,split_mnist,split_mnist,replay_early5,other,?,,mlp,symmetric,0.4,rate40,0,True,0.7159930923394275,,0.7159930923394275,0.0722049912083562,-0.0654013626064352,-0.0021108453106694,0.68,,,,0.6804602001429882,0.6107504380192248,0.400612677562444,0.2101377604567807,False,0.0,,,,,,,2.823235511779785,35.235328,535818,0.6081398343246456,0.10785325801478196,1,split_mnist::rate40,aligned
split_mnist__rate40__replay_early5__seed1,split_mnist,split_mnist,replay_early5,other,?,,mlp,symmetric,0.4,rate40,1,True,0.7450945115736995,,0.7450945115736995,0.0790422452401859,-0.051729666674741,0.0220806619266626,0.722,,,,0.7193803713570082,0.6204905119555206,0.3901680208752043,0.2303224910803162,False,0.0,,,,,,,2.90691351890564,35.235328,535818,0.6548466577626542,0.09024785381104539,1,split_mnist::rate40,aligned
split_mnist__rate40__replay_early5__seed2,split_mnist,split_mnist,replay_early5,other,?,,mlp,symmetric,0.4,rate40,2,True,0.7553892469409298,,0.7553892469409298,0.0584332108557597,-0.0482716045873954,0.0210881063319125,0.71,,,,0.6408216235958031,0.5965531596158027,0.4213763015663297,0.1751768580494729,False,0.0,,,,,,,2.8281407356262207,35.235328,535818,0.6804595397575841,0.07492970718334568,1,split_mnist::rate40,aligned
split_mnist__rate40__replay_early__seed0,split_mnist,split_mnist,replay_early,other,?,,mlp,symmetric,0.4,rate40,0,True,0.7385760525884664,,0.7385760525884664,0.0217514014496361,0.001959165679716,0.0041013972078094,0.68,,,,0.7248597800569208,0.6109941867661093,0.4239526839256654,0.1870415028404439,False,0.0,,,,,,,2.853572130203247,35.235328,535818,0.6081398343246456,0.1304362182638208,1,split_mnist::rate40,aligned
split_mnist__rate40__replay_early__seed1,split_mnist,split_mnist,replay_early,other,?,,mlp,symmetric,0.4,rate40,1,True,0.7409360746715268,,0.7409360746715268,0.0275413711583924,-0.0033014080293059,-0.0548803726845451,0.714,,,,0.7457814939866337,0.6270295584996058,0.3957133369012526,0.2313162215983532,False,0.0,,,,,,,2.841773271560669,35.235328,535818,0.6548466577626542,0.08608941690887262,1,split_mnist::rate40,aligned
split_mnist__rate40__replay_early__seed2,split_mnist,split_mnist,replay_early,other,?,,mlp,symmetric,0.4,rate40,2,True,0.7488233815381787,,0.7488233815381787,0.0773580646163723,-0.0544266225359941,0.0636056136128001,0.708,,,,0.7664009965851715,0.6148733244098609,0.4210907325141864,0.1937825918956744,False,0.0,,,,,,,2.844890594482422,35.235328,535818,0.6804595397575841,0.06836384178059463,1,split_mnist::rate40,aligned
split_mnist__rate40__replay_teacher__seed0,split_mnist,split_mnist,gate_teacher,replay-gate,agreement+teacher,False,mlp,symmetric,0.4,rate40,0,True,0.6686669908109419,,0.6686669908109419,0.123900892251694,-0.1204323757095381,0.0081753823485221,0.66,,,,0.6623941335552834,0.5627863257386173,0.4593962315033127,0.1033900942353046,False,0.0,,,,,,,3.4285788536071777,35.235328,535818,0.6081398343246456,0.06052715648629636,1,split_mnist::rate40,aligned
split_mnist__rate40__replay_teacher__seed1,split_mnist,split_mnist,gate_teacher,replay-gate,agreement+teacher,False,mlp,symmetric,0.4,rate40,1,True,0.7398945870658368,,0.7398945870658368,0.0701504698205856,-0.0344002180582493,0.020079147054502,0.66,,,,0.5694934650149807,0.5680152347991103,0.4576610553701002,0.1103541794290101,False,0.0,,,,,,,3.4124886989593506,35.235328,535818,0.6548466577626542,0.08504792930318261,1,split_mnist::rate40,aligned
split_mnist__rate40__replay_teacher__seed2,split_mnist,split_mnist,gate_teacher,replay-gate,agreement+teacher,False,mlp,symmetric,0.4,rate40,2,True,0.6963993312229377,,0.6963993312229377,0.1376563048155274,-0.1376563048155274,-0.0624688619393093,0.626,,,,0.5585889366719543,0.556505267904623,0.4769783428670552,0.0795269250375677,False,0.0,,,,,,,4.150056838989258,35.235328,535818,0.6804595397575841,0.015939791465353625,1,split_mnist::rate40,aligned
split_mnist__rate40__replay_teacher_m95__seed0,split_mnist,split_mnist,replay_teacher_m95,other,?,,mlp,symmetric,0.4,rate40,0,True,0.7364484678366364,,0.7364484678366364,0.0602383931301644,-0.0215367766236294,-0.0681565267079001,0.692,,,,0.6845669961187657,0.6313938704259591,0.4436944048667126,0.1876994655592464,False,0.0,,,,,,,3.5068726539611816,35.235328,535818,0.6081398343246456,0.12830863351199084,1,split_mnist::rate40,aligned
split_mnist__rate40__replay_teacher_m95__seed1,split_mnist,split_mnist,replay_teacher_m95,other,?,,mlp,symmetric,0.4,rate40,1,True,0.7846513605038394,,0.7846513605038394,0.0459801013071816,0.0483300203638622,0.028189982673313,0.748,,,,0.7178300651234778,0.6347533826746043,0.4237972622104625,0.2109561204641418,False,0.0,,,,,,,3.5210156440734863,35.235328,535818,0.6548466577626542,0.12980470274118527,1,split_mnist::rate40,aligned
split_mnist__rate40__replay_teacher_m95__seed2,split_mnist,split_mnist,replay_teacher_m95,other,?,,mlp,symmetric,0.4,rate40,2,True,0.7271473894141227,,0.7271473894141227,0.0696868526153677,-0.0695644236241826,0.0539701083374156,0.706,,,,0.6900549780806249,0.6317164096290552,0.4410520383076496,0.1906643713214055,False,0.0,,,,,,,4.122961282730103,35.235328,535818,0.6804595397575841,0.046687849656538605,1,split_mnist::rate40,aligned
split_mnist__rate40__replay_teacher_m999__seed0,split_mnist,split_mnist,gate_teacher,replay-gate,agreement+teacher,False,mlp,symmetric,0.4,rate40,0,True,0.6709219567157234,,0.6709219567157234,0.1085935654936759,-0.0561286590675833,0.0280221334384864,0.614,,,,0.4242681274415026,0.5132614395878188,0.4854748086741829,0.0277866309136358,False,0.0,,,,,,,3.4002838134765625,35.235328,535818,0.6081398343246456,0.06278212239107783,1,split_mnist::rate40,aligned
split_mnist__rate40__replay_teacher_m999__seed1,split_mnist,split_mnist,gate_teacher,replay-gate,agreement+teacher,False,mlp,symmetric,0.4,rate40,1,True,0.7050854675461247,,0.7050854675461247,0.1051948218139072,-0.0876973394372707,0.0876018170741995,0.626,,,,0.3023064971578432,0.5103897807381085,0.490922428936162,0.0194673518019464,False,0.0,,,,,,,3.472484827041626,35.235328,535818,0.6548466577626542,0.050238809783470506,1,split_mnist::rate40,aligned
split_mnist__rate40__replay_teacher_m999__seed2,split_mnist,split_mnist,gate_teacher,replay-gate,agreement+teacher,False,mlp,symmetric,0.4,rate40,2,True,0.6329230766025545,,0.6329230766025545,0.1445145536999727,-0.1405892476666929,-0.0471185555300801,0.61,,,,0.0839177245150315,0.506399961423754,0.4944688939666619,0.0119310674570921,True,0.4,1.0,,,,,,3.625845432281494,35.235328,535818,0.6804595397575841,-0.047536463155029574,0,split_mnist::rate40,aligned
split_mnist__rate40_asym__replay_adaptive__seed0,split_mnist,split_mnist,replay_adaptive,other,?,,mlp,asymmetric,0.4,rate40_asym,0,True,0.7275721194249977,,0.7275721194249977,0.0403612897097884,-0.0086810569875634,-0.0708287451448202,0.678,,,,0.6529941025032486,0.5872616701287305,0.4678429868995281,0.1194186832292024,False,0.0,,,,,,,5.568913221359253,35.235328,535818,0.6081398343246456,0.11943228510035209,1,split_mnist::rate40_asym,aligned
split_mnist__rate40_asym__replay_adaptive__seed1,split_mnist,split_mnist,replay_adaptive,other,?,,mlp,asymmetric,0.4,rate40_asym,1,True,0.7192996253675947,,0.7192996253675947,0.0776058597995624,-0.0590085432548979,0.04490862243281,0.678,,,,0.644324732688865,0.5953998303228711,0.4549623408050268,0.1404374895178443,False,0.0,,,,,,,5.660593986511231,35.235328,535818,0.6548466577626542,0.06445296760494057,1,split_mnist::rate40_asym,aligned
split_mnist__rate40_asym__replay_adaptive__seed2,split_mnist,split_mnist,replay_adaptive,other,?,,mlp,asymmetric,0.4,rate40_asym,2,True,0.7005233513599343,,0.7005233513599343,0.1273939814384229,-0.1042280661450128,-0.0198580807025096,0.658,,,,0.58365034448716,0.5573559825541012,0.4843601181292484,0.0729958644248528,False,0.0,,,,,,,5.47101616859436,35.235328,535818,0.6804595397575841,0.020063811602350157,1,split_mnist::rate40_asym,aligned
split_mnist__rate40_asym__replay_agree__seed0,split_mnist,split_mnist,replay_agree,other,?,,mlp,asymmetric,0.4,rate40_asym,0,True,0.7687795979072648,,0.7687795979072648,0.0397029400707958,0.0108805383158145,-0.0230364323397438,0.738,,,,0.6543645880432952,0.6478180265853919,0.4403686954351196,0.2074493311502722,False,0.0,,,,,,,3.435861825942993,33.089536,535818,0.6081398343246456,0.16063976358261922,1,split_mnist::rate40_asym,aligned
split_mnist__rate40_asym__replay_agree__seed1,split_mnist,split_mnist,replay_agree,other,?,,mlp,asymmetric,0.4,rate40_asym,1,True,0.7700069080748214,,0.7700069080748214,0.0383561614901478,0.0022162572675252,-0.037540366090275,0.732,,,,0.6736056378290259,0.6772520633368369,0.408768445145572,0.2684836181912648,False,0.0,,,,,,,3.2693707942962646,33.089536,535818,0.6548466577626542,0.11516025031216726,1,split_mnist::rate40_asym,aligned
split_mnist__rate40_asym__replay_agree__seed2,split_mnist,split_mnist,replay_agree,other,?,,mlp,asymmetric,0.4,rate40_asym,2,True,0.7727208977211995,,0.7727208977211995,0.0489321600941697,-0.0377261835733586,0.0300441924593441,0.74,,,,0.6662066866580391,0.6433236343981634,0.4486088104219113,0.194714823976252,False,0.0,,,,,,,2.975260019302368,33.089536,535818,0.6804595397575841,0.09226135796361534,1,split_mnist::rate40_asym,aligned
split_mnist__rate40_asym__replay_conf__seed0,split_mnist,split_mnist,gate_conf,replay-gate,confidence,True,mlp,asymmetric,0.4,rate40_asym,0,True,0.659998511710947,,0.659998511710947,0.0996114517084194,-0.0828024869272028,-0.1430186965690979,0.686,,,,0.1023422613651703,0.0988386121158641,0.0744402109068856,0.0243984012089785,False,0.0,,,,,,,2.88903284072876,33.089536,535818,0.6081398343246456,0.051858677386301455,1,split_mnist::rate40_asym,aligned
split_mnist__rate40_asym__replay_conf__seed1,split_mnist,split_mnist,gate_conf,replay-gate,confidence,True,mlp,asymmetric,0.4,rate40_asym,1,True,0.6896197060001912,,0.6896197060001912,0.0731061567551875,-0.0680234144384027,-0.0111023868696306,0.664,,,,0.0964766367516098,0.0927557707784954,0.073466248291908,0.0192895224865873,False,0.0,,,,,,,2.9479899406433105,33.089536,535818,0.6548466577626542,0.03477304823753702,1,split_mnist::rate40_asym,aligned
split_mnist__rate40_asym__replay_conf__seed2,split_mnist,split_mnist,gate_conf,replay-gate,confidence,True,mlp,asymmetric,0.4,rate40_asym,2,True,0.617757803835141,,0.617757803835141,0.187701576890751,-0.187701576890751,-0.0313153768185706,0.63,,,,0.1057538899783731,0.0921013774816629,0.0704443512508505,0.0216570262308124,False,0.0,,,,,,,5.019636392593384,33.089536,535818,0.6804595397575841,-0.0627017359224431,0,split_mnist::rate40_asym,aligned
split_mnist__rate40_asym__replay_error__seed0,split_mnist,split_mnist,gate_loss,replay-gate,error,False,mlp,asymmetric,0.4,rate40_asym,0,True,0.7436996920072944,,0.7436996920072944,0.0753323183641891,0.0254128671716424,-0.0152747842263339,0.716,,,,0.6213479011991414,0.7969215325408345,0.6180920385730947,0.1788294939677398,False,0.0,,,,,,,5.578458786010742,33.089536,535818,0.6081398343246456,0.13555985768264878,1,split_mnist::rate40_asym,aligned
split_mnist__rate40_asym__replay_error__seed1,split_mnist,split_mnist,gate_loss,replay-gate,error,False,mlp,asymmetric,0.4,rate40_asym,1,True,0.7239809249759808,,0.7239809249759808,0.0633177396722264,-0.0381162311695145,0.0393841845789015,0.712,,,,0.6392227256296161,0.81364930841171,0.5843407763128453,0.2293085320988647,False,0.0,,,,,,,3.873761177062988,33.089536,535818,0.6548466577626542,0.0691342672133266,1,split_mnist::rate40_asym,aligned
split_mnist__rate40_asym__replay_error__seed2,split_mnist,split_mnist,gate_loss,replay-gate,error,False,mlp,asymmetric,0.4,rate40_asym,2,True,0.7413023428852583,,0.7413023428852583,0.0476257649616007,-0.040021709465336,0.0403872851136704,0.678,,,,0.6231679788385251,0.7949613038869604,0.6226336817912455,0.1723276220957149,False,0.0,,,,,,,3.188793897628784,33.089536,535818,0.6804595397575841,0.060842803127674205,1,split_mnist::rate40_asym,aligned
split_mnist__rate40_asym__replay_teacher__seed0,split_mnist,split_mnist,gate_teacher,replay-gate,agreement+teacher,False,mlp,asymmetric,0.4,rate40_asym,0,True,0.6686669908109419,,0.6686669908109419,0.123900892251694,-0.1204323757095381,0.0081753823485221,0.66,,,,0.6623941335552834,0.5627863257386173,0.4593962315033127,0.1033900942353046,False,0.0,,,,,,,3.348801612854004,35.235328,535818,0.6081398343246456,0.06052715648629636,1,split_mnist::rate40_asym,aligned
split_mnist__rate40_asym__replay_teacher__seed1,split_mnist,split_mnist,gate_teacher,replay-gate,agreement+teacher,False,mlp,asymmetric,0.4,rate40_asym,1,True,0.7398945870658368,,0.7398945870658368,0.0701504698205856,-0.0344002180582493,0.020079147054502,0.66,,,,0.5694934650149807,0.5680152347991103,0.4576610553701002,0.1103541794290101,False,0.0,,,,,,,3.487180709838867,35.235328,535818,0.6548466577626542,0.08504792930318261,1,split_mnist::rate40_asym,aligned
split_mnist__rate40_asym__replay_teacher__seed2,split_mnist,split_mnist,gate_teacher,replay-gate,agreement+teacher,False,mlp,asymmetric,0.4,rate40_asym,2,True,0.6963993312229377,,0.6963993312229377,0.1376563048155274,-0.1376563048155274,-0.0624688619393093,0.626,,,,0.5585889366719543,0.556505267904623,0.4769783428670552,0.0795269250375677,False,0.0,,,,,,,4.980748414993286,35.235328,535818,0.6804595397575841,0.015939791465353625,1,split_mnist::rate40_asym,aligned
split_mnist__rate40_asym__replay_teacher_m95__seed0,split_mnist,split_mnist,replay_teacher_m95,other,?,,mlp,asymmetric,0.4,rate40_asym,0,True,0.7364484678366364,,0.7364484678366364,0.0602383931301644,-0.0215367766236294,-0.0681565267079001,0.692,,,,0.6845669961187657,0.6313938704259591,0.4436944048667126,0.1876994655592464,False,0.0,,,,,,,3.1894750595092773,35.235328,535818,0.6081398343246456,0.12830863351199084,1,split_mnist::rate40_asym,aligned
split_mnist__rate40_asym__replay_teacher_m95__seed1,split_mnist,split_mnist,replay_teacher_m95,other,?,,mlp,asymmetric,0.4,rate40_asym,1,True,0.7846513605038394,,0.7846513605038394,0.0459801013071816,0.0483300203638622,0.028189982673313,0.748,,,,0.7178300651234778,0.6347533826746043,0.4237972622104625,0.2109561204641418,False,0.0,,,,,,,3.171882390975952,35.235328,535818,0.6548466577626542,0.12980470274118527,1,split_mnist::rate40_asym,aligned
split_mnist__rate40_asym__replay_teacher_m95__seed2,split_mnist,split_mnist,replay_teacher_m95,other,?,,mlp,asymmetric,0.4,rate40_asym,2,True,0.7271473894141227,,0.7271473894141227,0.0696868526153677,-0.0695644236241826,0.0539701083374156,0.706,,,,0.6900549780806249,0.6317164096290552,0.4410520383076496,0.1906643713214055,False,0.0,,,,,,,3.3048837184906006,35.235328,535818,0.6804595397575841,0.046687849656538605,1,split_mnist::rate40_asym,aligned
split_mnist__rate40_asym__replay_teacher_m999__seed0,split_mnist,split_mnist,gate_teacher,replay-gate,agreement+teacher,False,mlp,asymmetric,0.4,rate40_asym,0,True,0.6709219567157234,,0.6709219567157234,0.1085935654936759,-0.0561286590675833,0.0280221334384864,0.614,,,,0.4242681274415026,0.5132614395878188,0.4854748086741829,0.0277866309136358,False,0.0,,,,,,,3.3981428146362305,35.235328,535818,0.6081398343246456,0.06278212239107783,1,split_mnist::rate40_asym,aligned
split_mnist__rate40_asym__replay_teacher_m999__seed1,split_mnist,split_mnist,gate_teacher,replay-gate,agreement+teacher,False,mlp,asymmetric,0.4,rate40_asym,1,True,0.7050854675461247,,0.7050854675461247,0.1051948218139072,-0.0876973394372707,0.0876018170741995,0.626,,,,0.3023064971578432,0.5103897807381085,0.490922428936162,0.0194673518019464,False,0.0,,,,,,,3.1328372955322266,35.235328,535818,0.6548466577626542,0.050238809783470506,1,split_mnist::rate40_asym,aligned
split_mnist__rate40_asym__replay_teacher_m999__seed2,split_mnist,split_mnist,gate_teacher,replay-gate,agreement+teacher,False,mlp,asymmetric,0.4,rate40_asym,2,True,0.6329230766025545,,0.6329230766025545,0.1445145536999727,-0.1405892476666929,-0.0471185555300801,0.61,,,,0.0839177245150315,0.506399961423754,0.4944688939666619,0.0119310674570921,True,0.4,1.0,,,,,,5.6908464431762695,35.235328,535818,0.6804595397575841,-0.047536463155029574,0,split_mnist::rate40_asym,aligned
split_mnist__rate60__replay_adaptive__seed0,split_mnist,split_mnist,replay_adaptive,other,?,,mlp,symmetric,0.6,rate60,0,True,0.2812022027992759,,0.2812022027992759,0.2402375195253759,-0.0118505781666092,-0.0379663579323717,0.326,,,,-0.6081987318915503,0.4577455804238386,0.583054894094356,-0.1253093136705172,True,1.0,0.0,,,,,,4.863938570022583,35.235328,535818,0.3233654206432282,-0.04216321784395233,0,split_mnist::rate60,inverted
split_mnist__rate60__replay_adaptive__seed1,split_mnist,split_mnist,replay_adaptive,other,?,,mlp,symmetric,0.6,rate60,1,True,0.3350710962193273,,0.3350710962193273,0.1172439600300284,0.1057695434218923,0.074101506477187,0.328,,,,-0.6249879495389143,0.4635501658871318,0.5861364040710032,-0.1225862381838713,True,1.0,0.0,,,,,,4.293216943740845,35.235328,535818,0.3189298790150996,0.016141217204227676,1,split_mnist::rate60,inverted
split_mnist__rate60__replay_adaptive__seed2,split_mnist,split_mnist,replay_adaptive,other,?,,mlp,symmetric,0.6,rate60,2,True,0.2988839667253751,,0.2988839667253751,0.1138101692094,0.0455120985621665,-0.0567629020437891,0.33,,,,-0.6315791856214519,0.4600431611104802,0.598648742808782,-0.1386055816983017,True,1.0,0.0,,,,,,4.37259578704834,35.235328,535818,0.3491351517877671,-0.05025118506239201,0,split_mnist::rate60,inverted
split_mnist__rate60__replay_agree__seed0,split_mnist,split_mnist,replay_agree,other,?,,mlp,symmetric,0.6,rate60,0,True,0.1942313540702182,,0.1942313540702182,0.2874490591699069,-0.039055959400016,-0.0319249804041108,0.254,,,,-0.6752359470819455,0.4502366061882188,0.6609709608608987,-0.2107343546726798,True,1.0,0.0,,,,,,3.4179530143737797,33.089536,535818,0.3233654206432282,-0.12913406657301002,0,split_mnist::rate60,inverted
split_mnist__rate60__replay_agree__seed1,split_mnist,split_mnist,replay_agree,other,?,,mlp,symmetric,0.6,rate60,1,True,0.2152523022915267,,0.2152523022915267,0.1884128344301036,-0.1030357469213347,-0.0157136909304919,0.334,,,,-0.6338618104456349,0.4378774136970892,0.6477098210559536,-0.2098324073588644,True,1.0,0.0,,,,,,3.2609028816223145,33.089536,535818,0.3189298790150996,-0.10367757672357292,0,split_mnist::rate60,inverted
split_mnist__rate60__replay_agree__seed2,split_mnist,split_mnist,replay_agree,other,?,,mlp,symmetric,0.6,rate60,2,True,0.2321533846832941,,0.2321533846832941,0.1706236452006995,0.0084170034630132,-0.0647969237970818,0.278,,,,-0.6530907366350673,0.440193911076057,0.6531192865382894,-0.2129253754622324,True,1.0,0.0,,,,,,3.353299379348755,33.089536,535818,0.3491351517877671,-0.116981767104473,0,split_mnist::rate60,inverted
split_mnist__rate60__replay_coteach__seed0,split_mnist,split_mnist,gate_coteach,replay-gate,co-teaching,False,mlp,symmetric,0.6,rate60,0,True,0.0941158447866042,,0.0941158447866042,0.3271120666231931,-0.0264189868803498,-0.1405454186368711,0.088,,,,-0.8756993402804512,0.173754729455497,0.8555465093447059,-0.6817917798892088,True,1.0,0.0,,,,,,3.731533050537109,41.662464,535818,0.3233654206432282,-0.229249575856624,0,split_mnist::rate60,inverted
split_mnist__rate60__replay_coteach__seed1,split_mnist,split_mnist,gate_coteach,replay-gate,co-teaching,False,mlp,symmetric,0.6,rate60,1,True,0.1844694430831306,,0.1844694430831306,0.2454014876112349,-0.0900417589052507,-0.0461464732381407,0.164,,,,-0.7218632505291888,0.2108803170050184,0.7970983172891041,-0.5862180002840857,True,1.0,0.0,,,,,,3.615929365158081,41.662464,535818,0.3189298790150996,-0.13446043593196902,0,split_mnist::rate60,inverted
split_mnist__rate60__replay_coteach__seed2,split_mnist,split_mnist,gate_coteach,replay-gate,co-teaching,False,mlp,symmetric,0.6,rate60,2,True,0.1055749047363684,,0.1055749047363684,0.2704354668174379,-0.0701295942252073,-0.0644134233287494,0.134,,,,-0.8624007282711474,0.2024816261856469,0.8185301695252668,-0.6160485433396199,True,1.0,0.0,,,,,,3.6034185886383057,41.662464,535818,0.3491351517877671,-0.24356024705139873,0,split_mnist::rate60,inverted
split_mnist__rate60__replay_early5__seed0,split_mnist,split_mnist,replay_early5,other,?,,mlp,symmetric,0.6,rate60,0,True,0.2550756760710961,,0.2550756760710961,0.1890175978662886,0.0484180999117749,-0.0870760391875033,0.252,,,,-0.6998305910900564,0.4094685137709232,0.5999702148231807,-0.1905017010522575,True,1.0,0.0,,,,,,2.875174760818481,35.235328,535818,0.3233654206432282,-0.0682897445721321,0,split_mnist::rate60,inverted
split_mnist__rate60__replay_early5__seed1,split_mnist,split_mnist,replay_early5,other,?,,mlp,symmetric,0.6,rate60,1,True,0.2767885673305398,,0.2767885673305398,0.2129855423353747,0.0249054422516011,0.0568968418993946,0.35,,,,-0.569424094185399,0.4216031624975078,0.5900523013078297,-0.1684491388103219,True,1.0,0.0,,,,,,2.803685188293457,35.235328,535818,0.3189298790150996,-0.04214131168455981,0,split_mnist::rate60,inverted
split_mnist__rate60__replay_early5__seed2,split_mnist,split_mnist,replay_early5,other,?,,mlp,symmetric,0.6,rate60,2,True,0.2720863265778795,,0.2720863265778795,0.1963024482639246,0.020195577609081,0.0611481898745493,0.306,,,,-0.7439135600635617,0.3721358682339949,0.6463295867295792,-0.2741937184955842,True,1.0,0.0,,,,,,2.787675142288208,35.235328,535818,0.3491351517877671,-0.0770488252098876,0,split_mnist::rate60,inverted
split_mnist__rate60__replay_early__seed0,split_mnist,split_mnist,replay_early,other,?,,mlp,symmetric,0.6,rate60,0,True,0.2378561885081757,,0.2378561885081757,0.2394807149840348,0.0294088844360041,-0.0762661438689951,0.28,,,,-0.7666225035150303,0.4207520754318924,0.6155373637533769,-0.1947852883214844,True,1.0,0.0,,,,,,2.9193294048309326,35.235328,535818,0.3233654206432282,-0.08550923213505252,0,split_mnist::rate60,inverted
split_mnist__rate60__replay_early__seed1,split_mnist,split_mnist,replay_early,other,?,,mlp,symmetric,0.6,rate60,1,True,0.2412840329812594,,0.2412840329812594,0.2179105812320775,-0.0058790173019789,0.0402877582115283,0.29,,,,-0.6939560708946078,0.4123072218375676,0.6087896364523718,-0.1964824146148042,True,1.0,0.0,,,,,,2.8221442699432373,35.235328,535818,0.3189298790150996,-0.07764584603384023,0,split_mnist::rate60,inverted
split_mnist__rate60__replay_early__seed2,split_mnist,split_mnist,replay_early,other,?,,mlp,symmetric,0.6,rate60,2,True,0.2290121605243492,,0.2290121605243492,0.1419147705977798,0.0328817304331785,-0.1038537025322523,0.252,,,,-0.7101818885486466,0.4556130946292789,0.577048221375236,-0.1214351267459571,True,1.0,0.0,,,,,,2.8729796409606934,35.235328,535818,0.3491351517877671,-0.12012299126341791,0,split_mnist::rate60,inverted
split_mnist__rate60__replay_teacher__seed0,split_mnist,split_mnist,gate_teacher,replay-gate,agreement+teacher,False,mlp,symmetric,0.6,rate60,0,True,0.2435163230830603,,0.2435163230830603,0.2376620768546446,0.0447512660606864,-0.0541404049250279,0.312,,,,-0.5848353139182406,0.4588166071494188,0.5757514289013981,-0.1169348217519792,True,1.0,0.0,,,,,,3.4788947105407715,35.235328,535818,0.3233654206432282,-0.07984909756016792,0,split_mnist::rate60,inverted
split_mnist__rate60__replay_teacher__seed1,split_mnist,split_mnist,gate_teacher,replay-gate,agreement+teacher,False,mlp,symmetric,0.6,rate60,1,True,0.3053520916807524,,0.3053520916807524,0.1768512851106373,0.0583429768226185,0.1323263776246248,0.342,,,,-0.5559556883945993,0.4782792298179684,0.5454520612722262,-0.0671728314542577,True,1.0,0.0,,,,,,3.551888465881348,35.235328,535818,0.3189298790150996,-0.013577787334347224,0,split_mnist::rate60,inverted
split_mnist__rate60__replay_teacher__seed2,split_mnist,split_mnist,gate_teacher,replay-gate,agreement+teacher,False,mlp,symmetric,0.6,rate60,2,True,0.3614839516450467,,0.3614839516450467,0.1096668361459775,0.1602992657979191,0.021149955166169,0.36,,,,-0.5851233904306612,0.4724494407873879,0.5598734192439213,-0.0874239784565334,True,1.0,0.0,,,,,,3.734071493148804,35.235328,535818,0.3491351517877671,0.012348799857279602,1,split_mnist::rate60,inverted
split_mnist__rate60__replay_teacher_m95__seed0,split_mnist,split_mnist,replay_teacher_m95,other,?,,mlp,symmetric,0.6,rate60,0,True,0.246166125742575,,0.246166125742575,0.2936872582555692,0.0477309200332131,-0.0205037164830961,0.286,,,,-0.6928917121376531,0.4397343013454569,0.6305915322768991,-0.1908572309314422,True,1.0,0.0,,,,,,3.524319648742676,35.235328,535818,0.3233654206432282,-0.07719929490065322,0,split_mnist::rate60,inverted
split_mnist__rate60__replay_teacher_m95__seed1,split_mnist,split_mnist,replay_teacher_m95,other,?,,mlp,symmetric,0.6,rate60,1,True,0.2489568153654511,,0.2489568153654511,0.2710842334051312,-0.0308856879691367,-0.0270032227993589,0.332,,,,-0.6674946924601871,0.4339452757392869,0.6244751683219025,-0.1905298925826156,True,1.0,0.0,,,,,,3.4267287254333496,35.235328,535818,0.3189298790150996,-0.0699730636496485,0,split_mnist::rate60,inverted
split_mnist__rate60__replay_teacher_m95__seed2,split_mnist,split_mnist,replay_teacher_m95,other,?,,mlp,symmetric,0.6,rate60,2,True,0.3180604234484991,,0.3180604234484991,0.0404662312278782,0.0765922890446605,-0.0784836330897039,0.362,,,,-0.6745074374309753,0.4355774933867382,0.6348115395928845,-0.1992340462061462,True,1.0,0.0,,,,,,3.414337396621704,35.235328,535818,0.3491351517877671,-0.031074728339268,0,split_mnist::rate60,inverted
split_mnist__rate60__replay_teacher_m999__seed0,split_mnist,split_mnist,gate_teacher,replay-gate,agreement+teacher,False,mlp,symmetric,0.6,rate60,0,True,0.3543996034863524,,0.3543996034863524,0.1321630165343445,0.1062607382128057,-0.0325693916742239,0.418,,,,0.0346708875722334,0.4968336693904613,0.5050857349544783,-0.0082520655640169,False,0.2,,,,,,,3.444629669189453,35.235328,535818,0.3233654206432282,0.031034182843124203,1,split_mnist::rate60,inverted
split_mnist__rate60__replay_teacher_m999__seed1,split_mnist,split_mnist,gate_teacher,replay-gate,agreement+teacher,False,mlp,symmetric,0.6,rate60,1,True,0.3666429949353696,,0.3666429949353696,0.1067998257860644,0.1094862070431277,0.098410459232264,0.448,,,,-0.2105803662978195,0.5002427065553087,0.5012573295769592,-0.0010146230216505,True,0.8,2.0,,,,,,3.3905029296875,35.235328,535818,0.3189298790150996,0.04771311592027,1,split_mnist::rate60,inverted
split_mnist__rate60__replay_teacher_m999__seed2,split_mnist,split_mnist,gate_teacher,replay-gate,agreement+teacher,False,mlp,symmetric,0.6,rate60,2,True,0.3694475037462633,,0.3694475037462633,0.1143473453091983,0.1545649414695075,0.0181230813852994,0.416,,,,-0.1537069332243731,0.5059520597531922,0.4949430135472005,0.0110090462059916,True,0.6,0.0,,,,,,3.8140580654144287,35.235328,535818,0.3491351517877671,0.020312351958496178,1,split_mnist::rate60,aligned
split_mnist__rate60_asym__replay_adaptive__seed0,split_mnist,split_mnist,replay_adaptive,other,?,,mlp,asymmetric,0.6,rate60_asym,0,True,0.2812022027992759,,0.2812022027992759,0.2402375195253759,-0.0118505781666092,-0.0379663579323717,0.326,,,,-0.6081987318915503,0.4577455804238386,0.583054894094356,-0.1253093136705172,True,1.0,0.0,,,,,,4.927623510360718,35.235328,535818,0.3233654206432282,-0.04216321784395233,0,split_mnist::rate60_asym,inverted
split_mnist__rate60_asym__replay_adaptive__seed1,split_mnist,split_mnist,replay_adaptive,other,?,,mlp,asymmetric,0.6,rate60_asym,1,True,0.3350710962193273,,0.3350710962193273,0.1172439600300284,0.1057695434218923,0.074101506477187,0.328,,,,-0.6249879495389143,0.4635501658871318,0.5861364040710032,-0.1225862381838713,True,1.0,0.0,,,,,,4.829638481140137,35.235328,535818,0.3189298790150996,0.016141217204227676,1,split_mnist::rate60_asym,inverted
split_mnist__rate60_asym__replay_adaptive__seed2,split_mnist,split_mnist,replay_adaptive,other,?,,mlp,asymmetric,0.6,rate60_asym,2,True,0.2988839667253751,,0.2988839667253751,0.1138101692094,0.0455120985621665,-0.0567629020437891,0.33,,,,-0.6315791856214519,0.4600431611104802,0.598648742808782,-0.1386055816983017,True,1.0,0.0,,,,,,5.47334885597229,35.235328,535818,0.3491351517877671,-0.05025118506239201,0,split_mnist::rate60_asym,inverted
split_mnist__rate60_asym__replay_agree__seed0,split_mnist,split_mnist,replay_agree,other,?,,mlp,asymmetric,0.6,rate60_asym,0,True,0.1942313540702182,,0.1942313540702182,0.2874490591699069,-0.039055959400016,-0.0319249804041108,0.254,,,,-0.6752359470819455,0.4502366061882188,0.6609709608608987,-0.2107343546726798,True,1.0,0.0,,,,,,3.197023630142212,33.089536,535818,0.3233654206432282,-0.12913406657301002,0,split_mnist::rate60_asym,inverted
split_mnist__rate60_asym__replay_agree__seed1,split_mnist,split_mnist,replay_agree,other,?,,mlp,asymmetric,0.6,rate60_asym,1,True,0.2152523022915267,,0.2152523022915267,0.1884128344301036,-0.1030357469213347,-0.0157136909304919,0.334,,,,-0.6338618104456349,0.4378774136970892,0.6477098210559536,-0.2098324073588644,True,1.0,0.0,,,,,,3.1542789936065674,33.089536,535818,0.3189298790150996,-0.10367757672357292,0,split_mnist::rate60_asym,inverted
split_mnist__rate60_asym__replay_agree__seed2,split_mnist,split_mnist,replay_agree,other,?,,mlp,asymmetric,0.6,rate60_asym,2,True,0.2321533846832941,,0.2321533846832941,0.1706236452006995,0.0084170034630132,-0.0647969237970818,0.278,,,,-0.6530907366350673,0.440193911076057,0.6531192865382894,-0.2129253754622324,True,1.0,0.0,,,,,,4.242374420166016,33.089536,535818,0.3491351517877671,-0.116981767104473,0,split_mnist::rate60_asym,inverted
split_mnist__rate60_asym__replay_conf__seed0,split_mnist,split_mnist,gate_conf,replay-gate,confidence,True,mlp,asymmetric,0.6,rate60_asym,0,True,0.3228624225221733,,0.3228624225221733,0.1921808178496458,0.0773518743884617,-0.0126520156682995,0.336,,,,-0.1071494563414853,0.0677241559683446,0.0886222783091144,-0.0208981223407697,True,1.0,0.0,,,,,,2.8116371631622314,33.089536,535818,0.3233654206432282,-0.0005029981210549206,0,split_mnist::rate60_asym,inverted
split_mnist__rate60_asym__replay_conf__seed1,split_mnist,split_mnist,gate_conf,replay-gate,confidence,True,mlp,asymmetric,0.6,rate60_asym,1,True,0.4158755471524057,,0.4158755471524057,0.0784400375820019,0.1178474000115032,0.003461368697166,0.38,,,,-0.0951036673559383,0.0678818846166585,0.0832667314265078,-0.0153848468098493,True,1.0,0.0,,,,,,3.2832255363464355,33.089536,535818,0.3189298790150996,0.0969456681373061,1,split_mnist::rate60_asym,inverted
split_mnist__rate60_asym__replay_conf__seed2,split_mnist,split_mnist,gate_conf,replay-gate,confidence,True,mlp,asymmetric,0.6,rate60_asym,2,True,0.3559292237441,,0.3559292237441,0.1393303511761408,0.1332020886177292,0.0517599809157003,0.338,,,,-0.0918134575270905,0.0759589447671457,0.0936585654828323,-0.0176996207156865,True,1.0,0.0,,,,,,3.5926458835601807,33.089536,535818,0.3491351517877671,0.006794071956332914,1,split_mnist::rate60_asym,inverted
split_mnist__rate60_asym__replay_coteach__seed0,split_mnist,split_mnist,gate_coteach,replay-gate,co-teaching,False,mlp,asymmetric,0.6,rate60_asym,0,True,0.0941158447866042,,0.0941158447866042,0.3271120666231931,-0.0264189868803498,-0.1405454186368711,0.088,,,,-0.8756993402804512,0.173754729455497,0.8555465093447059,-0.6817917798892088,True,1.0,0.0,,,,,,3.603384494781494,41.662464,535818,0.3233654206432282,-0.229249575856624,0,split_mnist::rate60_asym,inverted
split_mnist__rate60_asym__replay_coteach__seed1,split_mnist,split_mnist,gate_coteach,replay-gate,co-teaching,False,mlp,asymmetric,0.6,rate60_asym,1,True,0.1844694430831306,,0.1844694430831306,0.2454014876112349,-0.0900417589052507,-0.0461464732381407,0.164,,,,-0.7218632505291888,0.2108803170050184,0.7970983172891041,-0.5862180002840857,True,1.0,0.0,,,,,,3.636597394943237,41.662464,535818,0.3189298790150996,-0.13446043593196902,0,split_mnist::rate60_asym,inverted
split_mnist__rate60_asym__replay_coteach__seed2,split_mnist,split_mnist,gate_coteach,replay-gate,co-teaching,False,mlp,asymmetric,0.6,rate60_asym,2,True,0.1055749047363684,,0.1055749047363684,0.2704354668174379,-0.0701295942252073,-0.0644134233287494,0.134,,,,-0.8624007282711474,0.2024816261856469,0.8185301695252668,-0.6160485433396199,True,1.0,0.0,,,,,,3.645940542221069,41.662464,535818,0.3491351517877671,-0.24356024705139873,0,split_mnist::rate60_asym,inverted
split_mnist__rate60_asym__replay_early5__seed0,split_mnist,split_mnist,replay_early5,other,?,,mlp,asymmetric,0.6,rate60_asym,0,True,0.2550756760710961,,0.2550756760710961,0.1890175978662886,0.0484180999117749,-0.0870760391875033,0.252,,,,-0.6998305910900564,0.4094685137709232,0.5999702148231807,-0.1905017010522575,True,1.0,0.0,,,,,,2.727781057357788,35.235328,535818,0.3233654206432282,-0.0682897445721321,0,split_mnist::rate60_asym,inverted
split_mnist__rate60_asym__replay_early5__seed1,split_mnist,split_mnist,replay_early5,other,?,,mlp,asymmetric,0.6,rate60_asym,1,True,0.2767885673305398,,0.2767885673305398,0.2129855423353747,0.0249054422516011,0.0568968418993946,0.35,,,,-0.569424094185399,0.4216031624975078,0.5900523013078297,-0.1684491388103219,True,1.0,0.0,,,,,,2.8784422874450684,35.235328,535818,0.3189298790150996,-0.04214131168455981,0,split_mnist::rate60_asym,inverted
split_mnist__rate60_asym__replay_early5__seed2,split_mnist,split_mnist,replay_early5,other,?,,mlp,asymmetric,0.6,rate60_asym,2,True,0.2720863265778795,,0.2720863265778795,0.1963024482639246,0.020195577609081,0.0611481898745493,0.306,,,,-0.7439135600635617,0.3721358682339949,0.6463295867295792,-0.2741937184955842,True,1.0,0.0,,,,,,2.80169677734375,35.235328,535818,0.3491351517877671,-0.0770488252098876,0,split_mnist::rate60_asym,inverted
split_mnist__rate60_asym__replay_early__seed0,split_mnist,split_mnist,replay_early,other,?,,mlp,asymmetric,0.6,rate60_asym,0,True,0.2378561885081757,,0.2378561885081757,0.2394807149840348,0.0294088844360041,-0.0762661438689951,0.28,,,,-0.7666225035150303,0.4207520754318924,0.6155373637533769,-0.1947852883214844,True,1.0,0.0,,,,,,2.880763530731201,35.235328,535818,0.3233654206432282,-0.08550923213505252,0,split_mnist::rate60_asym,inverted
split_mnist__rate60_asym__replay_early__seed1,split_mnist,split_mnist,replay_early,other,?,,mlp,asymmetric,0.6,rate60_asym,1,True,0.2412840329812594,,0.2412840329812594,0.2179105812320775,-0.0058790173019789,0.0402877582115283,0.29,,,,-0.6939560708946078,0.4123072218375676,0.6087896364523718,-0.1964824146148042,True,1.0,0.0,,,,,,2.856128454208374,35.235328,535818,0.3189298790150996,-0.07764584603384023,0,split_mnist::rate60_asym,inverted
split_mnist__rate60_asym__replay_early__seed2,split_mnist,split_mnist,replay_early,other,?,,mlp,asymmetric,0.6,rate60_asym,2,True,0.2290121605243492,,0.2290121605243492,0.1419147705977798,0.0328817304331785,-0.1038537025322523,0.252,,,,-0.7101818885486466,0.4556130946292789,0.577048221375236,-0.1214351267459571,True,1.0,0.0,,,,,,2.9146249294281006,35.235328,535818,0.3491351517877671,-0.12012299126341791,0,split_mnist::rate60_asym,inverted
split_mnist__rate60_asym__replay_error__seed0,split_mnist,split_mnist,gate_loss,replay-gate,error,False,mlp,asymmetric,0.6,rate60_asym,0,True,0.2636637322898009,,0.2636637322898009,0.218344823217011,-0.0139780823011174,-0.0749698322060854,0.35,,,,-0.6388780551850959,0.616613380548255,0.7995692144354034,-0.1829558338871484,True,1.0,0.0,,,,,,3.62118411064148,33.089536,535818,0.3233654206432282,-0.05970168835342732,0,split_mnist::rate60_asym,inverted
split_mnist__rate60_asym__replay_error__seed1,split_mnist,split_mnist,gate_loss,replay-gate,error,False,mlp,asymmetric,0.6,rate60_asym,1,True,0.2448804883166982,,0.2448804883166982,0.2405517209830854,-0.0410878911498884,0.0271679367480837,0.32,,,,-0.6217493115116463,0.6167579330611184,0.7963589709337491,-0.1796010378726307,True,1.0,0.0,,,,,,3.2690584659576416,33.089536,535818,0.3189298790150996,-0.07404939069840141,0,split_mnist::rate60_asym,inverted
split_mnist__rate60_asym__replay_error__seed2,split_mnist,split_mnist,gate_loss,replay-gate,error,False,mlp,asymmetric,0.6,rate60_asym,2,True,0.3222012093627521,,0.3222012093627521,0.0650284381277265,0.0775116462759343,-0.0732148006484576,0.33,,,,-0.6149157491918463,0.614706614379431,0.7971298782361422,-0.1824232638567112,True,1.0,0.0,,,,,,4.387610197067261,33.089536,535818,0.3491351517877671,-0.02693394242501501,0,split_mnist::rate60_asym,inverted
split_mnist__rate60_asym__replay_teacher__seed0,split_mnist,split_mnist,gate_teacher,replay-gate,agreement+teacher,False,mlp,asymmetric,0.6,rate60_asym,0,True,0.2435163230830603,,0.2435163230830603,0.2376620768546446,0.0447512660606864,-0.0541404049250279,0.312,,,,-0.5848353139182406,0.4588166071494188,0.5757514289013981,-0.1169348217519792,True,1.0,0.0,,,,,,3.3821258544921875,35.235328,535818,0.3233654206432282,-0.07984909756016792,0,split_mnist::rate60_asym,inverted
split_mnist__rate60_asym__replay_teacher__seed1,split_mnist,split_mnist,gate_teacher,replay-gate,agreement+teacher,False,mlp,asymmetric,0.6,rate60_asym,1,True,0.3053520916807524,,0.3053520916807524,0.1768512851106373,0.0583429768226185,0.1323263776246248,0.342,,,,-0.5559556883945993,0.4782792298179684,0.5454520612722262,-0.0671728314542577,True,1.0,0.0,,,,,,3.3077642917633057,35.235328,535818,0.3189298790150996,-0.013577787334347224,0,split_mnist::rate60_asym,inverted
split_mnist__rate60_asym__replay_teacher__seed2,split_mnist,split_mnist,gate_teacher,replay-gate,agreement+teacher,False,mlp,asymmetric,0.6,rate60_asym,2,True,0.3614839516450467,,0.3614839516450467,0.1096668361459775,0.1602992657979191,0.021149955166169,0.36,,,,-0.5851233904306612,0.4724494407873879,0.5598734192439213,-0.0874239784565334,True,1.0,0.0,,,,,,3.763531446456909,35.235328,535818,0.3491351517877671,0.012348799857279602,1,split_mnist::rate60_asym,inverted
split_mnist__rate60_asym__replay_teacher_m95__seed0,split_mnist,split_mnist,replay_teacher_m95,other,?,,mlp,asymmetric,0.6,rate60_asym,0,True,0.246166125742575,,0.246166125742575,0.2936872582555692,0.0477309200332131,-0.0205037164830961,0.286,,,,-0.6928917121376531,0.4397343013454569,0.6305915322768991,-0.1908572309314422,True,1.0,0.0,,,,,,3.262868404388428,35.235328,535818,0.3233654206432282,-0.07719929490065322,0,split_mnist::rate60_asym,inverted
split_mnist__rate60_asym__replay_teacher_m95__seed1,split_mnist,split_mnist,replay_teacher_m95,other,?,,mlp,asymmetric,0.6,rate60_asym,1,True,0.2489568153654511,,0.2489568153654511,0.2710842334051312,-0.0308856879691367,-0.0270032227993589,0.332,,,,-0.6674946924601871,0.4339452757392869,0.6244751683219025,-0.1905298925826156,True,1.0,0.0,,,,,,3.2719295024871826,35.235328,535818,0.3189298790150996,-0.0699730636496485,0,split_mnist::rate60_asym,inverted
split_mnist__rate60_asym__replay_teacher_m95__seed2,split_mnist,split_mnist,replay_teacher_m95,other,?,,mlp,asymmetric,0.6,rate60_asym,2,True,0.3180604234484991,,0.3180604234484991,0.0404662312278782,0.0765922890446605,-0.0784836330897039,0.362,,,,-0.6745074374309753,0.4355774933867382,0.6348115395928845,-0.1992340462061462,True,1.0,0.0,,,,,,4.221894979476929,35.235328,535818,0.3491351517877671,-0.031074728339268,0,split_mnist::rate60_asym,inverted
split_mnist__rate60_asym__replay_teacher_m999__seed0,split_mnist,split_mnist,gate_teacher,replay-gate,agreement+teacher,False,mlp,asymmetric,0.6,rate60_asym,0,True,0.3543996034863524,,0.3543996034863524,0.1321630165343445,0.1062607382128057,-0.0325693916742239,0.418,,,,0.0346708875722334,0.4968336693904613,0.5050857349544783,-0.0082520655640169,False,0.2,,,,,,,3.2983241081237797,35.235328,535818,0.3233654206432282,0.031034182843124203,1,split_mnist::rate60_asym,inverted
split_mnist__rate60_asym__replay_teacher_m999__seed1,split_mnist,split_mnist,gate_teacher,replay-gate,agreement+teacher,False,mlp,asymmetric,0.6,rate60_asym,1,True,0.3666429949353696,,0.3666429949353696,0.1067998257860644,0.1094862070431277,0.098410459232264,0.448,,,,-0.2105803662978195,0.5002427065553087,0.5012573295769592,-0.0010146230216505,True,0.8,2.0,,,,,,3.139662742614746,35.235328,535818,0.3189298790150996,0.04771311592027,1,split_mnist::rate60_asym,inverted
split_mnist__rate60_asym__replay_teacher_m999__seed2,split_mnist,split_mnist,gate_teacher,replay-gate,agreement+teacher,False,mlp,asymmetric,0.6,rate60_asym,2,True,0.3694475037462633,,0.3694475037462633,0.1143473453091983,0.1545649414695075,0.0181230813852994,0.416,,,,-0.1537069332243731,0.5059520597531922,0.4949430135472005,0.0110090462059916,True,0.6,0.0,,,,,,3.799606561660767,35.235328,535818,0.3491351517877671,0.020312351958496178,1,split_mnist::rate60_asym,aligned
split_mnist__rate80__replay_adaptive__seed0,split_mnist,split_mnist,replay_adaptive,other,?,,mlp,symmetric,0.8,rate80,0,True,0.0695977801452995,,0.0695977801452995,0.3278527474060375,0.0423664246414012,-0.1211331965792874,0.116,,,,-0.8589759791801586,0.3147762130930202,0.7488635282172881,-0.4340873151242678,True,1.0,0.0,,,,,,4.25256872177124,35.235328,535818,0.137189284008116,-0.0675915038628165,0,split_mnist::rate80,inverted
split_mnist__rate80__replay_adaptive__seed1,split_mnist,split_mnist,replay_adaptive,other,?,,mlp,symmetric,0.8,rate80,1,True,0.036304299482188,,0.036304299482188,0.3840731110621398,-0.0136600658875081,0.0291300135878502,0.088,,,,-0.8705085338830786,0.3412280705515486,0.6874927418979405,-0.3462646713463919,True,1.0,0.0,,,,,,4.085950136184692,35.235328,535818,0.1377644965903885,-0.1014601971082005,0,split_mnist::rate80,inverted
split_mnist__rate80__replay_adaptive__seed2,split_mnist,split_mnist,replay_adaptive,other,?,,mlp,symmetric,0.8,rate80,2,True,0.0542159299964726,,0.0542159299964726,0.2757578267723607,-0.0045317209399491,-0.0651603706400869,0.086,,,,-0.8911400758111286,0.3403004206255474,0.7144556780586384,-0.374155257433091,True,1.0,0.0,,,,,,4.570966005325317,35.235328,535818,0.1350437772551943,-0.08082784725872172,0,split_mnist::rate80,inverted
split_mnist__rate80__replay_agree__seed0,split_mnist,split_mnist,replay_agree,other,?,,mlp,symmetric,0.8,rate80,0,True,0.0404946223126328,,0.0404946223126328,0.3126879602980098,0.0140907351212758,-0.1092105658130647,0.062,,,,-0.909686651570064,0.2479782671448137,0.8339517945769299,-0.5859735274321162,True,1.0,0.0,,,,,,3.43996000289917,33.089536,535818,0.137189284008116,-0.0966946616954832,0,split_mnist::rate80,inverted
split_mnist__rate80__replay_agree__seed1,split_mnist,split_mnist,replay_agree,other,?,,mlp,symmetric,0.8,rate80,1,True,0.042802217895709,,0.042802217895709,0.3419502755846588,0.0017817728910304,0.0106987766228414,0.066,,,,-0.9104863679992994,0.2411208383552617,0.8300594502354081,-0.5889386118801463,True,1.0,0.0,,,,,,3.400243043899536,33.089536,535818,0.1377644965903885,-0.0949622786946795,0,split_mnist::rate80,inverted
split_mnist__rate80__replay_agree__seed2,split_mnist,split_mnist,replay_agree,other,?,,mlp,symmetric,0.8,rate80,2,True,0.0387926415960467,,0.0387926415960467,0.3908217237777588,-0.0075819393400223,0.0648903229148427,0.05,,,,-0.9107464900064166,0.2555948120028132,0.8337615951628168,-0.5781667831600036,True,1.0,0.0,,,,,,3.511605739593506,33.089536,535818,0.1350437772551943,-0.09625113565914761,0,split_mnist::rate80,inverted
split_mnist__rate80__replay_coteach__seed0,split_mnist,split_mnist,gate_coteach,replay-gate,co-teaching,False,mlp,symmetric,0.8,rate80,0,True,0.0204833145945497,,0.0204833145945497,0.3671518154807069,-0.0055420237105625,-0.0614915565165097,0.014,,,,-0.9140632205344504,0.1021084873137109,0.9118348607569908,-0.80972637344328,True,1.0,0.0,,,,,,3.732889413833618,41.662464,535818,0.137189284008116,-0.1167059694135663,0,split_mnist::rate80,inverted
split_mnist__rate80__replay_coteach__seed1,split_mnist,split_mnist,gate_coteach,replay-gate,co-teaching,False,mlp,symmetric,0.8,rate80,1,True,0.0268983291050281,,0.0268983291050281,0.3307512135527944,-0.0177781678686378,0.020947736350665,0.036,,,,-0.9132787961753872,0.098285654751722,0.9051164266247198,-0.8068307718729978,True,1.0,0.0,,,,,,3.730001449584961,41.662464,535818,0.1377644965903885,-0.1108661674853604,0,split_mnist::rate80,inverted
split_mnist__rate80__replay_coteach__seed2,split_mnist,split_mnist,gate_coteach,replay-gate,co-teaching,False,mlp,symmetric,0.8,rate80,2,True,0.0295828653048408,,0.0295828653048408,0.3421371696090207,0.0031557868578411,0.0005111606288041,0.028,,,,-0.9003527767434827,0.1061020510639325,0.9070609660669404,-0.8009589150030081,True,1.0,0.0,,,,,,3.8167786598205566,41.662464,535818,0.1350437772551943,-0.10546091195035351,0,split_mnist::rate80,inverted
split_mnist__rate80__replay_early5__seed0,split_mnist,split_mnist,replay_early5,other,?,,mlp,symmetric,0.8,rate80,0,True,0.03741297976051,,0.03741297976051,0.3614755676749793,0.0122207417200905,-0.0806030083701871,0.054,,,,-0.8749202123564217,0.2206734152698261,0.7849452707131648,-0.5642718554433386,True,1.0,0.0,,,,,,2.868645191192627,35.235328,535818,0.137189284008116,-0.099776304247606,0,split_mnist::rate80,inverted
split_mnist__rate80__replay_early5__seed1,split_mnist,split_mnist,replay_early5,other,?,,mlp,symmetric,0.8,rate80,1,True,0.0333705773399297,,0.0333705773399297,0.3529750247072474,-0.0238426743193902,0.0052120899908586,0.042,,,,-0.8740444946106484,0.2553512074452987,0.7554562864074693,-0.5001050789621706,True,1.0,0.0,,,,,,2.890198230743408,35.235328,535818,0.1377644965903885,-0.1043939192504588,0,split_mnist::rate80,inverted
split_mnist__rate80__replay_early5__seed2,split_mnist,split_mnist,replay_early5,other,?,,mlp,symmetric,0.8,rate80,2,True,0.048579802360307,,0.048579802360307,0.3514759795098522,0.0170016507299537,-0.0078341749042241,0.07,,,,-0.854820602560641,0.2253701213109897,0.7897715812631876,-0.5644014599521978,True,1.0,0.0,,,,,,3.0459556579589844,35.235328,535818,0.1350437772551943,-0.08646397489488732,0,split_mnist::rate80,inverted
split_mnist__rate80__replay_early__seed0,split_mnist,split_mnist,replay_early,other,?,,mlp,symmetric,0.8,rate80,0,True,0.0243529457883744,,0.0243529457883744,0.369537940480227,-0.0133886813591979,-0.1013905449960293,0.058,,,,-0.8967577468559395,0.2667878441121867,0.7766369519579709,-0.5098491078457842,True,1.0,0.0,,,,,,2.883661985397339,35.235328,535818,0.137189284008116,-0.1128363382197416,0,split_mnist::rate80,inverted
split_mnist__rate80__replay_early__seed1,split_mnist,split_mnist,replay_early,other,?,,mlp,symmetric,0.8,rate80,1,True,0.0341557523680591,,0.0341557523680591,0.2986891960145327,-0.010962078314262,-0.0867000343956574,0.054,,,,-0.9243782153475852,0.1955033918722538,0.8219809140503971,-0.6264775221781432,True,1.0,0.0,,,,,,2.8923795223236084,35.235328,535818,0.1377644965903885,-0.10360874422232941,0,split_mnist::rate80,inverted
split_mnist__rate80__replay_early__seed2,split_mnist,split_mnist,replay_early,other,?,,mlp,symmetric,0.8,rate80,2,True,0.0273373694682645,,0.0273373694682645,0.3652134416471487,-0.0046053553685737,0.0288298370719305,0.048,,,,-0.9133791128875448,0.2498699761366686,0.7827588194962315,-0.5328888433595629,True,1.0,0.0,,,,,,2.8616769313812256,35.235328,535818,0.1350437772551943,-0.10770640778692982,0,split_mnist::rate80,inverted
split_mnist__rate80__replay_teacher__seed0,split_mnist,split_mnist,gate_teacher,replay-gate,agreement+teacher,False,mlp,symmetric,0.8,rate80,0,True,0.0607784597817331,,0.0607784597817331,0.3426691394169925,0.0202073296627077,-0.1122269631247624,0.12,,,,-0.7653436373145481,0.3407674033044331,0.6835926286662204,-0.3428252253617872,True,1.0,0.0,,,,,,3.408506393432617,35.235328,535818,0.137189284008116,-0.0764108242263829,0,split_mnist::rate80,inverted
split_mnist__rate80__replay_teacher__seed1,split_mnist,split_mnist,gate_teacher,replay-gate,agreement+teacher,False,mlp,symmetric,0.8,rate80,1,True,0.0740288448516638,,0.0740288448516638,0.3246920624740469,0.0237716560595324,0.0788050729326127,0.118,,,,-0.7406470334726023,0.3754470634592485,0.6564477830708833,-0.2810007196116347,True,1.0,0.0,,,,,,3.3979334831237797,35.235328,535818,0.1377644965903885,-0.0637356517387247,0,split_mnist::rate80,inverted
split_mnist__rate80__replay_teacher__seed2,split_mnist,split_mnist,gate_teacher,replay-gate,agreement+teacher,False,mlp,symmetric,0.8,rate80,2,True,0.0891943184122796,,0.0891943184122796,0.2674393565636412,0.0483637448880284,-0.0018538848453676,0.114,,,,-0.7658694818199934,0.3653850282671529,0.6728049981521964,-0.3074199698850435,True,1.0,0.0,,,,,,3.891162633895874,35.235328,535818,0.1350437772551943,-0.04584945884291472,0,split_mnist::rate80,inverted
split_mnist__rate80__replay_teacher_m95__seed0,split_mnist,split_mnist,replay_teacher_m95,other,?,,mlp,symmetric,0.8,rate80,0,True,0.0556836699785015,,0.0556836699785015,0.3124724164441357,0.02840562583527,-0.0838599350616954,0.084,,,,-0.8705248963658606,0.2661532355430904,0.7941481738419678,-0.5279949382988773,True,1.0,0.0,,,,,,3.418353319168091,35.235328,535818,0.137189284008116,-0.08150561402961451,0,split_mnist::rate80,inverted
split_mnist__rate80__replay_teacher_m95__seed1,split_mnist,split_mnist,replay_teacher_m95,other,?,,mlp,symmetric,0.8,rate80,1,True,0.0444054089330676,,0.0444054089330676,0.3623791581411762,0.0025831687885239,0.0025988866622249,0.084,,,,-0.8789929086872522,0.2600973879400867,0.7895796436887593,-0.5294822557486726,True,1.0,0.0,,,,,,3.5075244903564453,35.235328,535818,0.1377644965903885,-0.0933590876573209,0,split_mnist::rate80,inverted
split_mnist__rate80__replay_teacher_m95__seed2,split_mnist,split_mnist,replay_teacher_m95,other,?,,mlp,symmetric,0.8,rate80,2,True,0.0399486594474871,,0.0399486594474871,0.4072679404787209,0.0062243384376447,-0.0186467930599822,0.062,,,,-0.8849209112740365,0.2651598517434083,0.7964323239073821,-0.5312724721639737,True,1.0,0.0,,,,,,3.5872280597686768,35.235328,535818,0.1350437772551943,-0.09509511780770721,0,split_mnist::rate80,inverted
split_mnist__rate80__replay_teacher_m999__seed0,split_mnist,split_mnist,gate_teacher,replay-gate,agreement+teacher,False,mlp,symmetric,0.8,rate80,0,True,0.1182216225675488,,0.1182216225675488,0.2993222589834781,0.0957217235002248,-0.0981173331060884,0.212,,,,-0.2970256274854103,0.4901459940393119,0.5117574139002076,-0.0216114198608956,True,1.0,0.0,,,,,,3.382974147796631,35.235328,535818,0.137189284008116,-0.018967661440567204,0,split_mnist::rate80,inverted
split_mnist__rate80__replay_teacher_m999__seed1,split_mnist,split_mnist,gate_teacher,replay-gate,agreement+teacher,False,mlp,symmetric,0.8,rate80,1,True,0.1087361014104244,,0.1087361014104244,0.2213542257395276,0.0575044787122631,-0.0690575451823322,0.188,,,,-0.4188969701153436,0.4903435654996604,0.5118727626461472,-0.0215291971464868,True,1.0,0.0,,,,,,3.3287038803100586,35.235328,535818,0.1377644965903885,-0.029028395179964098,0,split_mnist::rate80,inverted
split_mnist__rate80__replay_teacher_m999__seed2,split_mnist,split_mnist,gate_teacher,replay-gate,agreement+teacher,False,mlp,symmetric,0.8,rate80,2,True,0.1009857007694704,,0.1009857007694704,0.3185563451386803,0.0707298945261046,-0.0219102939738044,0.182,,,,-0.3377327925125705,0.4905551938444464,0.5111507511436707,-0.0205955572992243,True,1.0,0.0,,,,,,3.844696998596192,35.235328,535818,0.1350437772551943,-0.03405807648572391,0,split_mnist::rate80,inverted
permuted_mnist__rate40__replay_losstraj__seed0,permuted_mnist,permuted_mnist,gate_spr,replay-gate,loss_traj,False,mlp,symmetric,0.4,rate40,0,False,0.8112,0.8112,,0.0123749999999999,0.02765,0.011725,0.966,,,,0.7421086378818549,0.5032455543970398,0.0326402339936213,0.4706053204034184,False,0.0,,,,,,,9.077786922454834,33.88416,535818,0.64234,0.16886,1,permuted_mnist::rate40,aligned
permuted_mnist__rate40__replay_losstraj__seed1,permuted_mnist,permuted_mnist,gate_spr,replay-gate,loss_traj,False,mlp,symmetric,0.4,rate40,1,False,0.80224,0.80224,,0.0315749999999999,-0.0002749999999999,0.007875,0.95,,,,0.7482083252766233,0.5168078283031827,0.0371179773822,0.4796898509209826,False,0.0,,,,,,,9.022823095321655,33.88416,535818,0.67866,0.12357999999999991,1,permuted_mnist::rate40,aligned
permuted_mnist__rate60__replay_losstraj__seed0,permuted_mnist,permuted_mnist,gate_spr,replay-gate,loss_traj,False,mlp,symmetric,0.6,rate60,0,False,0.68922,0.68922,,0.0098999999999999,0.033525,0.0127,0.878,,,,0.6342399947943351,0.2464183055988371,0.029099714917143,0.2173185906816941,False,0.0,,,,,,,8.250289678573608,33.88416,535818,0.4533999999999999,0.23582000000000014,1,permuted_mnist::rate60,aligned
permuted_mnist__rate60__replay_losstraj__seed1,permuted_mnist,permuted_mnist,gate_spr,replay-gate,loss_traj,False,mlp,symmetric,0.6,rate60,1,False,0.69436,0.69436,,0.0200999999999999,0.0629,-0.0071749999999999,0.872,,,,0.6456824195176493,0.2784570559707878,0.0336575228956463,0.2447995330751415,False,0.0,,,,,,,8.046272993087769,33.88416,535818,0.4844200000000001,0.2099399999999999,1,permuted_mnist::rate60,aligned
split_mnist__rate40__replay_losstraj__seed0,split_mnist,split_mnist,gate_spr,replay-gate,loss_traj,False,mlp,symmetric,0.4,rate40,0,True,0.7228091414573503,,0.7228091414573503,0.0572227116828587,-0.0448160948205322,-0.1278430776749681,0.662,,,,0.7360872839865983,0.7926555870243309,0.6122203296854193,0.1804352573389116,False,0.0,,,,,,,5.1781511306762695,33.892352,535818,0.6081398343246456,0.11466930713270473,1,split_mnist::rate40,aligned
split_mnist__rate40__replay_losstraj__seed1,split_mnist,split_mnist,gate_spr,replay-gate,loss_traj,False,mlp,symmetric,0.4,rate40,1,True,0.7507079908306566,,0.7507079908306566,0.0847996065088095,-0.040754468185667,0.1267237885139651,0.71,,,,0.7613654723322367,0.8062999261540892,0.5833927898253636,0.2229071363287256,False,0.0,,,,,,,5.010471343994141,33.892352,535818,0.6548466577626542,0.09586133306800249,1,split_mnist::rate40,aligned
split_mnist__rate60__replay_losstraj__seed0,split_mnist,split_mnist,gate_spr,replay-gate,loss_traj,False,mlp,symmetric,0.6,rate60,0,True,0.2461224922509573,,0.2461224922509573,0.25737564214188,0.0527706329382069,-0.0727682134743804,0.31,,,,-0.759037541748601,0.6165958778237057,0.7951289530474958,-0.17853307522379,True,1.0,0.0,,,,,,5.209047555923462,33.892352,535818,0.3233654206432282,-0.0772429283922709,0,split_mnist::rate60,inverted
split_mnist__rate60__replay_losstraj__seed1,split_mnist,split_mnist,gate_spr,replay-gate,loss_traj,False,mlp,symmetric,0.6,rate60,1,True,0.2715722127086931,,0.2715722127086931,0.1700025040046595,0.0536651408750759,0.061629734822113,0.358,,,,-0.711000954322946,0.6151464185570226,0.7885089811589568,-0.1733625626019342,True,1.0,0.0,,,,,,6.584799289703369,33.892352,535818,0.3189298790150996,-0.04735766630640653,0,split_mnist::rate60,inverted
