run_id,benchmark,dataset,method,backbone,noise_type,noise_rate,seed,command,config_path,status,start_time,end_time,notes
seq_cifar10__sym20__er__seed0,seq_cifar10,split_cifar10,er,resnet18,symmetric,0.2,0,python scripts/run_nn_submission.py --datasets seq_cifar10 --conditions sym20 --methods er --seeds 0,results/neural_networks_submission/configs/seq_cifar10__sym20__er__seed0.json,done,2026-06-19 13:05:18,2026-06-19 13:06:58,"acc=[0.123, 0.146, 0.211, 0.232, 0.385]"
seq_cifar10__sym20__er__seed1,seq_cifar10,split_cifar10,er,resnet18,symmetric,0.2,1,python scripts/run_nn_submission.py --datasets seq_cifar10 --conditions sym20 --methods er --seeds 1,results/neural_networks_submission/configs/seq_cifar10__sym20__er__seed1.json,done,2026-06-19 13:06:58,2026-06-19 13:08:37,"acc=[0.139, 0.106, 0.219, 0.373, 0.321]"
seq_cifar10__sym20__er__seed2,seq_cifar10,split_cifar10,er,resnet18,symmetric,0.2,2,python scripts/run_nn_submission.py --datasets seq_cifar10 --conditions sym20 --methods er --seeds 2,results/neural_networks_submission/configs/seq_cifar10__sym20__er__seed2.json,done,2026-06-19 13:08:37,2026-06-19 13:10:17,"acc=[0.217, 0.068, 0.104, 0.283, 0.443]"
seq_cifar10__sym20__derpp__seed0,seq_cifar10,split_cifar10,derpp,resnet18,symmetric,0.2,0,python scripts/run_nn_submission.py --datasets seq_cifar10 --conditions sym20 --methods derpp --seeds 0,results/neural_networks_submission/configs/seq_cifar10__sym20__derpp__seed0.json,done,2026-06-19 13:10:17,2026-06-19 13:12:10,"acc=[0.328, 0.049, 0.162, 0.326, 0.514]"
seq_cifar10__sym20__derpp__seed1,seq_cifar10,split_cifar10,derpp,resnet18,symmetric,0.2,1,python scripts/run_nn_submission.py --datasets seq_cifar10 --conditions sym20 --methods derpp --seeds 1,results/neural_networks_submission/configs/seq_cifar10__sym20__derpp__seed1.json,done,2026-06-19 13:12:10,2026-06-19 13:14:02,"acc=[0.184, 0.037, 0.173, 0.27, 0.546]"
seq_cifar10__sym20__derpp__seed2,seq_cifar10,split_cifar10,derpp,resnet18,symmetric,0.2,2,python scripts/run_nn_submission.py --datasets seq_cifar10 --conditions sym20 --methods derpp --seeds 2,results/neural_networks_submission/configs/seq_cifar10__sym20__derpp__seed2.json,done,2026-06-19 13:14:02,2026-06-19 13:15:54,"acc=[0.119, 0.118, 0.088, 0.055, 0.747]"
seq_cifar10__sym20__gate_loss__seed0,seq_cifar10,split_cifar10,gate_loss,resnet18,symmetric,0.2,0,python scripts/run_nn_submission.py --datasets seq_cifar10 --conditions sym20 --methods gate_loss --seeds 0,results/neural_networks_submission/configs/seq_cifar10__sym20__gate_loss__seed0.json,done,2026-06-19 13:15:54,2026-06-19 13:17:46,"acc=[0.045, 0.172, 0.05, 0.295, 0.488]"
seq_cifar10__sym20__gate_loss__seed1,seq_cifar10,split_cifar10,gate_loss,resnet18,symmetric,0.2,1,python scripts/run_nn_submission.py --datasets seq_cifar10 --conditions sym20 --methods gate_loss --seeds 1,results/neural_networks_submission/configs/seq_cifar10__sym20__gate_loss__seed1.json,done,2026-06-19 13:17:46,2026-06-19 13:19:37,"acc=[0.133, 0.107, 0.147, 0.114, 0.572]"
seq_cifar10__sym20__gate_loss__seed2,seq_cifar10,split_cifar10,gate_loss,resnet18,symmetric,0.2,2,python scripts/run_nn_submission.py --datasets seq_cifar10 --conditions sym20 --methods gate_loss --seeds 2,results/neural_networks_submission/configs/seq_cifar10__sym20__gate_loss__seed2.json,done,2026-06-19 13:19:37,2026-06-19 13:21:28,"acc=[0.009, 0.133, 0.147, 0.142, 0.674]"
seq_cifar10__sym20__gate_conf__seed0,seq_cifar10,split_cifar10,gate_conf,resnet18,symmetric,0.2,0,python scripts/run_nn_submission.py --datasets seq_cifar10 --conditions sym20 --methods gate_conf --seeds 0,results/neural_networks_submission/configs/seq_cifar10__sym20__gate_conf__seed0.json,done,2026-06-19 13:21:28,2026-06-19 13:23:19,"acc=[0.086, 0.107, 0.218, 0.373, 0.257]"
seq_cifar10__sym20__gate_conf__seed1,seq_cifar10,split_cifar10,gate_conf,resnet18,symmetric,0.2,1,python scripts/run_nn_submission.py --datasets seq_cifar10 --conditions sym20 --methods gate_conf --seeds 1,results/neural_networks_submission/configs/seq_cifar10__sym20__gate_conf__seed1.json,done,2026-06-19 13:23:19,2026-06-19 13:25:10,"acc=[0.137, 0.046, 0.073, 0.289, 0.602]"
seq_cifar10__sym20__gate_conf__seed2,seq_cifar10,split_cifar10,gate_conf,resnet18,symmetric,0.2,2,python scripts/run_nn_submission.py --datasets seq_cifar10 --conditions sym20 --methods gate_conf --seeds 2,results/neural_networks_submission/configs/seq_cifar10__sym20__gate_conf__seed2.json,done,2026-06-19 13:25:10,2026-06-19 13:27:01,"acc=[0.04, 0.181, 0.084, 0.046, 0.704]"
seq_cifar10__sym20__oracle__seed0,seq_cifar10,split_cifar10,oracle,resnet18,symmetric,0.2,0,python scripts/run_nn_submission.py --datasets seq_cifar10 --conditions sym20 --methods oracle --seeds 0,results/neural_networks_submission/configs/seq_cifar10__sym20__oracle__seed0.json,done,2026-06-19 13:27:01,2026-06-19 13:28:37,"acc=[0.01, 0.137, 0.12, 0.236, 0.528]"
seq_cifar10__sym20__oracle__seed1,seq_cifar10,split_cifar10,oracle,resnet18,symmetric,0.2,1,python scripts/run_nn_submission.py --datasets seq_cifar10 --conditions sym20 --methods oracle --seeds 1,results/neural_networks_submission/configs/seq_cifar10__sym20__oracle__seed1.json,done,2026-06-19 13:28:37,2026-06-19 13:30:12,"acc=[0.068, 0.087, 0.069, 0.408, 0.631]"
seq_cifar10__sym20__oracle__seed2,seq_cifar10,split_cifar10,oracle,resnet18,symmetric,0.2,2,python scripts/run_nn_submission.py --datasets seq_cifar10 --conditions sym20 --methods oracle --seeds 2,results/neural_networks_submission/configs/seq_cifar10__sym20__oracle__seed2.json,done,2026-06-19 13:30:12,2026-06-19 13:31:47,"acc=[0.121, 0.052, 0.083, 0.452, 0.564]"
seq_cifar10__sym60__er__seed0,seq_cifar10,split_cifar10,er,resnet18,symmetric,0.6,0,python scripts/run_nn_submission.py --datasets seq_cifar10 --conditions sym60 --methods er --seeds 0,results/neural_networks_submission/configs/seq_cifar10__sym60__er__seed0.json,done,2026-06-19 13:31:47,2026-06-19 13:33:25,"acc=[0.118, 0.089, 0.083, 0.129, 0.288]"
seq_cifar10__sym60__er__seed1,seq_cifar10,split_cifar10,er,resnet18,symmetric,0.6,1,python scripts/run_nn_submission.py --datasets seq_cifar10 --conditions sym60 --methods er --seeds 1,results/neural_networks_submission/configs/seq_cifar10__sym60__er__seed1.json,done,2026-06-19 13:33:25,2026-06-19 13:35:02,"acc=[0.182, 0.055, 0.055, 0.134, 0.258]"
seq_cifar10__sym60__er__seed2,seq_cifar10,split_cifar10,er,resnet18,symmetric,0.6,2,python scripts/run_nn_submission.py --datasets seq_cifar10 --conditions sym60 --methods er --seeds 2,results/neural_networks_submission/configs/seq_cifar10__sym60__er__seed2.json,done,2026-06-19 13:35:02,2026-06-19 13:36:40,"acc=[0.063, 0.131, 0.12, 0.153, 0.227]"
seq_cifar10__sym60__derpp__seed0,seq_cifar10,split_cifar10,derpp,resnet18,symmetric,0.6,0,python scripts/run_nn_submission.py --datasets seq_cifar10 --conditions sym60 --methods derpp --seeds 0,results/neural_networks_submission/configs/seq_cifar10__sym60__derpp__seed0.json,done,2026-06-19 13:36:40,2026-06-19 13:38:32,"acc=[0.065, 0.084, 0.092, 0.137, 0.309]"
seq_cifar10__sym60__derpp__seed1,seq_cifar10,split_cifar10,derpp,resnet18,symmetric,0.6,1,python scripts/run_nn_submission.py --datasets seq_cifar10 --conditions sym60 --methods derpp --seeds 1,results/neural_networks_submission/configs/seq_cifar10__sym60__derpp__seed1.json,done,2026-06-19 13:38:32,2026-06-19 13:40:24,"acc=[0.15, 0.121, 0.117, 0.089, 0.297]"
seq_cifar10__sym60__derpp__seed2,seq_cifar10,split_cifar10,derpp,resnet18,symmetric,0.6,2,python scripts/run_nn_submission.py --datasets seq_cifar10 --conditions sym60 --methods derpp --seeds 2,results/neural_networks_submission/configs/seq_cifar10__sym60__derpp__seed2.json,done,2026-06-19 13:40:24,2026-06-19 13:42:16,"acc=[0.119, 0.139, 0.107, 0.115, 0.299]"
seq_cifar10__sym60__gate_loss__seed0,seq_cifar10,split_cifar10,gate_loss,resnet18,symmetric,0.6,0,python scripts/run_nn_submission.py --datasets seq_cifar10 --conditions sym60 --methods gate_loss --seeds 0,results/neural_networks_submission/configs/seq_cifar10__sym60__gate_loss__seed0.json,done,2026-06-19 13:42:16,2026-06-19 13:44:07,"acc=[0.692, 0.012, 0.003, 0.0, 0.001]"
seq_cifar10__sym60__gate_loss__seed1,seq_cifar10,split_cifar10,gate_loss,resnet18,symmetric,0.6,1,python scripts/run_nn_submission.py --datasets seq_cifar10 --conditions sym60 --methods gate_loss --seeds 1,results/neural_networks_submission/configs/seq_cifar10__sym60__gate_loss__seed1.json,done,2026-06-19 13:44:07,2026-06-19 13:45:58,"acc=[0.21, 0.135, 0.093, 0.174, 0.177]"
seq_cifar10__sym60__gate_loss__seed2,seq_cifar10,split_cifar10,gate_loss,resnet18,symmetric,0.6,2,python scripts/run_nn_submission.py --datasets seq_cifar10 --conditions sym60 --methods gate_loss --seeds 2,results/neural_networks_submission/configs/seq_cifar10__sym60__gate_loss__seed2.json,done,2026-06-19 13:45:58,2026-06-19 13:47:49,"acc=[0.228, 0.094, 0.122, 0.106, 0.248]"
seq_cifar10__sym60__gate_conf__seed0,seq_cifar10,split_cifar10,gate_conf,resnet18,symmetric,0.6,0,python scripts/run_nn_submission.py --datasets seq_cifar10 --conditions sym60 --methods gate_conf --seeds 0,results/neural_networks_submission/configs/seq_cifar10__sym60__gate_conf__seed0.json,done,2026-06-19 13:47:49,2026-06-19 13:49:40,"acc=[0.096, 0.159, 0.031, 0.111, 0.339]"
seq_cifar10__sym60__gate_conf__seed1,seq_cifar10,split_cifar10,gate_conf,resnet18,symmetric,0.6,1,python scripts/run_nn_submission.py --datasets seq_cifar10 --conditions sym60 --methods gate_conf --seeds 1,results/neural_networks_submission/configs/seq_cifar10__sym60__gate_conf__seed1.json,done,2026-06-19 13:49:40,2026-06-19 13:51:32,"acc=[0.045, 0.094, 0.039, 0.09, 0.492]"
seq_cifar10__sym60__gate_conf__seed2,seq_cifar10,split_cifar10,gate_conf,resnet18,symmetric,0.6,2,python scripts/run_nn_submission.py --datasets seq_cifar10 --conditions sym60 --methods gate_conf --seeds 2,results/neural_networks_submission/configs/seq_cifar10__sym60__gate_conf__seed2.json,done,2026-06-19 13:51:32,2026-06-19 13:53:23,"acc=[0.087, 0.089, 0.064, 0.194, 0.246]"
seq_cifar10__sym60__oracle__seed0,seq_cifar10,split_cifar10,oracle,resnet18,symmetric,0.6,0,python scripts/run_nn_submission.py --datasets seq_cifar10 --conditions sym60 --methods oracle --seeds 0,results/neural_networks_submission/configs/seq_cifar10__sym60__oracle__seed0.json,done,2026-06-19 13:53:23,2026-06-19 13:54:58,"acc=[0.022, 0.152, 0.098, 0.194, 0.526]"
seq_cifar10__sym60__oracle__seed1,seq_cifar10,split_cifar10,oracle,resnet18,symmetric,0.6,1,python scripts/run_nn_submission.py --datasets seq_cifar10 --conditions sym60 --methods oracle --seeds 1,results/neural_networks_submission/configs/seq_cifar10__sym60__oracle__seed1.json,done,2026-06-19 13:54:58,2026-06-19 13:56:33,"acc=[0.131, 0.043, 0.199, 0.5, 0.233]"
seq_cifar10__sym60__oracle__seed2,seq_cifar10,split_cifar10,oracle,resnet18,symmetric,0.6,2,python scripts/run_nn_submission.py --datasets seq_cifar10 --conditions sym60 --methods oracle --seeds 2,results/neural_networks_submission/configs/seq_cifar10__sym60__oracle__seed2.json,done,2026-06-19 13:56:33,2026-06-19 13:58:08,"acc=[0.193, 0.108, 0.466, 0.107, 0.229]"
seq_cifar10__asym40__er__seed0,seq_cifar10,split_cifar10,er,resnet18,asymmetric,0.4,0,python scripts/run_nn_submission.py --datasets seq_cifar10 --conditions asym40 --methods er --seeds 0,results/neural_networks_submission/configs/seq_cifar10__asym40__er__seed0.json,done,2026-06-19 13:58:08,2026-06-19 13:59:46,"acc=[0.006, 0.499, 0.0, 0.0, 0.0]"
seq_cifar10__asym40__er__seed1,seq_cifar10,split_cifar10,er,resnet18,asymmetric,0.4,1,python scripts/run_nn_submission.py --datasets seq_cifar10 --conditions asym40 --methods er --seeds 1,results/neural_networks_submission/configs/seq_cifar10__asym40__er__seed1.json,done,2026-06-19 13:59:46,2026-06-19 14:01:24,"acc=[0.436, 0.0, 0.003, 0.0, 0.057]"
seq_cifar10__asym40__er__seed2,seq_cifar10,split_cifar10,er,resnet18,asymmetric,0.4,2,python scripts/run_nn_submission.py --datasets seq_cifar10 --conditions asym40 --methods er --seeds 2,results/neural_networks_submission/configs/seq_cifar10__asym40__er__seed2.json,done,2026-06-19 14:01:24,2026-06-19 14:03:01,"acc=[0.0, 0.045, 0.434, 0.008, 0.198]"
seq_cifar10__asym40__derpp__seed0,seq_cifar10,split_cifar10,derpp,resnet18,asymmetric,0.4,0,python scripts/run_nn_submission.py --datasets seq_cifar10 --conditions asym40 --methods derpp --seeds 0,results/neural_networks_submission/configs/seq_cifar10__asym40__derpp__seed0.json,done,2026-06-19 14:03:01,2026-06-19 14:04:54,"acc=[0.169, 0.263, 0.001, 0.028, 0.256]"
seq_cifar10__asym40__derpp__seed1,seq_cifar10,split_cifar10,derpp,resnet18,asymmetric,0.4,1,python scripts/run_nn_submission.py --datasets seq_cifar10 --conditions asym40 --methods derpp --seeds 1,results/neural_networks_submission/configs/seq_cifar10__asym40__derpp__seed1.json,done,2026-06-19 14:04:54,2026-06-19 14:06:46,"acc=[0.303, 0.047, 0.012, 0.004, 0.295]"
seq_cifar10__asym40__derpp__seed2,seq_cifar10,split_cifar10,derpp,resnet18,asymmetric,0.4,2,python scripts/run_nn_submission.py --datasets seq_cifar10 --conditions asym40 --methods derpp --seeds 2,results/neural_networks_submission/configs/seq_cifar10__asym40__derpp__seed2.json,done,2026-06-19 14:06:46,2026-06-19 14:08:38,"acc=[0.328, 0.051, 0.018, 0.047, 0.269]"
seq_cifar10__asym40__gate_loss__seed0,seq_cifar10,split_cifar10,gate_loss,resnet18,asymmetric,0.4,0,python scripts/run_nn_submission.py --datasets seq_cifar10 --conditions asym40 --methods gate_loss --seeds 0,results/neural_networks_submission/configs/seq_cifar10__asym40__gate_loss__seed0.json,done,2026-06-19 14:08:38,2026-06-19 14:10:26,"acc=[0.307, 0.256, 0.062, 0.0, 0.001]"
seq_cifar10__asym40__gate_loss__seed1,seq_cifar10,split_cifar10,gate_loss,resnet18,asymmetric,0.4,1,python scripts/run_nn_submission.py --datasets seq_cifar10 --conditions asym40 --methods gate_loss --seeds 1,results/neural_networks_submission/configs/seq_cifar10__asym40__gate_loss__seed1.json,done,2026-06-19 14:10:26,2026-06-19 14:12:12,"acc=[0.382, 0.077, 0.0, 0.0, 0.087]"
seq_cifar10__asym40__gate_loss__seed2,seq_cifar10,split_cifar10,gate_loss,resnet18,asymmetric,0.4,2,python scripts/run_nn_submission.py --datasets seq_cifar10 --conditions asym40 --methods gate_loss --seeds 2,results/neural_networks_submission/configs/seq_cifar10__asym40__gate_loss__seed2.json,done,2026-06-19 14:12:12,2026-06-19 14:13:59,"acc=[0.448, 0.065, 0.01, 0.0, 0.0]"
seq_cifar10__asym40__gate_conf__seed0,seq_cifar10,split_cifar10,gate_conf,resnet18,asymmetric,0.4,0,python scripts/run_nn_submission.py --datasets seq_cifar10 --conditions asym40 --methods gate_conf --seeds 0,results/neural_networks_submission/configs/seq_cifar10__asym40__gate_conf__seed0.json,done,2026-06-19 14:13:59,2026-06-19 14:15:51,"acc=[0.008, 0.488, 0.0, 0.0, 0.0]"
seq_cifar10__asym40__gate_conf__seed1,seq_cifar10,split_cifar10,gate_conf,resnet18,asymmetric,0.4,1,python scripts/run_nn_submission.py --datasets seq_cifar10 --conditions asym40 --methods gate_conf --seeds 1,results/neural_networks_submission/configs/seq_cifar10__asym40__gate_conf__seed1.json,done,2026-06-19 14:15:51,2026-06-19 14:17:40,"acc=[0.045, 0.012, 0.413, 0.018, 0.0]"
seq_cifar10__asym40__gate_conf__seed2,seq_cifar10,split_cifar10,gate_conf,resnet18,asymmetric,0.4,2,python scripts/run_nn_submission.py --datasets seq_cifar10 --conditions asym40 --methods gate_conf --seeds 2,results/neural_networks_submission/configs/seq_cifar10__asym40__gate_conf__seed2.json,done,2026-06-19 14:17:40,2026-06-19 14:19:27,"acc=[0.003, 0.323, 0.191, 0.0, 0.049]"
seq_cifar10__asym40__oracle__seed0,seq_cifar10,split_cifar10,oracle,resnet18,asymmetric,0.4,0,python scripts/run_nn_submission.py --datasets seq_cifar10 --conditions asym40 --methods oracle --seeds 0,results/neural_networks_submission/configs/seq_cifar10__asym40__oracle__seed0.json,done,2026-06-19 14:19:27,2026-06-19 14:21:02,"acc=[0.281, 0.004, 0.014, 0.009, 0.338]"
seq_cifar10__asym40__oracle__seed1,seq_cifar10,split_cifar10,oracle,resnet18,asymmetric,0.4,1,python scripts/run_nn_submission.py --datasets seq_cifar10 --conditions asym40 --methods oracle --seeds 1,results/neural_networks_submission/configs/seq_cifar10__asym40__oracle__seed1.json,done,2026-06-19 14:21:02,2026-06-19 14:22:36,"acc=[0.025, 0.072, 0.0, 0.235, 0.38]"
seq_cifar10__asym40__oracle__seed2,seq_cifar10,split_cifar10,oracle,resnet18,asymmetric,0.4,2,python scripts/run_nn_submission.py --datasets seq_cifar10 --conditions asym40 --methods oracle --seeds 2,results/neural_networks_submission/configs/seq_cifar10__asym40__oracle__seed2.json,done,2026-06-19 14:22:36,2026-06-19 14:24:11,"acc=[0.308, 0.004, 0.0, 0.004, 0.187]"
split_cifar10__sym20__er__seed0,split_cifar10,split_cifar10,er,resnet18,symmetric,0.2,0,python scripts/run_nn_submission.py --datasets split_cifar10 --conditions sym20 --methods er --seeds 0,results/neural_networks_submission/configs/split_cifar10__sym20__er__seed0.json,done,2026-06-19 14:24:11,2026-06-19 14:26:05,"acc=[0.664, 0.6655, 0.6735, 0.6025, 0.801]"
split_cifar10__sym20__er__seed1,split_cifar10,split_cifar10,er,resnet18,symmetric,0.2,1,python scripts/run_nn_submission.py --datasets split_cifar10 --conditions sym20 --methods er --seeds 1,results/neural_networks_submission/configs/split_cifar10__sym20__er__seed1.json,done,2026-06-19 14:26:05,2026-06-19 14:27:57,"acc=[0.663, 0.6565, 0.573, 0.6865, 0.75]"
split_cifar10__sym20__er__seed2,split_cifar10,split_cifar10,er,resnet18,symmetric,0.2,2,python scripts/run_nn_submission.py --datasets split_cifar10 --conditions sym20 --methods er --seeds 2,results/neural_networks_submission/configs/split_cifar10__sym20__er__seed2.json,done,2026-06-19 14:27:57,2026-06-19 14:29:50,"acc=[0.754, 0.52, 0.69, 0.737, 0.7425]"
split_cifar10__sym20__derpp__seed0,split_cifar10,split_cifar10,derpp,resnet18,symmetric,0.2,0,python scripts/run_nn_submission.py --datasets split_cifar10 --conditions sym20 --methods derpp --seeds 0,results/neural_networks_submission/configs/split_cifar10__sym20__derpp__seed0.json,done,2026-06-19 14:29:50,2026-06-19 14:31:56,"acc=[0.678, 0.5835, 0.609, 0.533, 0.649]"
split_cifar10__sym20__derpp__seed1,split_cifar10,split_cifar10,derpp,resnet18,symmetric,0.2,1,python scripts/run_nn_submission.py --datasets split_cifar10 --conditions sym20 --methods derpp --seeds 1,results/neural_networks_submission/configs/split_cifar10__sym20__derpp__seed1.json,done,2026-06-19 14:31:56,2026-06-19 14:34:00,"acc=[0.7745, 0.6255, 0.654, 0.697, 0.7465]"
split_cifar10__sym20__derpp__seed2,split_cifar10,split_cifar10,derpp,resnet18,symmetric,0.2,2,python scripts/run_nn_submission.py --datasets split_cifar10 --conditions sym20 --methods derpp --seeds 2,results/neural_networks_submission/configs/split_cifar10__sym20__derpp__seed2.json,done,2026-06-19 14:34:00,2026-06-19 14:36:05,"acc=[0.7715, 0.6355, 0.7175, 0.7635, 0.758]"
split_cifar10__sym20__gate_loss__seed0,split_cifar10,split_cifar10,gate_loss,resnet18,symmetric,0.2,0,python scripts/run_nn_submission.py --datasets split_cifar10 --conditions sym20 --methods gate_loss --seeds 0,results/neural_networks_submission/configs/split_cifar10__sym20__gate_loss__seed0.json,done,2026-06-19 14:36:05,2026-06-19 14:38:10,"acc=[0.7575, 0.6455, 0.69, 0.7165, 0.776]"
split_cifar10__sym20__gate_loss__seed1,split_cifar10,split_cifar10,gate_loss,resnet18,symmetric,0.2,1,python scripts/run_nn_submission.py --datasets split_cifar10 --conditions sym20 --methods gate_loss --seeds 1,results/neural_networks_submission/configs/split_cifar10__sym20__gate_loss__seed1.json,done,2026-06-19 14:38:10,2026-06-19 14:40:11,"acc=[0.7715, 0.6335, 0.6965, 0.713, 0.7625]"
split_cifar10__sym20__gate_loss__seed2,split_cifar10,split_cifar10,gate_loss,resnet18,symmetric,0.2,2,python scripts/run_nn_submission.py --datasets split_cifar10 --conditions sym20 --methods gate_loss --seeds 2,results/neural_networks_submission/configs/split_cifar10__sym20__gate_loss__seed2.json,done,2026-06-19 14:40:11,2026-06-19 14:42:12,"acc=[0.7715, 0.631, 0.66, 0.681, 0.7855]"
split_cifar10__sym20__gate_conf__seed0,split_cifar10,split_cifar10,gate_conf,resnet18,symmetric,0.2,0,python scripts/run_nn_submission.py --datasets split_cifar10 --conditions sym20 --methods gate_conf --seeds 0,results/neural_networks_submission/configs/split_cifar10__sym20__gate_conf__seed0.json,done,2026-06-19 14:42:12,2026-06-19 14:44:13,"acc=[0.625, 0.5985, 0.5435, 0.737, 0.7185]"
split_cifar10__sym20__gate_conf__seed1,split_cifar10,split_cifar10,gate_conf,resnet18,symmetric,0.2,1,python scripts/run_nn_submission.py --datasets split_cifar10 --conditions sym20 --methods gate_conf --seeds 1,results/neural_networks_submission/configs/split_cifar10__sym20__gate_conf__seed1.json,done,2026-06-19 14:44:13,2026-06-19 14:46:14,"acc=[0.719, 0.6085, 0.664, 0.6435, 0.783]"
split_cifar10__sym20__gate_conf__seed2,split_cifar10,split_cifar10,gate_conf,resnet18,symmetric,0.2,2,python scripts/run_nn_submission.py --datasets split_cifar10 --conditions sym20 --methods gate_conf --seeds 2,results/neural_networks_submission/configs/split_cifar10__sym20__gate_conf__seed2.json,done,2026-06-19 14:46:14,2026-06-19 14:48:14,"acc=[0.7305, 0.5635, 0.585, 0.698, 0.7265]"
split_cifar10__sym20__oracle__seed0,split_cifar10,split_cifar10,oracle,resnet18,symmetric,0.2,0,python scripts/run_nn_submission.py --datasets split_cifar10 --conditions sym20 --methods oracle --seeds 0,results/neural_networks_submission/configs/split_cifar10__sym20__oracle__seed0.json,done,2026-06-19 14:48:14,2026-06-19 14:49:59,"acc=[0.8505, 0.693, 0.6905, 0.721, 0.7985]"
split_cifar10__sym20__oracle__seed1,split_cifar10,split_cifar10,oracle,resnet18,symmetric,0.2,1,python scripts/run_nn_submission.py --datasets split_cifar10 --conditions sym20 --methods oracle --seeds 1,results/neural_networks_submission/configs/split_cifar10__sym20__oracle__seed1.json,done,2026-06-19 14:49:59,2026-06-19 14:51:48,"acc=[0.8215, 0.7075, 0.709, 0.76, 0.75]"
split_cifar10__sym20__oracle__seed2,split_cifar10,split_cifar10,oracle,resnet18,symmetric,0.2,2,python scripts/run_nn_submission.py --datasets split_cifar10 --conditions sym20 --methods oracle --seeds 2,results/neural_networks_submission/configs/split_cifar10__sym20__oracle__seed2.json,done,2026-06-19 14:51:48,2026-06-19 14:53:39,"acc=[0.851, 0.6865, 0.7295, 0.794, 0.809]"
split_cifar10__sym60__er__seed0,split_cifar10,split_cifar10,er,resnet18,symmetric,0.6,0,python scripts/run_nn_submission.py --datasets split_cifar10 --conditions sym60 --methods er --seeds 0,results/neural_networks_submission/configs/split_cifar10__sym60__er__seed0.json,done,2026-06-19 14:53:39,2026-06-19 14:55:30,"acc=[0.4105, 0.425, 0.3495, 0.465, 0.4985]"
split_cifar10__sym60__er__seed1,split_cifar10,split_cifar10,er,resnet18,symmetric,0.6,1,python scripts/run_nn_submission.py --datasets split_cifar10 --conditions sym60 --methods er --seeds 1,results/neural_networks_submission/configs/split_cifar10__sym60__er__seed1.json,done,2026-06-19 14:55:30,2026-06-19 14:57:22,"acc=[0.4615, 0.4755, 0.449, 0.528, 0.4705]"
split_cifar10__sym60__er__seed2,split_cifar10,split_cifar10,er,resnet18,symmetric,0.6,2,python scripts/run_nn_submission.py --datasets split_cifar10 --conditions sym60 --methods er --seeds 2,results/neural_networks_submission/configs/split_cifar10__sym60__er__seed2.json,done,2026-06-19 14:57:22,2026-06-19 14:59:15,"acc=[0.428, 0.428, 0.459, 0.5385, 0.4425]"
split_cifar10__sym60__derpp__seed0,split_cifar10,split_cifar10,derpp,resnet18,symmetric,0.6,0,python scripts/run_nn_submission.py --datasets split_cifar10 --conditions sym60 --methods derpp --seeds 0,results/neural_networks_submission/configs/split_cifar10__sym60__derpp__seed0.json,done,2026-06-19 14:59:15,2026-06-19 15:01:23,"acc=[0.4395, 0.4355, 0.3685, 0.4585, 0.4505]"
split_cifar10__sym60__derpp__seed1,split_cifar10,split_cifar10,derpp,resnet18,symmetric,0.6,1,python scripts/run_nn_submission.py --datasets split_cifar10 --conditions sym60 --methods derpp --seeds 1,results/neural_networks_submission/configs/split_cifar10__sym60__derpp__seed1.json,done,2026-06-19 15:01:23,2026-06-19 15:03:29,"acc=[0.3965, 0.464, 0.45, 0.462, 0.373]"
split_cifar10__sym60__derpp__seed2,split_cifar10,split_cifar10,derpp,resnet18,symmetric,0.6,2,python scripts/run_nn_submission.py --datasets split_cifar10 --conditions sym60 --methods derpp --seeds 2,results/neural_networks_submission/configs/split_cifar10__sym60__derpp__seed2.json,done,2026-06-19 15:03:29,2026-06-19 15:05:36,"acc=[0.359, 0.465, 0.3715, 0.497, 0.348]"
split_cifar10__sym60__gate_loss__seed0,split_cifar10,split_cifar10,gate_loss,resnet18,symmetric,0.6,0,python scripts/run_nn_submission.py --datasets split_cifar10 --conditions sym60 --methods gate_loss --seeds 0,results/neural_networks_submission/configs/split_cifar10__sym60__gate_loss__seed0.json,done,2026-06-19 15:05:36,2026-06-19 15:07:43,"acc=[0.337, 0.439, 0.403, 0.475, 0.3805]"
split_cifar10__sym60__gate_loss__seed1,split_cifar10,split_cifar10,gate_loss,resnet18,symmetric,0.6,1,python scripts/run_nn_submission.py --datasets split_cifar10 --conditions sym60 --methods gate_loss --seeds 1,results/neural_networks_submission/configs/split_cifar10__sym60__gate_loss__seed1.json,done,2026-06-19 15:07:43,2026-06-19 15:09:48,"acc=[0.502, 0.4425, 0.5795, 0.4825, 0.336]"
split_cifar10__sym60__gate_loss__seed2,split_cifar10,split_cifar10,gate_loss,resnet18,symmetric,0.6,2,python scripts/run_nn_submission.py --datasets split_cifar10 --conditions sym60 --methods gate_loss --seeds 2,results/neural_networks_submission/configs/split_cifar10__sym60__gate_loss__seed2.json,done,2026-06-19 15:09:48,2026-06-19 15:11:53,"acc=[0.334, 0.39, 0.431, 0.4715, 0.4085]"
split_cifar10__sym60__gate_conf__seed0,split_cifar10,split_cifar10,gate_conf,resnet18,symmetric,0.6,0,python scripts/run_nn_submission.py --datasets split_cifar10 --conditions sym60 --methods gate_conf --seeds 0,results/neural_networks_submission/configs/split_cifar10__sym60__gate_conf__seed0.json,done,2026-06-19 15:11:53,2026-06-19 15:13:59,"acc=[0.349, 0.4845, 0.5005, 0.472, 0.3295]"
split_cifar10__sym60__gate_conf__seed1,split_cifar10,split_cifar10,gate_conf,resnet18,symmetric,0.6,1,python scripts/run_nn_submission.py --datasets split_cifar10 --conditions sym60 --methods gate_conf --seeds 1,results/neural_networks_submission/configs/split_cifar10__sym60__gate_conf__seed1.json,done,2026-06-19 15:13:59,2026-06-19 15:16:05,"acc=[0.3355, 0.49, 0.477, 0.4355, 0.4465]"
split_cifar10__sym60__gate_conf__seed2,split_cifar10,split_cifar10,gate_conf,resnet18,symmetric,0.6,2,python scripts/run_nn_submission.py --datasets split_cifar10 --conditions sym60 --methods gate_conf --seeds 2,results/neural_networks_submission/configs/split_cifar10__sym60__gate_conf__seed2.json,done,2026-06-19 15:16:05,2026-06-19 15:18:09,"acc=[0.4785, 0.473, 0.4845, 0.471, 0.3435]"
split_cifar10__sym60__oracle__seed0,split_cifar10,split_cifar10,oracle,resnet18,symmetric,0.6,0,python scripts/run_nn_submission.py --datasets split_cifar10 --conditions sym60 --methods oracle --seeds 0,results/neural_networks_submission/configs/split_cifar10__sym60__oracle__seed0.json,done,2026-06-19 15:18:09,2026-06-19 15:20:00,"acc=[0.7445, 0.6485, 0.6965, 0.721, 0.5725]"
split_cifar10__sym60__oracle__seed1,split_cifar10,split_cifar10,oracle,resnet18,symmetric,0.6,1,python scripts/run_nn_submission.py --datasets split_cifar10 --conditions sym60 --methods oracle --seeds 1,results/neural_networks_submission/configs/split_cifar10__sym60__oracle__seed1.json,done,2026-06-19 15:20:00,2026-06-19 15:21:50,"acc=[0.7945, 0.6385, 0.7115, 0.6855, 0.434]"
split_cifar10__sym60__oracle__seed2,split_cifar10,split_cifar10,oracle,resnet18,symmetric,0.6,2,python scripts/run_nn_submission.py --datasets split_cifar10 --conditions sym60 --methods oracle --seeds 2,results/neural_networks_submission/configs/split_cifar10__sym60__oracle__seed2.json,done,2026-06-19 15:21:50,2026-06-19 15:23:37,"acc=[0.804, 0.6495, 0.719, 0.717, 0.5835]"
split_cifar10__asym40__er__seed0,split_cifar10,split_cifar10,er,resnet18,asymmetric,0.4,0,python scripts/run_nn_submission.py --datasets split_cifar10 --conditions asym40 --methods er --seeds 0,results/neural_networks_submission/configs/split_cifar10__asym40__er__seed0.json,done,2026-06-19 15:23:37,2026-06-19 15:25:27,"acc=[0.713, 0.5235, 0.4435, 0.4585, 0.6615]"
split_cifar10__asym40__er__seed1,split_cifar10,split_cifar10,er,resnet18,asymmetric,0.4,1,python scripts/run_nn_submission.py --datasets split_cifar10 --conditions asym40 --methods er --seeds 1,results/neural_networks_submission/configs/split_cifar10__asym40__er__seed1.json,done,2026-06-19 15:25:27,2026-06-19 15:27:19,"acc=[0.632, 0.5415, 0.526, 0.618, 0.6725]"
split_cifar10__asym40__er__seed2,split_cifar10,split_cifar10,er,resnet18,asymmetric,0.4,2,python scripts/run_nn_submission.py --datasets split_cifar10 --conditions asym40 --methods er --seeds 2,results/neural_networks_submission/configs/split_cifar10__asym40__er__seed2.json,done,2026-06-19 15:27:19,2026-06-19 15:29:12,"acc=[0.5625, 0.5515, 0.52, 0.5525, 0.605]"
split_cifar10__asym40__derpp__seed0,split_cifar10,split_cifar10,derpp,resnet18,asymmetric,0.4,0,python scripts/run_nn_submission.py --datasets split_cifar10 --conditions asym40 --methods derpp --seeds 0,results/neural_networks_submission/configs/split_cifar10__asym40__derpp__seed0.json,done,2026-06-19 15:29:12,2026-06-19 15:31:19,"acc=[0.6135, 0.555, 0.4795, 0.5465, 0.617]"
split_cifar10__asym40__derpp__seed1,split_cifar10,split_cifar10,derpp,resnet18,asymmetric,0.4,1,python scripts/run_nn_submission.py --datasets split_cifar10 --conditions asym40 --methods derpp --seeds 1,results/neural_networks_submission/configs/split_cifar10__asym40__derpp__seed1.json,done,2026-06-19 15:31:19,2026-06-19 15:33:27,"acc=[0.4965, 0.5015, 0.595, 0.6155, 0.62]"
split_cifar10__asym40__derpp__seed2,split_cifar10,split_cifar10,derpp,resnet18,asymmetric,0.4,2,python scripts/run_nn_submission.py --datasets split_cifar10 --conditions asym40 --methods derpp --seeds 2,results/neural_networks_submission/configs/split_cifar10__asym40__derpp__seed2.json,done,2026-06-19 15:33:27,2026-06-19 15:35:33,"acc=[0.525, 0.538, 0.5805, 0.5565, 0.609]"
split_cifar10__asym40__gate_loss__seed0,split_cifar10,split_cifar10,gate_loss,resnet18,asymmetric,0.4,0,python scripts/run_nn_submission.py --datasets split_cifar10 --conditions asym40 --methods gate_loss --seeds 0,results/neural_networks_submission/configs/split_cifar10__asym40__gate_loss__seed0.json,done,2026-06-19 15:35:33,2026-06-19 15:37:37,"acc=[0.492, 0.5705, 0.57, 0.494, 0.632]"
split_cifar10__asym40__gate_loss__seed1,split_cifar10,split_cifar10,gate_loss,resnet18,asymmetric,0.4,1,python scripts/run_nn_submission.py --datasets split_cifar10 --conditions asym40 --methods gate_loss --seeds 1,results/neural_networks_submission/configs/split_cifar10__asym40__gate_loss__seed1.json,done,2026-06-19 15:37:37,2026-06-19 15:39:39,"acc=[0.56, 0.5415, 0.4545, 0.5535, 0.59]"
split_cifar10__asym40__gate_loss__seed2,split_cifar10,split_cifar10,gate_loss,resnet18,asymmetric,0.4,2,python scripts/run_nn_submission.py --datasets split_cifar10 --conditions asym40 --methods gate_loss --seeds 2,results/neural_networks_submission/configs/split_cifar10__asym40__gate_loss__seed2.json,done,2026-06-19 15:39:39,2026-06-19 15:41:40,"acc=[0.5435, 0.5365, 0.628, 0.5445, 0.5945]"
split_cifar10__asym40__gate_conf__seed0,split_cifar10,split_cifar10,gate_conf,resnet18,asymmetric,0.4,0,python scripts/run_nn_submission.py --datasets split_cifar10 --conditions asym40 --methods gate_conf --seeds 0,results/neural_networks_submission/configs/split_cifar10__asym40__gate_conf__seed0.json,done,2026-06-19 15:41:40,2026-06-19 15:43:45,"acc=[0.4975, 0.513, 0.4935, 0.5035, 0.593]"
split_cifar10__asym40__gate_conf__seed1,split_cifar10,split_cifar10,gate_conf,resnet18,asymmetric,0.4,1,python scripts/run_nn_submission.py --datasets split_cifar10 --conditions asym40 --methods gate_conf --seeds 1,results/neural_networks_submission/configs/split_cifar10__asym40__gate_conf__seed1.json,done,2026-06-19 15:43:45,2026-06-19 15:45:52,"acc=[0.5515, 0.559, 0.554, 0.514, 0.6605]"
split_cifar10__asym40__gate_conf__seed2,split_cifar10,split_cifar10,gate_conf,resnet18,asymmetric,0.4,2,python scripts/run_nn_submission.py --datasets split_cifar10 --conditions asym40 --methods gate_conf --seeds 2,results/neural_networks_submission/configs/split_cifar10__asym40__gate_conf__seed2.json,done,2026-06-19 15:45:52,2026-06-19 15:47:58,"acc=[0.5605, 0.525, 0.5295, 0.4725, 0.6245]"
split_cifar10__asym40__oracle__seed0,split_cifar10,split_cifar10,oracle,resnet18,asymmetric,0.4,0,python scripts/run_nn_submission.py --datasets split_cifar10 --conditions asym40 --methods oracle --seeds 0,results/neural_networks_submission/configs/split_cifar10__asym40__oracle__seed0.json,done,2026-06-19 15:47:58,2026-06-19 15:49:48,"acc=[0.7595, 0.6905, 0.721, 0.731, 0.7085]"
split_cifar10__asym40__oracle__seed1,split_cifar10,split_cifar10,oracle,resnet18,asymmetric,0.4,1,python scripts/run_nn_submission.py --datasets split_cifar10 --conditions asym40 --methods oracle --seeds 1,results/neural_networks_submission/configs/split_cifar10__asym40__oracle__seed1.json,done,2026-06-19 15:49:48,2026-06-19 15:51:36,"acc=[0.7685, 0.65, 0.6505, 0.7035, 0.7205]"
split_cifar10__asym40__oracle__seed2,split_cifar10,split_cifar10,oracle,resnet18,asymmetric,0.4,2,python scripts/run_nn_submission.py --datasets split_cifar10 --conditions asym40 --methods oracle --seeds 2,results/neural_networks_submission/configs/split_cifar10__asym40__oracle__seed2.json,done,2026-06-19 15:51:36,2026-06-19 15:53:26,"acc=[0.7775, 0.6495, 0.693, 0.7585, 0.731]"
permuted_mnist__early40__adam__seed0,permuted_mnist,permuted_mnist,adam,mlp,symmetric,0.4,0,python run_reliability_suite.py (legacy MNIST corpus),results/reliability/runs/permuted_mnist__early40__adam__seed0.json,reused_legacy,,,MNIST sanity/frontier evidence; produced by the prior reliability suite
permuted_mnist__early40__adam__seed1,permuted_mnist,permuted_mnist,adam,mlp,symmetric,0.4,1,python run_reliability_suite.py (legacy MNIST corpus),results/reliability/runs/permuted_mnist__early40__adam__seed1.json,reused_legacy,,,MNIST sanity/frontier evidence; produced by the prior reliability suite
permuted_mnist__early40__adam__seed2,permuted_mnist,permuted_mnist,adam,mlp,symmetric,0.4,2,python run_reliability_suite.py (legacy MNIST corpus),results/reliability/runs/permuted_mnist__early40__adam__seed2.json,reused_legacy,,,MNIST sanity/frontier evidence; produced by the prior reliability suite
permuted_mnist__early40__derpp__seed0,permuted_mnist,permuted_mnist,derpp,mlp,symmetric,0.4,0,python run_reliability_suite.py (legacy MNIST corpus),results/reliability/runs/permuted_mnist__early40__derpp__seed0.json,reused_legacy,,,MNIST sanity/frontier evidence; produced by the prior reliability suite
permuted_mnist__early40__derpp__seed1,permuted_mnist,permuted_mnist,derpp,mlp,symmetric,0.4,1,python run_reliability_suite.py (legacy MNIST corpus),results/reliability/runs/permuted_mnist__early40__derpp__seed1.json,reused_legacy,,,MNIST sanity/frontier evidence; produced by the prior reliability suite
permuted_mnist__early40__derpp__seed2,permuted_mnist,permuted_mnist,derpp,mlp,symmetric,0.4,2,python run_reliability_suite.py (legacy MNIST corpus),results/reliability/runs/permuted_mnist__early40__derpp__seed2.json,reused_legacy,,,MNIST sanity/frontier evidence; produced by the prior reliability suite
permuted_mnist__early40__ewc__seed0,permuted_mnist,permuted_mnist,ewc,mlp,symmetric,0.4,0,python run_reliability_suite.py (legacy MNIST corpus),results/reliability/runs/permuted_mnist__early40__ewc__seed0.json,reused_legacy,,,MNIST sanity/frontier evidence; produced by the prior reliability suite
permuted_mnist__early40__ewc__seed1,permuted_mnist,permuted_mnist,ewc,mlp,symmetric,0.4,1,python run_reliability_suite.py (legacy MNIST corpus),results/reliability/runs/permuted_mnist__early40__ewc__seed1.json,reused_legacy,,,MNIST sanity/frontier evidence; produced by the prior reliability suite
permuted_mnist__early40__ewc__seed2,permuted_mnist,permuted_mnist,ewc,mlp,symmetric,0.4,2,python run_reliability_suite.py (legacy MNIST corpus),results/reliability/runs/permuted_mnist__early40__ewc__seed2.json,reused_legacy,,,MNIST sanity/frontier evidence; produced by the prior reliability suite
permuted_mnist__early40__ewc_conf__seed0,permuted_mnist,permuted_mnist,ewc_conf,mlp,symmetric,0.4,0,python run_reliability_suite.py (legacy MNIST corpus),results/reliability/runs/permuted_mnist__early40__ewc_conf__seed0.json,reused_legacy,,,MNIST sanity/frontier evidence; produced by the prior reliability suite
permuted_mnist__early40__ewc_conf__seed1,permuted_mnist,permuted_mnist,ewc_conf,mlp,symmetric,0.4,1,python run_reliability_suite.py (legacy MNIST corpus),results/reliability/runs/permuted_mnist__early40__ewc_conf__seed1.json,reused_legacy,,,MNIST sanity/frontier evidence; produced by the prior reliability suite
permuted_mnist__early40__ewc_conf__seed2,permuted_mnist,permuted_mnist,ewc_conf,mlp,symmetric,0.4,2,python run_reliability_suite.py (legacy MNIST corpus),results/reliability/runs/permuted_mnist__early40__ewc_conf__seed2.json,reused_legacy,,,MNIST sanity/frontier evidence; produced by the prior reliability suite
permuted_mnist__early40__ewc_error__seed0,permuted_mnist,permuted_mnist,ewc_loss,mlp,symmetric,0.4,0,python run_reliability_suite.py (legacy MNIST corpus),results/reliability/runs/permuted_mnist__early40__ewc_error__seed0.json,reused_legacy,,,MNIST sanity/frontier evidence; produced by the prior reliability suite
permuted_mnist__early40__ewc_error__seed1,permuted_mnist,permuted_mnist,ewc_loss,mlp,symmetric,0.4,1,python run_reliability_suite.py (legacy MNIST corpus),results/reliability/runs/permuted_mnist__early40__ewc_error__seed1.json,reused_legacy,,,MNIST sanity/frontier evidence; produced by the prior reliability suite
permuted_mnist__early40__ewc_error__seed2,permuted_mnist,permuted_mnist,ewc_loss,mlp,symmetric,0.4,2,python run_reliability_suite.py (legacy MNIST corpus),results/reliability/runs/permuted_mnist__early40__ewc_error__seed2.json,reused_legacy,,,MNIST sanity/frontier evidence; produced by the prior reliability suite
permuted_mnist__early40__mas__seed0,permuted_mnist,permuted_mnist,mas,mlp,symmetric,0.4,0,python run_reliability_suite.py (legacy MNIST corpus),results/reliability/runs/permuted_mnist__early40__mas__seed0.json,reused_legacy,,,MNIST sanity/frontier evidence; produced by the prior reliability suite
permuted_mnist__early40__mas__seed1,permuted_mnist,permuted_mnist,mas,mlp,symmetric,0.4,1,python run_reliability_suite.py (legacy MNIST corpus),results/reliability/runs/permuted_mnist__early40__mas__seed1.json,reused_legacy,,,MNIST sanity/frontier evidence; produced by the prior reliability suite
permuted_mnist__early40__mas__seed2,permuted_mnist,permuted_mnist,mas,mlp,symmetric,0.4,2,python run_reliability_suite.py (legacy MNIST corpus),results/reliability/runs/permuted_mnist__early40__mas__seed2.json,reused_legacy,,,MNIST sanity/frontier evidence; produced by the prior reliability suite
permuted_mnist__early40__replay__seed0,permuted_mnist,permuted_mnist,er,mlp,symmetric,0.4,0,python run_reliability_suite.py (legacy MNIST corpus),results/reliability/runs/permuted_mnist__early40__replay__seed0.json,reused_legacy,,,MNIST sanity/frontier evidence; produced by the prior reliability suite
permuted_mnist__early40__replay__seed1,permuted_mnist,permuted_mnist,er,mlp,symmetric,0.4,1,python run_reliability_suite.py (legacy MNIST corpus),results/reliability/runs/permuted_mnist__early40__replay__seed1.json,reused_legacy,,,MNIST sanity/frontier evidence; produced by the prior reliability suite
permuted_mnist__early40__replay__seed2,permuted_mnist,permuted_mnist,er,mlp,symmetric,0.4,2,python run_reliability_suite.py (legacy MNIST corpus),results/reliability/runs/permuted_mnist__early40__replay__seed2.json,reused_legacy,,,MNIST sanity/frontier evidence; produced by the prior reliability suite
permuted_mnist__early40__replay_conf__seed0,permuted_mnist,permuted_mnist,gate_conf,mlp,symmetric,0.4,0,python run_reliability_suite.py (legacy MNIST corpus),results/reliability/runs/permuted_mnist__early40__replay_conf__seed0.json,reused_legacy,,,MNIST sanity/frontier evidence; produced by the prior reliability suite
permuted_mnist__early40__replay_conf__seed1,permuted_mnist,permuted_mnist,gate_conf,mlp,symmetric,0.4,1,python run_reliability_suite.py (legacy MNIST corpus),results/reliability/runs/permuted_mnist__early40__replay_conf__seed1.json,reused_legacy,,,MNIST sanity/frontier evidence; produced by the prior reliability suite
permuted_mnist__early40__replay_conf__seed2,permuted_mnist,permuted_mnist,gate_conf,mlp,symmetric,0.4,2,python run_reliability_suite.py (legacy MNIST corpus),results/reliability/runs/permuted_mnist__early40__replay_conf__seed2.json,reused_legacy,,,MNIST sanity/frontier evidence; produced by the prior reliability suite
permuted_mnist__early40__replay_error__seed0,permuted_mnist,permuted_mnist,gate_loss,mlp,symmetric,0.4,0,python run_reliability_suite.py (legacy MNIST corpus),results/reliability/runs/permuted_mnist__early40__replay_error__seed0.json,reused_legacy,,,MNIST sanity/frontier evidence; produced by the prior reliability suite
permuted_mnist__early40__replay_error__seed1,permuted_mnist,permuted_mnist,gate_loss,mlp,symmetric,0.4,1,python run_reliability_suite.py (legacy MNIST corpus),results/reliability/runs/permuted_mnist__early40__replay_error__seed1.json,reused_legacy,,,MNIST sanity/frontier evidence; produced by the prior reliability suite
permuted_mnist__early40__replay_error__seed2,permuted_mnist,permuted_mnist,gate_loss,mlp,symmetric,0.4,2,python run_reliability_suite.py (legacy MNIST corpus),results/reliability/runs/permuted_mnist__early40__replay_error__seed2.json,reused_legacy,,,MNIST sanity/frontier evidence; produced by the prior reliability suite
permuted_mnist__early40__replay_repr__seed0,permuted_mnist,permuted_mnist,gate_reprstab,mlp,symmetric,0.4,0,python run_reliability_suite.py (legacy MNIST corpus),results/reliability/runs/permuted_mnist__early40__replay_repr__seed0.json,reused_legacy,,,MNIST sanity/frontier evidence; produced by the prior reliability suite
permuted_mnist__early40__replay_repr__seed1,permuted_mnist,permuted_mnist,gate_reprstab,mlp,symmetric,0.4,1,python run_reliability_suite.py (legacy MNIST corpus),results/reliability/runs/permuted_mnist__early40__replay_repr__seed1.json,reused_legacy,,,MNIST sanity/frontier evidence; produced by the prior reliability suite
permuted_mnist__early40__replay_repr__seed2,permuted_mnist,permuted_mnist,gate_reprstab,mlp,symmetric,0.4,2,python run_reliability_suite.py (legacy MNIST corpus),results/reliability/runs/permuted_mnist__early40__replay_repr__seed2.json,reused_legacy,,,MNIST sanity/frontier evidence; produced by the prior reliability suite
permuted_mnist__early40__replay_stab__seed0,permuted_mnist,permuted_mnist,gate_predstab,mlp,symmetric,0.4,0,python run_reliability_suite.py (legacy MNIST corpus),results/reliability/runs/permuted_mnist__early40__replay_stab__seed0.json,reused_legacy,,,MNIST sanity/frontier evidence; produced by the prior reliability suite
permuted_mnist__early40__replay_stab__seed1,permuted_mnist,permuted_mnist,gate_predstab,mlp,symmetric,0.4,1,python run_reliability_suite.py (legacy MNIST corpus),results/reliability/runs/permuted_mnist__early40__replay_stab__seed1.json,reused_legacy,,,MNIST sanity/frontier evidence; produced by the prior reliability suite
permuted_mnist__early40__replay_stab__seed2,permuted_mnist,permuted_mnist,gate_predstab,mlp,symmetric,0.4,2,python run_reliability_suite.py (legacy MNIST corpus),results/reliability/runs/permuted_mnist__early40__replay_stab__seed2.json,reused_legacy,,,MNIST sanity/frontier evidence; produced by the prior reliability suite
permuted_mnist__early40__si__seed0,permuted_mnist,permuted_mnist,si,mlp,symmetric,0.4,0,python run_reliability_suite.py (legacy MNIST corpus),results/reliability/runs/permuted_mnist__early40__si__seed0.json,reused_legacy,,,MNIST sanity/frontier evidence; produced by the prior reliability suite
permuted_mnist__early40__si__seed1,permuted_mnist,permuted_mnist,si,mlp,symmetric,0.4,1,python run_reliability_suite.py (legacy MNIST corpus),results/reliability/runs/permuted_mnist__early40__si__seed1.json,reused_legacy,,,MNIST sanity/frontier evidence; produced by the prior reliability suite
permuted_mnist__early40__si__seed2,permuted_mnist,permuted_mnist,si,mlp,symmetric,0.4,2,python run_reliability_suite.py (legacy MNIST corpus),results/reliability/runs/permuted_mnist__early40__si__seed2.json,reused_legacy,,,MNIST sanity/frontier evidence; produced by the prior reliability suite
permuted_mnist__late40__adam__seed0,permuted_mnist,permuted_mnist,adam,mlp,symmetric,0.4,0,python run_reliability_suite.py (legacy MNIST corpus),results/reliability/runs/permuted_mnist__late40__adam__seed0.json,reused_legacy,,,MNIST sanity/frontier evidence; produced by the prior reliability suite
permuted_mnist__late40__adam__seed1,permuted_mnist,permuted_mnist,adam,mlp,symmetric,0.4,1,python run_reliability_suite.py (legacy MNIST corpus),results/reliability/runs/permuted_mnist__late40__adam__seed1.json,reused_legacy,,,MNIST sanity/frontier evidence; produced by the prior reliability suite
permuted_mnist__late40__adam__seed2,permuted_mnist,permuted_mnist,adam,mlp,symmetric,0.4,2,python run_reliability_suite.py (legacy MNIST corpus),results/reliability/runs/permuted_mnist__late40__adam__seed2.json,reused_legacy,,,MNIST sanity/frontier evidence; produced by the prior reliability suite
permuted_mnist__late40__derpp__seed0,permuted_mnist,permuted_mnist,derpp,mlp,symmetric,0.4,0,python run_reliability_suite.py (legacy MNIST corpus),results/reliability/runs/permuted_mnist__late40__derpp__seed0.json,reused_legacy,,,MNIST sanity/frontier evidence; produced by the prior reliability suite
permuted_mnist__late40__derpp__seed1,permuted_mnist,permuted_mnist,derpp,mlp,symmetric,0.4,1,python run_reliability_suite.py (legacy MNIST corpus),results/reliability/runs/permuted_mnist__late40__derpp__seed1.json,reused_legacy,,,MNIST sanity/frontier evidence; produced by the prior reliability suite
permuted_mnist__late40__derpp__seed2,permuted_mnist,permuted_mnist,derpp,mlp,symmetric,0.4,2,python run_reliability_suite.py (legacy MNIST corpus),results/reliability/runs/permuted_mnist__late40__derpp__seed2.json,reused_legacy,,,MNIST sanity/frontier evidence; produced by the prior reliability suite
permuted_mnist__late40__ewc__seed0,permuted_mnist,permuted_mnist,ewc,mlp,symmetric,0.4,0,python run_reliability_suite.py (legacy MNIST corpus),results/reliability/runs/permuted_mnist__late40__ewc__seed0.json,reused_legacy,,,MNIST sanity/frontier evidence; produced by the prior reliability suite
permuted_mnist__late40__ewc__seed1,permuted_mnist,permuted_mnist,ewc,mlp,symmetric,0.4,1,python run_reliability_suite.py (legacy MNIST corpus),results/reliability/runs/permuted_mnist__late40__ewc__seed1.json,reused_legacy,,,MNIST sanity/frontier evidence; produced by the prior reliability suite
permuted_mnist__late40__ewc__seed2,permuted_mnist,permuted_mnist,ewc,mlp,symmetric,0.4,2,python run_reliability_suite.py (legacy MNIST corpus),results/reliability/runs/permuted_mnist__late40__ewc__seed2.json,reused_legacy,,,MNIST sanity/frontier evidence; produced by the prior reliability suite
permuted_mnist__late40__ewc_conf__seed0,permuted_mnist,permuted_mnist,ewc_conf,mlp,symmetric,0.4,0,python run_reliability_suite.py (legacy MNIST corpus),results/reliability/runs/permuted_mnist__late40__ewc_conf__seed0.json,reused_legacy,,,MNIST sanity/frontier evidence; produced by the prior reliability suite
permuted_mnist__late40__ewc_conf__seed1,permuted_mnist,permuted_mnist,ewc_conf,mlp,symmetric,0.4,1,python run_reliability_suite.py (legacy MNIST corpus),results/reliability/runs/permuted_mnist__late40__ewc_conf__seed1.json,reused_legacy,,,MNIST sanity/frontier evidence; produced by the prior reliability suite
permuted_mnist__late40__ewc_conf__seed2,permuted_mnist,permuted_mnist,ewc_conf,mlp,symmetric,0.4,2,python run_reliability_suite.py (legacy MNIST corpus),results/reliability/runs/permuted_mnist__late40__ewc_conf__seed2.json,reused_legacy,,,MNIST sanity/frontier evidence; produced by the prior reliability suite
permuted_mnist__late40__ewc_error__seed0,permuted_mnist,permuted_mnist,ewc_loss,mlp,symmetric,0.4,0,python run_reliability_suite.py (legacy MNIST corpus),results/reliability/runs/permuted_mnist__late40__ewc_error__seed0.json,reused_legacy,,,MNIST sanity/frontier evidence; produced by the prior reliability suite
permuted_mnist__late40__ewc_error__seed1,permuted_mnist,permuted_mnist,ewc_loss,mlp,symmetric,0.4,1,python run_reliability_suite.py (legacy MNIST corpus),results/reliability/runs/permuted_mnist__late40__ewc_error__seed1.json,reused_legacy,,,MNIST sanity/frontier evidence; produced by the prior reliability suite
permuted_mnist__late40__ewc_error__seed2,permuted_mnist,permuted_mnist,ewc_loss,mlp,symmetric,0.4,2,python run_reliability_suite.py (legacy MNIST corpus),results/reliability/runs/permuted_mnist__late40__ewc_error__seed2.json,reused_legacy,,,MNIST sanity/frontier evidence; produced by the prior reliability suite
permuted_mnist__late40__mas__seed0,permuted_mnist,permuted_mnist,mas,mlp,symmetric,0.4,0,python run_reliability_suite.py (legacy MNIST corpus),results/reliability/runs/permuted_mnist__late40__mas__seed0.json,reused_legacy,,,MNIST sanity/frontier evidence; produced by the prior reliability suite
permuted_mnist__late40__mas__seed1,permuted_mnist,permuted_mnist,mas,mlp,symmetric,0.4,1,python run_reliability_suite.py (legacy MNIST corpus),results/reliability/runs/permuted_mnist__late40__mas__seed1.json,reused_legacy,,,MNIST sanity/frontier evidence; produced by the prior reliability suite
permuted_mnist__late40__mas__seed2,permuted_mnist,permuted_mnist,mas,mlp,symmetric,0.4,2,python run_reliability_suite.py (legacy MNIST corpus),results/reliability/runs/permuted_mnist__late40__mas__seed2.json,reused_legacy,,,MNIST sanity/frontier evidence; produced by the prior reliability suite
permuted_mnist__late40__replay__seed0,permuted_mnist,permuted_mnist,er,mlp,symmetric,0.4,0,python run_reliability_suite.py (legacy MNIST corpus),results/reliability/runs/permuted_mnist__late40__replay__seed0.json,reused_legacy,,,MNIST sanity/frontier evidence; produced by the prior reliability suite
permuted_mnist__late40__replay__seed1,permuted_mnist,permuted_mnist,er,mlp,symmetric,0.4,1,python run_reliability_suite.py (legacy MNIST corpus),results/reliability/runs/permuted_mnist__late40__replay__seed1.json,reused_legacy,,,MNIST sanity/frontier evidence; produced by the prior reliability suite
permuted_mnist__late40__replay__seed2,permuted_mnist,permuted_mnist,er,mlp,symmetric,0.4,2,python run_reliability_suite.py (legacy MNIST corpus),results/reliability/runs/permuted_mnist__late40__replay__seed2.json,reused_legacy,,,MNIST sanity/frontier evidence; produced by the prior reliability suite
permuted_mnist__late40__replay_conf__seed0,permuted_mnist,permuted_mnist,gate_conf,mlp,symmetric,0.4,0,python run_reliability_suite.py (legacy MNIST corpus),results/reliability/runs/permuted_mnist__late40__replay_conf__seed0.json,reused_legacy,,,MNIST sanity/frontier evidence; produced by the prior reliability suite
permuted_mnist__late40__replay_conf__seed1,permuted_mnist,permuted_mnist,gate_conf,mlp,symmetric,0.4,1,python run_reliability_suite.py (legacy MNIST corpus),results/reliability/runs/permuted_mnist__late40__replay_conf__seed1.json,reused_legacy,,,MNIST sanity/frontier evidence; produced by the prior reliability suite
permuted_mnist__late40__replay_conf__seed2,permuted_mnist,permuted_mnist,gate_conf,mlp,symmetric,0.4,2,python run_reliability_suite.py (legacy MNIST corpus),results/reliability/runs/permuted_mnist__late40__replay_conf__seed2.json,reused_legacy,,,MNIST sanity/frontier evidence; produced by the prior reliability suite
permuted_mnist__late40__replay_error__seed0,permuted_mnist,permuted_mnist,gate_loss,mlp,symmetric,0.4,0,python run_reliability_suite.py (legacy MNIST corpus),results/reliability/runs/permuted_mnist__late40__replay_error__seed0.json,reused_legacy,,,MNIST sanity/frontier evidence; produced by the prior reliability suite
permuted_mnist__late40__replay_error__seed1,permuted_mnist,permuted_mnist,gate_loss,mlp,symmetric,0.4,1,python run_reliability_suite.py (legacy MNIST corpus),results/reliability/runs/permuted_mnist__late40__replay_error__seed1.json,reused_legacy,,,MNIST sanity/frontier evidence; produced by the prior reliability suite
permuted_mnist__late40__replay_error__seed2,permuted_mnist,permuted_mnist,gate_loss,mlp,symmetric,0.4,2,python run_reliability_suite.py (legacy MNIST corpus),results/reliability/runs/permuted_mnist__late40__replay_error__seed2.json,reused_legacy,,,MNIST sanity/frontier evidence; produced by the prior reliability suite
permuted_mnist__late40__replay_repr__seed0,permuted_mnist,permuted_mnist,gate_reprstab,mlp,symmetric,0.4,0,python run_reliability_suite.py (legacy MNIST corpus),results/reliability/runs/permuted_mnist__late40__replay_repr__seed0.json,reused_legacy,,,MNIST sanity/frontier evidence; produced by the prior reliability suite
permuted_mnist__late40__replay_repr__seed1,permuted_mnist,permuted_mnist,gate_reprstab,mlp,symmetric,0.4,1,python run_reliability_suite.py (legacy MNIST corpus),results/reliability/runs/permuted_mnist__late40__replay_repr__seed1.json,reused_legacy,,,MNIST sanity/frontier evidence; produced by the prior reliability suite
permuted_mnist__late40__replay_repr__seed2,permuted_mnist,permuted_mnist,gate_reprstab,mlp,symmetric,0.4,2,python run_reliability_suite.py (legacy MNIST corpus),results/reliability/runs/permuted_mnist__late40__replay_repr__seed2.json,reused_legacy,,,MNIST sanity/frontier evidence; produced by the prior reliability suite
permuted_mnist__late40__replay_stab__seed0,permuted_mnist,permuted_mnist,gate_predstab,mlp,symmetric,0.4,0,python run_reliability_suite.py (legacy MNIST corpus),results/reliability/runs/permuted_mnist__late40__replay_stab__seed0.json,reused_legacy,,,MNIST sanity/frontier evidence; produced by the prior reliability suite
permuted_mnist__late40__replay_stab__seed1,permuted_mnist,permuted_mnist,gate_predstab,mlp,symmetric,0.4,1,python run_reliability_suite.py (legacy MNIST corpus),results/reliability/runs/permuted_mnist__late40__replay_stab__seed1.json,reused_legacy,,,MNIST sanity/frontier evidence; produced by the prior reliability suite
permuted_mnist__late40__replay_stab__seed2,permuted_mnist,permuted_mnist,gate_predstab,mlp,symmetric,0.4,2,python run_reliability_suite.py (legacy MNIST corpus),results/reliability/runs/permuted_mnist__late40__replay_stab__seed2.json,reused_legacy,,,MNIST sanity/frontier evidence; produced by the prior reliability suite
permuted_mnist__late40__si__seed0,permuted_mnist,permuted_mnist,si,mlp,symmetric,0.4,0,python run_reliability_suite.py (legacy MNIST corpus),results/reliability/runs/permuted_mnist__late40__si__seed0.json,reused_legacy,,,MNIST sanity/frontier evidence; produced by the prior reliability suite
permuted_mnist__late40__si__seed1,permuted_mnist,permuted_mnist,si,mlp,symmetric,0.4,1,python run_reliability_suite.py (legacy MNIST corpus),results/reliability/runs/permuted_mnist__late40__si__seed1.json,reused_legacy,,,MNIST sanity/frontier evidence; produced by the prior reliability suite
permuted_mnist__late40__si__seed2,permuted_mnist,permuted_mnist,si,mlp,symmetric,0.4,2,python run_reliability_suite.py (legacy MNIST corpus),results/reliability/runs/permuted_mnist__late40__si__seed2.json,reused_legacy,,,MNIST sanity/frontier evidence; produced by the prior reliability suite
permuted_mnist__mixed40__adam__seed0,permuted_mnist,permuted_mnist,adam,mlp,symmetric,0.4,0,python run_reliability_suite.py (legacy MNIST corpus),results/reliability/runs/permuted_mnist__mixed40__adam__seed0.json,reused_legacy,,,MNIST sanity/frontier evidence; produced by the prior reliability suite
permuted_mnist__mixed40__adam__seed1,permuted_mnist,permuted_mnist,adam,mlp,symmetric,0.4,1,python run_reliability_suite.py (legacy MNIST corpus),results/reliability/runs/permuted_mnist__mixed40__adam__seed1.json,reused_legacy,,,MNIST sanity/frontier evidence; produced by the prior reliability suite
permuted_mnist__mixed40__adam__seed2,permuted_mnist,permuted_mnist,adam,mlp,symmetric,0.4,2,python run_reliability_suite.py (legacy MNIST corpus),results/reliability/runs/permuted_mnist__mixed40__adam__seed2.json,reused_legacy,,,MNIST sanity/frontier evidence; produced by the prior reliability suite
permuted_mnist__mixed40__derpp__seed0,permuted_mnist,permuted_mnist,derpp,mlp,symmetric,0.4,0,python run_reliability_suite.py (legacy MNIST corpus),results/reliability/runs/permuted_mnist__mixed40__derpp__seed0.json,reused_legacy,,,MNIST sanity/frontier evidence; produced by the prior reliability suite
permuted_mnist__mixed40__derpp__seed1,permuted_mnist,permuted_mnist,derpp,mlp,symmetric,0.4,1,python run_reliability_suite.py (legacy MNIST corpus),results/reliability/runs/permuted_mnist__mixed40__derpp__seed1.json,reused_legacy,,,MNIST sanity/frontier evidence; produced by the prior reliability suite
permuted_mnist__mixed40__derpp__seed2,permuted_mnist,permuted_mnist,derpp,mlp,symmetric,0.4,2,python run_reliability_suite.py (legacy MNIST corpus),results/reliability/runs/permuted_mnist__mixed40__derpp__seed2.json,reused_legacy,,,MNIST sanity/frontier evidence; produced by the prior reliability suite
permuted_mnist__mixed40__ewc__seed0,permuted_mnist,permuted_mnist,ewc,mlp,symmetric,0.4,0,python run_reliability_suite.py (legacy MNIST corpus),results/reliability/runs/permuted_mnist__mixed40__ewc__seed0.json,reused_legacy,,,MNIST sanity/frontier evidence; produced by the prior reliability suite
permuted_mnist__mixed40__ewc__seed1,permuted_mnist,permuted_mnist,ewc,mlp,symmetric,0.4,1,python run_reliability_suite.py (legacy MNIST corpus),results/reliability/runs/permuted_mnist__mixed40__ewc__seed1.json,reused_legacy,,,MNIST sanity/frontier evidence; produced by the prior reliability suite
permuted_mnist__mixed40__ewc__seed2,permuted_mnist,permuted_mnist,ewc,mlp,symmetric,0.4,2,python run_reliability_suite.py (legacy MNIST corpus),results/reliability/runs/permuted_mnist__mixed40__ewc__seed2.json,reused_legacy,,,MNIST sanity/frontier evidence; produced by the prior reliability suite
permuted_mnist__mixed40__ewc_conf__seed0,permuted_mnist,permuted_mnist,ewc_conf,mlp,symmetric,0.4,0,python run_reliability_suite.py (legacy MNIST corpus),results/reliability/runs/permuted_mnist__mixed40__ewc_conf__seed0.json,reused_legacy,,,MNIST sanity/frontier evidence; produced by the prior reliability suite
permuted_mnist__mixed40__ewc_conf__seed1,permuted_mnist,permuted_mnist,ewc_conf,mlp,symmetric,0.4,1,python run_reliability_suite.py (legacy MNIST corpus),results/reliability/runs/permuted_mnist__mixed40__ewc_conf__seed1.json,reused_legacy,,,MNIST sanity/frontier evidence; produced by the prior reliability suite
permuted_mnist__mixed40__ewc_conf__seed2,permuted_mnist,permuted_mnist,ewc_conf,mlp,symmetric,0.4,2,python run_reliability_suite.py (legacy MNIST corpus),results/reliability/runs/permuted_mnist__mixed40__ewc_conf__seed2.json,reused_legacy,,,MNIST sanity/frontier evidence; produced by the prior reliability suite
permuted_mnist__mixed40__ewc_error__seed0,permuted_mnist,permuted_mnist,ewc_loss,mlp,symmetric,0.4,0,python run_reliability_suite.py (legacy MNIST corpus),results/reliability/runs/permuted_mnist__mixed40__ewc_error__seed0.json,reused_legacy,,,MNIST sanity/frontier evidence; produced by the prior reliability suite
permuted_mnist__mixed40__ewc_error__seed1,permuted_mnist,permuted_mnist,ewc_loss,mlp,symmetric,0.4,1,python run_reliability_suite.py (legacy MNIST corpus),results/reliability/runs/permuted_mnist__mixed40__ewc_error__seed1.json,reused_legacy,,,MNIST sanity/frontier evidence; produced by the prior reliability suite
permuted_mnist__mixed40__ewc_error__seed2,permuted_mnist,permuted_mnist,ewc_loss,mlp,symmetric,0.4,2,python run_reliability_suite.py (legacy MNIST corpus),results/reliability/runs/permuted_mnist__mixed40__ewc_error__seed2.json,reused_legacy,,,MNIST sanity/frontier evidence; produced by the prior reliability suite
permuted_mnist__mixed40__mas__seed0,permuted_mnist,permuted_mnist,mas,mlp,symmetric,0.4,0,python run_reliability_suite.py (legacy MNIST corpus),results/reliability/runs/permuted_mnist__mixed40__mas__seed0.json,reused_legacy,,,MNIST sanity/frontier evidence; produced by the prior reliability suite
permuted_mnist__mixed40__mas__seed1,permuted_mnist,permuted_mnist,mas,mlp,symmetric,0.4,1,python run_reliability_suite.py (legacy MNIST corpus),results/reliability/runs/permuted_mnist__mixed40__mas__seed1.json,reused_legacy,,,MNIST sanity/frontier evidence; produced by the prior reliability suite
permuted_mnist__mixed40__mas__seed2,permuted_mnist,permuted_mnist,mas,mlp,symmetric,0.4,2,python run_reliability_suite.py (legacy MNIST corpus),results/reliability/runs/permuted_mnist__mixed40__mas__seed2.json,reused_legacy,,,MNIST sanity/frontier evidence; produced by the prior reliability suite
permuted_mnist__mixed40__replay__seed0,permuted_mnist,permuted_mnist,er,mlp,symmetric,0.4,0,python run_reliability_suite.py (legacy MNIST corpus),results/reliability/runs/permuted_mnist__mixed40__replay__seed0.json,reused_legacy,,,MNIST sanity/frontier evidence; produced by the prior reliability suite
permuted_mnist__mixed40__replay__seed1,permuted_mnist,permuted_mnist,er,mlp,symmetric,0.4,1,python run_reliability_suite.py (legacy MNIST corpus),results/reliability/runs/permuted_mnist__mixed40__replay__seed1.json,reused_legacy,,,MNIST sanity/frontier evidence; produced by the prior reliability suite
permuted_mnist__mixed40__replay__seed2,permuted_mnist,permuted_mnist,er,mlp,symmetric,0.4,2,python run_reliability_suite.py (legacy MNIST corpus),results/reliability/runs/permuted_mnist__mixed40__replay__seed2.json,reused_legacy,,,MNIST sanity/frontier evidence; produced by the prior reliability suite
permuted_mnist__mixed40__replay_conf__seed0,permuted_mnist,permuted_mnist,gate_conf,mlp,symmetric,0.4,0,python run_reliability_suite.py (legacy MNIST corpus),results/reliability/runs/permuted_mnist__mixed40__replay_conf__seed0.json,reused_legacy,,,MNIST sanity/frontier evidence; produced by the prior reliability suite
permuted_mnist__mixed40__replay_conf__seed1,permuted_mnist,permuted_mnist,gate_conf,mlp,symmetric,0.4,1,python run_reliability_suite.py (legacy MNIST corpus),results/reliability/runs/permuted_mnist__mixed40__replay_conf__seed1.json,reused_legacy,,,MNIST sanity/frontier evidence; produced by the prior reliability suite
permuted_mnist__mixed40__replay_conf__seed2,permuted_mnist,permuted_mnist,gate_conf,mlp,symmetric,0.4,2,python run_reliability_suite.py (legacy MNIST corpus),results/reliability/runs/permuted_mnist__mixed40__replay_conf__seed2.json,reused_legacy,,,MNIST sanity/frontier evidence; produced by the prior reliability suite
permuted_mnist__mixed40__replay_error__seed0,permuted_mnist,permuted_mnist,gate_loss,mlp,symmetric,0.4,0,python run_reliability_suite.py (legacy MNIST corpus),results/reliability/runs/permuted_mnist__mixed40__replay_error__seed0.json,reused_legacy,,,MNIST sanity/frontier evidence; produced by the prior reliability suite
permuted_mnist__mixed40__replay_error__seed1,permuted_mnist,permuted_mnist,gate_loss,mlp,symmetric,0.4,1,python run_reliability_suite.py (legacy MNIST corpus),results/reliability/runs/permuted_mnist__mixed40__replay_error__seed1.json,reused_legacy,,,MNIST sanity/frontier evidence; produced by the prior reliability suite
permuted_mnist__mixed40__replay_error__seed2,permuted_mnist,permuted_mnist,gate_loss,mlp,symmetric,0.4,2,python run_reliability_suite.py (legacy MNIST corpus),results/reliability/runs/permuted_mnist__mixed40__replay_error__seed2.json,reused_legacy,,,MNIST sanity/frontier evidence; produced by the prior reliability suite
permuted_mnist__mixed40__replay_repr__seed0,permuted_mnist,permuted_mnist,gate_reprstab,mlp,symmetric,0.4,0,python run_reliability_suite.py (legacy MNIST corpus),results/reliability/runs/permuted_mnist__mixed40__replay_repr__seed0.json,reused_legacy,,,MNIST sanity/frontier evidence; produced by the prior reliability suite
permuted_mnist__mixed40__replay_repr__seed1,permuted_mnist,permuted_mnist,gate_reprstab,mlp,symmetric,0.4,1,python run_reliability_suite.py (legacy MNIST corpus),results/reliability/runs/permuted_mnist__mixed40__replay_repr__seed1.json,reused_legacy,,,MNIST sanity/frontier evidence; produced by the prior reliability suite
permuted_mnist__mixed40__replay_repr__seed2,permuted_mnist,permuted_mnist,gate_reprstab,mlp,symmetric,0.4,2,python run_reliability_suite.py (legacy MNIST corpus),results/reliability/runs/permuted_mnist__mixed40__replay_repr__seed2.json,reused_legacy,,,MNIST sanity/frontier evidence; produced by the prior reliability suite
permuted_mnist__mixed40__replay_stab__seed0,permuted_mnist,permuted_mnist,gate_predstab,mlp,symmetric,0.4,0,python run_reliability_suite.py (legacy MNIST corpus),results/reliability/runs/permuted_mnist__mixed40__replay_stab__seed0.json,reused_legacy,,,MNIST sanity/frontier evidence; produced by the prior reliability suite
permuted_mnist__mixed40__replay_stab__seed1,permuted_mnist,permuted_mnist,gate_predstab,mlp,symmetric,0.4,1,python run_reliability_suite.py (legacy MNIST corpus),results/reliability/runs/permuted_mnist__mixed40__replay_stab__seed1.json,reused_legacy,,,MNIST sanity/frontier evidence; produced by the prior reliability suite
permuted_mnist__mixed40__replay_stab__seed2,permuted_mnist,permuted_mnist,gate_predstab,mlp,symmetric,0.4,2,python run_reliability_suite.py (legacy MNIST corpus),results/reliability/runs/permuted_mnist__mixed40__replay_stab__seed2.json,reused_legacy,,,MNIST sanity/frontier evidence; produced by the prior reliability suite
permuted_mnist__mixed40__si__seed0,permuted_mnist,permuted_mnist,si,mlp,symmetric,0.4,0,python run_reliability_suite.py (legacy MNIST corpus),results/reliability/runs/permuted_mnist__mixed40__si__seed0.json,reused_legacy,,,MNIST sanity/frontier evidence; produced by the prior reliability suite
permuted_mnist__mixed40__si__seed1,permuted_mnist,permuted_mnist,si,mlp,symmetric,0.4,1,python run_reliability_suite.py (legacy MNIST corpus),results/reliability/runs/permuted_mnist__mixed40__si__seed1.json,reused_legacy,,,MNIST sanity/frontier evidence; produced by the prior reliability suite
permuted_mnist__mixed40__si__seed2,permuted_mnist,permuted_mnist,si,mlp,symmetric,0.4,2,python run_reliability_suite.py (legacy MNIST corpus),results/reliability/runs/permuted_mnist__mixed40__si__seed2.json,reused_legacy,,,MNIST sanity/frontier evidence; produced by the prior reliability suite
permuted_mnist__rate00__adam__seed0,permuted_mnist,permuted_mnist,adam,mlp,symmetric,0.0,0,python run_reliability_suite.py (legacy MNIST corpus),results/reliability/runs/permuted_mnist__rate00__adam__seed0.json,reused_legacy,,,MNIST sanity/frontier evidence; produced by the prior reliability suite
permuted_mnist__rate00__adam__seed1,permuted_mnist,permuted_mnist,adam,mlp,symmetric,0.0,1,python run_reliability_suite.py (legacy MNIST corpus),results/reliability/runs/permuted_mnist__rate00__adam__seed1.json,reused_legacy,,,MNIST sanity/frontier evidence; produced by the prior reliability suite
permuted_mnist__rate00__adam__seed2,permuted_mnist,permuted_mnist,adam,mlp,symmetric,0.0,2,python run_reliability_suite.py (legacy MNIST corpus),results/reliability/runs/permuted_mnist__rate00__adam__seed2.json,reused_legacy,,,MNIST sanity/frontier evidence; produced by the prior reliability suite
permuted_mnist__rate00__derpp__seed0,permuted_mnist,permuted_mnist,derpp,mlp,symmetric,0.0,0,python run_reliability_suite.py (legacy MNIST corpus),results/reliability/runs/permuted_mnist__rate00__derpp__seed0.json,reused_legacy,,,MNIST sanity/frontier evidence; produced by the prior reliability suite
permuted_mnist__rate00__derpp__seed1,permuted_mnist,permuted_mnist,derpp,mlp,symmetric,0.0,1,python run_reliability_suite.py (legacy MNIST corpus),results/reliability/runs/permuted_mnist__rate00__derpp__seed1.json,reused_legacy,,,MNIST sanity/frontier evidence; produced by the prior reliability suite
permuted_mnist__rate00__derpp__seed2,permuted_mnist,permuted_mnist,derpp,mlp,symmetric,0.0,2,python run_reliability_suite.py (legacy MNIST corpus),results/reliability/runs/permuted_mnist__rate00__derpp__seed2.json,reused_legacy,,,MNIST sanity/frontier evidence; produced by the prior reliability suite
permuted_mnist__rate00__ewc__seed0,permuted_mnist,permuted_mnist,ewc,mlp,symmetric,0.0,0,python run_reliability_suite.py (legacy MNIST corpus),results/reliability/runs/permuted_mnist__rate00__ewc__seed0.json,reused_legacy,,,MNIST sanity/frontier evidence; produced by the prior reliability suite
permuted_mnist__rate00__ewc__seed1,permuted_mnist,permuted_mnist,ewc,mlp,symmetric,0.0,1,python run_reliability_suite.py (legacy MNIST corpus),results/reliability/runs/permuted_mnist__rate00__ewc__seed1.json,reused_legacy,,,MNIST sanity/frontier evidence; produced by the prior reliability suite
permuted_mnist__rate00__ewc__seed2,permuted_mnist,permuted_mnist,ewc,mlp,symmetric,0.0,2,python run_reliability_suite.py (legacy MNIST corpus),results/reliability/runs/permuted_mnist__rate00__ewc__seed2.json,reused_legacy,,,MNIST sanity/frontier evidence; produced by the prior reliability suite
permuted_mnist__rate00__ewc_conf__seed0,permuted_mnist,permuted_mnist,ewc_conf,mlp,symmetric,0.0,0,python run_reliability_suite.py (legacy MNIST corpus),results/reliability/runs/permuted_mnist__rate00__ewc_conf__seed0.json,reused_legacy,,,MNIST sanity/frontier evidence; produced by the prior reliability suite
permuted_mnist__rate00__ewc_conf__seed1,permuted_mnist,permuted_mnist,ewc_conf,mlp,symmetric,0.0,1,python run_reliability_suite.py (legacy MNIST corpus),results/reliability/runs/permuted_mnist__rate00__ewc_conf__seed1.json,reused_legacy,,,MNIST sanity/frontier evidence; produced by the prior reliability suite
permuted_mnist__rate00__ewc_conf__seed2,permuted_mnist,permuted_mnist,ewc_conf,mlp,symmetric,0.0,2,python run_reliability_suite.py (legacy MNIST corpus),results/reliability/runs/permuted_mnist__rate00__ewc_conf__seed2.json,reused_legacy,,,MNIST sanity/frontier evidence; produced by the prior reliability suite
permuted_mnist__rate00__ewc_error__seed0,permuted_mnist,permuted_mnist,ewc_loss,mlp,symmetric,0.0,0,python run_reliability_suite.py (legacy MNIST corpus),results/reliability/runs/permuted_mnist__rate00__ewc_error__seed0.json,reused_legacy,,,MNIST sanity/frontier evidence; produced by the prior reliability suite
permuted_mnist__rate00__ewc_error__seed1,permuted_mnist,permuted_mnist,ewc_loss,mlp,symmetric,0.0,1,python run_reliability_suite.py (legacy MNIST corpus),results/reliability/runs/permuted_mnist__rate00__ewc_error__seed1.json,reused_legacy,,,MNIST sanity/frontier evidence; produced by the prior reliability suite
permuted_mnist__rate00__ewc_error__seed2,permuted_mnist,permuted_mnist,ewc_loss,mlp,symmetric,0.0,2,python run_reliability_suite.py (legacy MNIST corpus),results/reliability/runs/permuted_mnist__rate00__ewc_error__seed2.json,reused_legacy,,,MNIST sanity/frontier evidence; produced by the prior reliability suite
permuted_mnist__rate00__mas__seed0,permuted_mnist,permuted_mnist,mas,mlp,symmetric,0.0,0,python run_reliability_suite.py (legacy MNIST corpus),results/reliability/runs/permuted_mnist__rate00__mas__seed0.json,reused_legacy,,,MNIST sanity/frontier evidence; produced by the prior reliability suite
permuted_mnist__rate00__mas__seed1,permuted_mnist,permuted_mnist,mas,mlp,symmetric,0.0,1,python run_reliability_suite.py (legacy MNIST corpus),results/reliability/runs/permuted_mnist__rate00__mas__seed1.json,reused_legacy,,,MNIST sanity/frontier evidence; produced by the prior reliability suite
permuted_mnist__rate00__mas__seed2,permuted_mnist,permuted_mnist,mas,mlp,symmetric,0.0,2,python run_reliability_suite.py (legacy MNIST corpus),results/reliability/runs/permuted_mnist__rate00__mas__seed2.json,reused_legacy,,,MNIST sanity/frontier evidence; produced by the prior reliability suite
permuted_mnist__rate00__replay__seed0,permuted_mnist,permuted_mnist,er,mlp,symmetric,0.0,0,python run_reliability_suite.py (legacy MNIST corpus),results/reliability/runs/permuted_mnist__rate00__replay__seed0.json,reused_legacy,,,MNIST sanity/frontier evidence; produced by the prior reliability suite
permuted_mnist__rate00__replay__seed1,permuted_mnist,permuted_mnist,er,mlp,symmetric,0.0,1,python run_reliability_suite.py (legacy MNIST corpus),results/reliability/runs/permuted_mnist__rate00__replay__seed1.json,reused_legacy,,,MNIST sanity/frontier evidence; produced by the prior reliability suite
permuted_mnist__rate00__replay__seed2,permuted_mnist,permuted_mnist,er,mlp,symmetric,0.0,2,python run_reliability_suite.py (legacy MNIST corpus),results/reliability/runs/permuted_mnist__rate00__replay__seed2.json,reused_legacy,,,MNIST sanity/frontier evidence; produced by the prior reliability suite
permuted_mnist__rate00__replay_conf__seed0,permuted_mnist,permuted_mnist,gate_conf,mlp,symmetric,0.0,0,python run_reliability_suite.py (legacy MNIST corpus),results/reliability/runs/permuted_mnist__rate00__replay_conf__seed0.json,reused_legacy,,,MNIST sanity/frontier evidence; produced by the prior reliability suite
permuted_mnist__rate00__replay_conf__seed1,permuted_mnist,permuted_mnist,gate_conf,mlp,symmetric,0.0,1,python run_reliability_suite.py (legacy MNIST corpus),results/reliability/runs/permuted_mnist__rate00__replay_conf__seed1.json,reused_legacy,,,MNIST sanity/frontier evidence; produced by the prior reliability suite
permuted_mnist__rate00__replay_conf__seed2,permuted_mnist,permuted_mnist,gate_conf,mlp,symmetric,0.0,2,python run_reliability_suite.py (legacy MNIST corpus),results/reliability/runs/permuted_mnist__rate00__replay_conf__seed2.json,reused_legacy,,,MNIST sanity/frontier evidence; produced by the prior reliability suite
permuted_mnist__rate00__replay_error__seed0,permuted_mnist,permuted_mnist,gate_loss,mlp,symmetric,0.0,0,python run_reliability_suite.py (legacy MNIST corpus),results/reliability/runs/permuted_mnist__rate00__replay_error__seed0.json,reused_legacy,,,MNIST sanity/frontier evidence; produced by the prior reliability suite
permuted_mnist__rate00__replay_error__seed1,permuted_mnist,permuted_mnist,gate_loss,mlp,symmetric,0.0,1,python run_reliability_suite.py (legacy MNIST corpus),results/reliability/runs/permuted_mnist__rate00__replay_error__seed1.json,reused_legacy,,,MNIST sanity/frontier evidence; produced by the prior reliability suite
permuted_mnist__rate00__replay_error__seed2,permuted_mnist,permuted_mnist,gate_loss,mlp,symmetric,0.0,2,python run_reliability_suite.py (legacy MNIST corpus),results/reliability/runs/permuted_mnist__rate00__replay_error__seed2.json,reused_legacy,,,MNIST sanity/frontier evidence; produced by the prior reliability suite
permuted_mnist__rate00__replay_repr__seed0,permuted_mnist,permuted_mnist,gate_reprstab,mlp,symmetric,0.0,0,python run_reliability_suite.py (legacy MNIST corpus),results/reliability/runs/permuted_mnist__rate00__replay_repr__seed0.json,reused_legacy,,,MNIST sanity/frontier evidence; produced by the prior reliability suite
permuted_mnist__rate00__replay_repr__seed1,permuted_mnist,permuted_mnist,gate_reprstab,mlp,symmetric,0.0,1,python run_reliability_suite.py (legacy MNIST corpus),results/reliability/runs/permuted_mnist__rate00__replay_repr__seed1.json,reused_legacy,,,MNIST sanity/frontier evidence; produced by the prior reliability suite
permuted_mnist__rate00__replay_repr__seed2,permuted_mnist,permuted_mnist,gate_reprstab,mlp,symmetric,0.0,2,python run_reliability_suite.py (legacy MNIST corpus),results/reliability/runs/permuted_mnist__rate00__replay_repr__seed2.json,reused_legacy,,,MNIST sanity/frontier evidence; produced by the prior reliability suite
permuted_mnist__rate00__replay_stab__seed0,permuted_mnist,permuted_mnist,gate_predstab,mlp,symmetric,0.0,0,python run_reliability_suite.py (legacy MNIST corpus),results/reliability/runs/permuted_mnist__rate00__replay_stab__seed0.json,reused_legacy,,,MNIST sanity/frontier evidence; produced by the prior reliability suite
permuted_mnist__rate00__replay_stab__seed1,permuted_mnist,permuted_mnist,gate_predstab,mlp,symmetric,0.0,1,python run_reliability_suite.py (legacy MNIST corpus),results/reliability/runs/permuted_mnist__rate00__replay_stab__seed1.json,reused_legacy,,,MNIST sanity/frontier evidence; produced by the prior reliability suite
permuted_mnist__rate00__replay_stab__seed2,permuted_mnist,permuted_mnist,gate_predstab,mlp,symmetric,0.0,2,python run_reliability_suite.py (legacy MNIST corpus),results/reliability/runs/permuted_mnist__rate00__replay_stab__seed2.json,reused_legacy,,,MNIST sanity/frontier evidence; produced by the prior reliability suite
permuted_mnist__rate00__si__seed0,permuted_mnist,permuted_mnist,si,mlp,symmetric,0.0,0,python run_reliability_suite.py (legacy MNIST corpus),results/reliability/runs/permuted_mnist__rate00__si__seed0.json,reused_legacy,,,MNIST sanity/frontier evidence; produced by the prior reliability suite
permuted_mnist__rate00__si__seed1,permuted_mnist,permuted_mnist,si,mlp,symmetric,0.0,1,python run_reliability_suite.py (legacy MNIST corpus),results/reliability/runs/permuted_mnist__rate00__si__seed1.json,reused_legacy,,,MNIST sanity/frontier evidence; produced by the prior reliability suite
permuted_mnist__rate00__si__seed2,permuted_mnist,permuted_mnist,si,mlp,symmetric,0.0,2,python run_reliability_suite.py (legacy MNIST corpus),results/reliability/runs/permuted_mnist__rate00__si__seed2.json,reused_legacy,,,MNIST sanity/frontier evidence; produced by the prior reliability suite
permuted_mnist__rate20__adam__seed0,permuted_mnist,permuted_mnist,adam,mlp,symmetric,0.2,0,python run_reliability_suite.py (legacy MNIST corpus),results/reliability/runs/permuted_mnist__rate20__adam__seed0.json,reused_legacy,,,MNIST sanity/frontier evidence; produced by the prior reliability suite
permuted_mnist__rate20__adam__seed1,permuted_mnist,permuted_mnist,adam,mlp,symmetric,0.2,1,python run_reliability_suite.py (legacy MNIST corpus),results/reliability/runs/permuted_mnist__rate20__adam__seed1.json,reused_legacy,,,MNIST sanity/frontier evidence; produced by the prior reliability suite
permuted_mnist__rate20__adam__seed2,permuted_mnist,permuted_mnist,adam,mlp,symmetric,0.2,2,python run_reliability_suite.py (legacy MNIST corpus),results/reliability/runs/permuted_mnist__rate20__adam__seed2.json,reused_legacy,,,MNIST sanity/frontier evidence; produced by the prior reliability suite
permuted_mnist__rate20__derpp__seed0,permuted_mnist,permuted_mnist,derpp,mlp,symmetric,0.2,0,python run_reliability_suite.py (legacy MNIST corpus),results/reliability/runs/permuted_mnist__rate20__derpp__seed0.json,reused_legacy,,,MNIST sanity/frontier evidence; produced by the prior reliability suite
permuted_mnist__rate20__derpp__seed1,permuted_mnist,permuted_mnist,derpp,mlp,symmetric,0.2,1,python run_reliability_suite.py (legacy MNIST corpus),results/reliability/runs/permuted_mnist__rate20__derpp__seed1.json,reused_legacy,,,MNIST sanity/frontier evidence; produced by the prior reliability suite
permuted_mnist__rate20__derpp__seed2,permuted_mnist,permuted_mnist,derpp,mlp,symmetric,0.2,2,python run_reliability_suite.py (legacy MNIST corpus),results/reliability/runs/permuted_mnist__rate20__derpp__seed2.json,reused_legacy,,,MNIST sanity/frontier evidence; produced by the prior reliability suite
permuted_mnist__rate20__ewc__seed0,permuted_mnist,permuted_mnist,ewc,mlp,symmetric,0.2,0,python run_reliability_suite.py (legacy MNIST corpus),results/reliability/runs/permuted_mnist__rate20__ewc__seed0.json,reused_legacy,,,MNIST sanity/frontier evidence; produced by the prior reliability suite
permuted_mnist__rate20__ewc__seed1,permuted_mnist,permuted_mnist,ewc,mlp,symmetric,0.2,1,python run_reliability_suite.py (legacy MNIST corpus),results/reliability/runs/permuted_mnist__rate20__ewc__seed1.json,reused_legacy,,,MNIST sanity/frontier evidence; produced by the prior reliability suite
permuted_mnist__rate20__ewc__seed2,permuted_mnist,permuted_mnist,ewc,mlp,symmetric,0.2,2,python run_reliability_suite.py (legacy MNIST corpus),results/reliability/runs/permuted_mnist__rate20__ewc__seed2.json,reused_legacy,,,MNIST sanity/frontier evidence; produced by the prior reliability suite
permuted_mnist__rate20__ewc_conf__seed0,permuted_mnist,permuted_mnist,ewc_conf,mlp,symmetric,0.2,0,python run_reliability_suite.py (legacy MNIST corpus),results/reliability/runs/permuted_mnist__rate20__ewc_conf__seed0.json,reused_legacy,,,MNIST sanity/frontier evidence; produced by the prior reliability suite
permuted_mnist__rate20__ewc_conf__seed1,permuted_mnist,permuted_mnist,ewc_conf,mlp,symmetric,0.2,1,python run_reliability_suite.py (legacy MNIST corpus),results/reliability/runs/permuted_mnist__rate20__ewc_conf__seed1.json,reused_legacy,,,MNIST sanity/frontier evidence; produced by the prior reliability suite
permuted_mnist__rate20__ewc_conf__seed2,permuted_mnist,permuted_mnist,ewc_conf,mlp,symmetric,0.2,2,python run_reliability_suite.py (legacy MNIST corpus),results/reliability/runs/permuted_mnist__rate20__ewc_conf__seed2.json,reused_legacy,,,MNIST sanity/frontier evidence; produced by the prior reliability suite
permuted_mnist__rate20__ewc_error__seed0,permuted_mnist,permuted_mnist,ewc_loss,mlp,symmetric,0.2,0,python run_reliability_suite.py (legacy MNIST corpus),results/reliability/runs/permuted_mnist__rate20__ewc_error__seed0.json,reused_legacy,,,MNIST sanity/frontier evidence; produced by the prior reliability suite
permuted_mnist__rate20__ewc_error__seed1,permuted_mnist,permuted_mnist,ewc_loss,mlp,symmetric,0.2,1,python run_reliability_suite.py (legacy MNIST corpus),results/reliability/runs/permuted_mnist__rate20__ewc_error__seed1.json,reused_legacy,,,MNIST sanity/frontier evidence; produced by the prior reliability suite
permuted_mnist__rate20__ewc_error__seed2,permuted_mnist,permuted_mnist,ewc_loss,mlp,symmetric,0.2,2,python run_reliability_suite.py (legacy MNIST corpus),results/reliability/runs/permuted_mnist__rate20__ewc_error__seed2.json,reused_legacy,,,MNIST sanity/frontier evidence; produced by the prior reliability suite
permuted_mnist__rate20__mas__seed0,permuted_mnist,permuted_mnist,mas,mlp,symmetric,0.2,0,python run_reliability_suite.py (legacy MNIST corpus),results/reliability/runs/permuted_mnist__rate20__mas__seed0.json,reused_legacy,,,MNIST sanity/frontier evidence; produced by the prior reliability suite
permuted_mnist__rate20__mas__seed1,permuted_mnist,permuted_mnist,mas,mlp,symmetric,0.2,1,python run_reliability_suite.py (legacy MNIST corpus),results/reliability/runs/permuted_mnist__rate20__mas__seed1.json,reused_legacy,,,MNIST sanity/frontier evidence; produced by the prior reliability suite
permuted_mnist__rate20__mas__seed2,permuted_mnist,permuted_mnist,mas,mlp,symmetric,0.2,2,python run_reliability_suite.py (legacy MNIST corpus),results/reliability/runs/permuted_mnist__rate20__mas__seed2.json,reused_legacy,,,MNIST sanity/frontier evidence; produced by the prior reliability suite
permuted_mnist__rate20__replay__seed0,permuted_mnist,permuted_mnist,er,mlp,symmetric,0.2,0,python run_reliability_suite.py (legacy MNIST corpus),results/reliability/runs/permuted_mnist__rate20__replay__seed0.json,reused_legacy,,,MNIST sanity/frontier evidence; produced by the prior reliability suite
permuted_mnist__rate20__replay__seed1,permuted_mnist,permuted_mnist,er,mlp,symmetric,0.2,1,python run_reliability_suite.py (legacy MNIST corpus),results/reliability/runs/permuted_mnist__rate20__replay__seed1.json,reused_legacy,,,MNIST sanity/frontier evidence; produced by the prior reliability suite
permuted_mnist__rate20__replay__seed2,permuted_mnist,permuted_mnist,er,mlp,symmetric,0.2,2,python run_reliability_suite.py (legacy MNIST corpus),results/reliability/runs/permuted_mnist__rate20__replay__seed2.json,reused_legacy,,,MNIST sanity/frontier evidence; produced by the prior reliability suite
permuted_mnist__rate20__replay_conf__seed0,permuted_mnist,permuted_mnist,gate_conf,mlp,symmetric,0.2,0,python run_reliability_suite.py (legacy MNIST corpus),results/reliability/runs/permuted_mnist__rate20__replay_conf__seed0.json,reused_legacy,,,MNIST sanity/frontier evidence; produced by the prior reliability suite
permuted_mnist__rate20__replay_conf__seed1,permuted_mnist,permuted_mnist,gate_conf,mlp,symmetric,0.2,1,python run_reliability_suite.py (legacy MNIST corpus),results/reliability/runs/permuted_mnist__rate20__replay_conf__seed1.json,reused_legacy,,,MNIST sanity/frontier evidence; produced by the prior reliability suite
permuted_mnist__rate20__replay_conf__seed2,permuted_mnist,permuted_mnist,gate_conf,mlp,symmetric,0.2,2,python run_reliability_suite.py (legacy MNIST corpus),results/reliability/runs/permuted_mnist__rate20__replay_conf__seed2.json,reused_legacy,,,MNIST sanity/frontier evidence; produced by the prior reliability suite
permuted_mnist__rate20__replay_error__seed0,permuted_mnist,permuted_mnist,gate_loss,mlp,symmetric,0.2,0,python run_reliability_suite.py (legacy MNIST corpus),results/reliability/runs/permuted_mnist__rate20__replay_error__seed0.json,reused_legacy,,,MNIST sanity/frontier evidence; produced by the prior reliability suite
permuted_mnist__rate20__replay_error__seed1,permuted_mnist,permuted_mnist,gate_loss,mlp,symmetric,0.2,1,python run_reliability_suite.py (legacy MNIST corpus),results/reliability/runs/permuted_mnist__rate20__replay_error__seed1.json,reused_legacy,,,MNIST sanity/frontier evidence; produced by the prior reliability suite
permuted_mnist__rate20__replay_error__seed2,permuted_mnist,permuted_mnist,gate_loss,mlp,symmetric,0.2,2,python run_reliability_suite.py (legacy MNIST corpus),results/reliability/runs/permuted_mnist__rate20__replay_error__seed2.json,reused_legacy,,,MNIST sanity/frontier evidence; produced by the prior reliability suite
permuted_mnist__rate20__replay_repr__seed0,permuted_mnist,permuted_mnist,gate_reprstab,mlp,symmetric,0.2,0,python run_reliability_suite.py (legacy MNIST corpus),results/reliability/runs/permuted_mnist__rate20__replay_repr__seed0.json,reused_legacy,,,MNIST sanity/frontier evidence; produced by the prior reliability suite
permuted_mnist__rate20__replay_repr__seed1,permuted_mnist,permuted_mnist,gate_reprstab,mlp,symmetric,0.2,1,python run_reliability_suite.py (legacy MNIST corpus),results/reliability/runs/permuted_mnist__rate20__replay_repr__seed1.json,reused_legacy,,,MNIST sanity/frontier evidence; produced by the prior reliability suite
permuted_mnist__rate20__replay_repr__seed2,permuted_mnist,permuted_mnist,gate_reprstab,mlp,symmetric,0.2,2,python run_reliability_suite.py (legacy MNIST corpus),results/reliability/runs/permuted_mnist__rate20__replay_repr__seed2.json,reused_legacy,,,MNIST sanity/frontier evidence; produced by the prior reliability suite
permuted_mnist__rate20__replay_stab__seed0,permuted_mnist,permuted_mnist,gate_predstab,mlp,symmetric,0.2,0,python run_reliability_suite.py (legacy MNIST corpus),results/reliability/runs/permuted_mnist__rate20__replay_stab__seed0.json,reused_legacy,,,MNIST sanity/frontier evidence; produced by the prior reliability suite
permuted_mnist__rate20__replay_stab__seed1,permuted_mnist,permuted_mnist,gate_predstab,mlp,symmetric,0.2,1,python run_reliability_suite.py (legacy MNIST corpus),results/reliability/runs/permuted_mnist__rate20__replay_stab__seed1.json,reused_legacy,,,MNIST sanity/frontier evidence; produced by the prior reliability suite
permuted_mnist__rate20__replay_stab__seed2,permuted_mnist,permuted_mnist,gate_predstab,mlp,symmetric,0.2,2,python run_reliability_suite.py (legacy MNIST corpus),results/reliability/runs/permuted_mnist__rate20__replay_stab__seed2.json,reused_legacy,,,MNIST sanity/frontier evidence; produced by the prior reliability suite
permuted_mnist__rate20__si__seed0,permuted_mnist,permuted_mnist,si,mlp,symmetric,0.2,0,python run_reliability_suite.py (legacy MNIST corpus),results/reliability/runs/permuted_mnist__rate20__si__seed0.json,reused_legacy,,,MNIST sanity/frontier evidence; produced by the prior reliability suite
permuted_mnist__rate20__si__seed1,permuted_mnist,permuted_mnist,si,mlp,symmetric,0.2,1,python run_reliability_suite.py (legacy MNIST corpus),results/reliability/runs/permuted_mnist__rate20__si__seed1.json,reused_legacy,,,MNIST sanity/frontier evidence; produced by the prior reliability suite
permuted_mnist__rate20__si__seed2,permuted_mnist,permuted_mnist,si,mlp,symmetric,0.2,2,python run_reliability_suite.py (legacy MNIST corpus),results/reliability/runs/permuted_mnist__rate20__si__seed2.json,reused_legacy,,,MNIST sanity/frontier evidence; produced by the prior reliability suite
permuted_mnist__rate40__adam__seed0,permuted_mnist,permuted_mnist,adam,mlp,symmetric,0.4,0,python run_reliability_suite.py (legacy MNIST corpus),results/reliability/runs/permuted_mnist__rate40__adam__seed0.json,reused_legacy,,,MNIST sanity/frontier evidence; produced by the prior reliability suite
permuted_mnist__rate40__adam__seed1,permuted_mnist,permuted_mnist,adam,mlp,symmetric,0.4,1,python run_reliability_suite.py (legacy MNIST corpus),results/reliability/runs/permuted_mnist__rate40__adam__seed1.json,reused_legacy,,,MNIST sanity/frontier evidence; produced by the prior reliability suite
permuted_mnist__rate40__adam__seed2,permuted_mnist,permuted_mnist,adam,mlp,symmetric,0.4,2,python run_reliability_suite.py (legacy MNIST corpus),results/reliability/runs/permuted_mnist__rate40__adam__seed2.json,reused_legacy,,,MNIST sanity/frontier evidence; produced by the prior reliability suite
permuted_mnist__rate40__derpp__seed0,permuted_mnist,permuted_mnist,derpp,mlp,symmetric,0.4,0,python run_reliability_suite.py (legacy MNIST corpus),results/reliability/runs/permuted_mnist__rate40__derpp__seed0.json,reused_legacy,,,MNIST sanity/frontier evidence; produced by the prior reliability suite
permuted_mnist__rate40__derpp__seed1,permuted_mnist,permuted_mnist,derpp,mlp,symmetric,0.4,1,python run_reliability_suite.py (legacy MNIST corpus),results/reliability/runs/permuted_mnist__rate40__derpp__seed1.json,reused_legacy,,,MNIST sanity/frontier evidence; produced by the prior reliability suite
permuted_mnist__rate40__derpp__seed2,permuted_mnist,permuted_mnist,derpp,mlp,symmetric,0.4,2,python run_reliability_suite.py (legacy MNIST corpus),results/reliability/runs/permuted_mnist__rate40__derpp__seed2.json,reused_legacy,,,MNIST sanity/frontier evidence; produced by the prior reliability suite
permuted_mnist__rate40__ewc__seed0,permuted_mnist,permuted_mnist,ewc,mlp,symmetric,0.4,0,python run_reliability_suite.py (legacy MNIST corpus),results/reliability/runs/permuted_mnist__rate40__ewc__seed0.json,reused_legacy,,,MNIST sanity/frontier evidence; produced by the prior reliability suite
permuted_mnist__rate40__ewc__seed1,permuted_mnist,permuted_mnist,ewc,mlp,symmetric,0.4,1,python run_reliability_suite.py (legacy MNIST corpus),results/reliability/runs/permuted_mnist__rate40__ewc__seed1.json,reused_legacy,,,MNIST sanity/frontier evidence; produced by the prior reliability suite
permuted_mnist__rate40__ewc__seed2,permuted_mnist,permuted_mnist,ewc,mlp,symmetric,0.4,2,python run_reliability_suite.py (legacy MNIST corpus),results/reliability/runs/permuted_mnist__rate40__ewc__seed2.json,reused_legacy,,,MNIST sanity/frontier evidence; produced by the prior reliability suite
permuted_mnist__rate40__ewc_conf__seed0,permuted_mnist,permuted_mnist,ewc_conf,mlp,symmetric,0.4,0,python run_reliability_suite.py (legacy MNIST corpus),results/reliability/runs/permuted_mnist__rate40__ewc_conf__seed0.json,reused_legacy,,,MNIST sanity/frontier evidence; produced by the prior reliability suite
permuted_mnist__rate40__ewc_conf__seed1,permuted_mnist,permuted_mnist,ewc_conf,mlp,symmetric,0.4,1,python run_reliability_suite.py (legacy MNIST corpus),results/reliability/runs/permuted_mnist__rate40__ewc_conf__seed1.json,reused_legacy,,,MNIST sanity/frontier evidence; produced by the prior reliability suite
permuted_mnist__rate40__ewc_conf__seed2,permuted_mnist,permuted_mnist,ewc_conf,mlp,symmetric,0.4,2,python run_reliability_suite.py (legacy MNIST corpus),results/reliability/runs/permuted_mnist__rate40__ewc_conf__seed2.json,reused_legacy,,,MNIST sanity/frontier evidence; produced by the prior reliability suite
permuted_mnist__rate40__ewc_error__seed0,permuted_mnist,permuted_mnist,ewc_loss,mlp,symmetric,0.4,0,python run_reliability_suite.py (legacy MNIST corpus),results/reliability/runs/permuted_mnist__rate40__ewc_error__seed0.json,reused_legacy,,,MNIST sanity/frontier evidence; produced by the prior reliability suite
permuted_mnist__rate40__ewc_error__seed1,permuted_mnist,permuted_mnist,ewc_loss,mlp,symmetric,0.4,1,python run_reliability_suite.py (legacy MNIST corpus),results/reliability/runs/permuted_mnist__rate40__ewc_error__seed1.json,reused_legacy,,,MNIST sanity/frontier evidence; produced by the prior reliability suite
permuted_mnist__rate40__ewc_error__seed2,permuted_mnist,permuted_mnist,ewc_loss,mlp,symmetric,0.4,2,python run_reliability_suite.py (legacy MNIST corpus),results/reliability/runs/permuted_mnist__rate40__ewc_error__seed2.json,reused_legacy,,,MNIST sanity/frontier evidence; produced by the prior reliability suite
permuted_mnist__rate40__mas__seed0,permuted_mnist,permuted_mnist,mas,mlp,symmetric,0.4,0,python run_reliability_suite.py (legacy MNIST corpus),results/reliability/runs/permuted_mnist__rate40__mas__seed0.json,reused_legacy,,,MNIST sanity/frontier evidence; produced by the prior reliability suite
permuted_mnist__rate40__mas__seed1,permuted_mnist,permuted_mnist,mas,mlp,symmetric,0.4,1,python run_reliability_suite.py (legacy MNIST corpus),results/reliability/runs/permuted_mnist__rate40__mas__seed1.json,reused_legacy,,,MNIST sanity/frontier evidence; produced by the prior reliability suite
permuted_mnist__rate40__mas__seed2,permuted_mnist,permuted_mnist,mas,mlp,symmetric,0.4,2,python run_reliability_suite.py (legacy MNIST corpus),results/reliability/runs/permuted_mnist__rate40__mas__seed2.json,reused_legacy,,,MNIST sanity/frontier evidence; produced by the prior reliability suite
permuted_mnist__rate40__replay__seed0,permuted_mnist,permuted_mnist,er,mlp,symmetric,0.4,0,python run_reliability_suite.py (legacy MNIST corpus),results/reliability/runs/permuted_mnist__rate40__replay__seed0.json,reused_legacy,,,MNIST sanity/frontier evidence; produced by the prior reliability suite
permuted_mnist__rate40__replay__seed1,permuted_mnist,permuted_mnist,er,mlp,symmetric,0.4,1,python run_reliability_suite.py (legacy MNIST corpus),results/reliability/runs/permuted_mnist__rate40__replay__seed1.json,reused_legacy,,,MNIST sanity/frontier evidence; produced by the prior reliability suite
permuted_mnist__rate40__replay__seed2,permuted_mnist,permuted_mnist,er,mlp,symmetric,0.4,2,python run_reliability_suite.py (legacy MNIST corpus),results/reliability/runs/permuted_mnist__rate40__replay__seed2.json,reused_legacy,,,MNIST sanity/frontier evidence; produced by the prior reliability suite
permuted_mnist__rate40__replay_conf__seed0,permuted_mnist,permuted_mnist,gate_conf,mlp,symmetric,0.4,0,python run_reliability_suite.py (legacy MNIST corpus),results/reliability/runs/permuted_mnist__rate40__replay_conf__seed0.json,reused_legacy,,,MNIST sanity/frontier evidence; produced by the prior reliability suite
permuted_mnist__rate40__replay_conf__seed1,permuted_mnist,permuted_mnist,gate_conf,mlp,symmetric,0.4,1,python run_reliability_suite.py (legacy MNIST corpus),results/reliability/runs/permuted_mnist__rate40__replay_conf__seed1.json,reused_legacy,,,MNIST sanity/frontier evidence; produced by the prior reliability suite
permuted_mnist__rate40__replay_conf__seed2,permuted_mnist,permuted_mnist,gate_conf,mlp,symmetric,0.4,2,python run_reliability_suite.py (legacy MNIST corpus),results/reliability/runs/permuted_mnist__rate40__replay_conf__seed2.json,reused_legacy,,,MNIST sanity/frontier evidence; produced by the prior reliability suite
permuted_mnist__rate40__replay_error__seed0,permuted_mnist,permuted_mnist,gate_loss,mlp,symmetric,0.4,0,python run_reliability_suite.py (legacy MNIST corpus),results/reliability/runs/permuted_mnist__rate40__replay_error__seed0.json,reused_legacy,,,MNIST sanity/frontier evidence; produced by the prior reliability suite
permuted_mnist__rate40__replay_error__seed1,permuted_mnist,permuted_mnist,gate_loss,mlp,symmetric,0.4,1,python run_reliability_suite.py (legacy MNIST corpus),results/reliability/runs/permuted_mnist__rate40__replay_error__seed1.json,reused_legacy,,,MNIST sanity/frontier evidence; produced by the prior reliability suite
permuted_mnist__rate40__replay_error__seed2,permuted_mnist,permuted_mnist,gate_loss,mlp,symmetric,0.4,2,python run_reliability_suite.py (legacy MNIST corpus),results/reliability/runs/permuted_mnist__rate40__replay_error__seed2.json,reused_legacy,,,MNIST sanity/frontier evidence; produced by the prior reliability suite
permuted_mnist__rate40__replay_repr__seed0,permuted_mnist,permuted_mnist,gate_reprstab,mlp,symmetric,0.4,0,python run_reliability_suite.py (legacy MNIST corpus),results/reliability/runs/permuted_mnist__rate40__replay_repr__seed0.json,reused_legacy,,,MNIST sanity/frontier evidence; produced by the prior reliability suite
permuted_mnist__rate40__replay_repr__seed1,permuted_mnist,permuted_mnist,gate_reprstab,mlp,symmetric,0.4,1,python run_reliability_suite.py (legacy MNIST corpus),results/reliability/runs/permuted_mnist__rate40__replay_repr__seed1.json,reused_legacy,,,MNIST sanity/frontier evidence; produced by the prior reliability suite
permuted_mnist__rate40__replay_repr__seed2,permuted_mnist,permuted_mnist,gate_reprstab,mlp,symmetric,0.4,2,python run_reliability_suite.py (legacy MNIST corpus),results/reliability/runs/permuted_mnist__rate40__replay_repr__seed2.json,reused_legacy,,,MNIST sanity/frontier evidence; produced by the prior reliability suite
permuted_mnist__rate40__replay_stab__seed0,permuted_mnist,permuted_mnist,gate_predstab,mlp,symmetric,0.4,0,python run_reliability_suite.py (legacy MNIST corpus),results/reliability/runs/permuted_mnist__rate40__replay_stab__seed0.json,reused_legacy,,,MNIST sanity/frontier evidence; produced by the prior reliability suite
permuted_mnist__rate40__replay_stab__seed1,permuted_mnist,permuted_mnist,gate_predstab,mlp,symmetric,0.4,1,python run_reliability_suite.py (legacy MNIST corpus),results/reliability/runs/permuted_mnist__rate40__replay_stab__seed1.json,reused_legacy,,,MNIST sanity/frontier evidence; produced by the prior reliability suite
permuted_mnist__rate40__replay_stab__seed2,permuted_mnist,permuted_mnist,gate_predstab,mlp,symmetric,0.4,2,python run_reliability_suite.py (legacy MNIST corpus),results/reliability/runs/permuted_mnist__rate40__replay_stab__seed2.json,reused_legacy,,,MNIST sanity/frontier evidence; produced by the prior reliability suite
permuted_mnist__rate40__si__seed0,permuted_mnist,permuted_mnist,si,mlp,symmetric,0.4,0,python run_reliability_suite.py (legacy MNIST corpus),results/reliability/runs/permuted_mnist__rate40__si__seed0.json,reused_legacy,,,MNIST sanity/frontier evidence; produced by the prior reliability suite
permuted_mnist__rate40__si__seed1,permuted_mnist,permuted_mnist,si,mlp,symmetric,0.4,1,python run_reliability_suite.py (legacy MNIST corpus),results/reliability/runs/permuted_mnist__rate40__si__seed1.json,reused_legacy,,,MNIST sanity/frontier evidence; produced by the prior reliability suite
permuted_mnist__rate40__si__seed2,permuted_mnist,permuted_mnist,si,mlp,symmetric,0.4,2,python run_reliability_suite.py (legacy MNIST corpus),results/reliability/runs/permuted_mnist__rate40__si__seed2.json,reused_legacy,,,MNIST sanity/frontier evidence; produced by the prior reliability suite
permuted_mnist__rate60__adam__seed0,permuted_mnist,permuted_mnist,adam,mlp,symmetric,0.6,0,python run_reliability_suite.py (legacy MNIST corpus),results/reliability/runs/permuted_mnist__rate60__adam__seed0.json,reused_legacy,,,MNIST sanity/frontier evidence; produced by the prior reliability suite
permuted_mnist__rate60__adam__seed1,permuted_mnist,permuted_mnist,adam,mlp,symmetric,0.6,1,python run_reliability_suite.py (legacy MNIST corpus),results/reliability/runs/permuted_mnist__rate60__adam__seed1.json,reused_legacy,,,MNIST sanity/frontier evidence; produced by the prior reliability suite
permuted_mnist__rate60__adam__seed2,permuted_mnist,permuted_mnist,adam,mlp,symmetric,0.6,2,python run_reliability_suite.py (legacy MNIST corpus),results/reliability/runs/permuted_mnist__rate60__adam__seed2.json,reused_legacy,,,MNIST sanity/frontier evidence; produced by the prior reliability suite
permuted_mnist__rate60__derpp__seed0,permuted_mnist,permuted_mnist,derpp,mlp,symmetric,0.6,0,python run_reliability_suite.py (legacy MNIST corpus),results/reliability/runs/permuted_mnist__rate60__derpp__seed0.json,reused_legacy,,,MNIST sanity/frontier evidence; produced by the prior reliability suite
permuted_mnist__rate60__derpp__seed1,permuted_mnist,permuted_mnist,derpp,mlp,symmetric,0.6,1,python run_reliability_suite.py (legacy MNIST corpus),results/reliability/runs/permuted_mnist__rate60__derpp__seed1.json,reused_legacy,,,MNIST sanity/frontier evidence; produced by the prior reliability suite
permuted_mnist__rate60__derpp__seed2,permuted_mnist,permuted_mnist,derpp,mlp,symmetric,0.6,2,python run_reliability_suite.py (legacy MNIST corpus),results/reliability/runs/permuted_mnist__rate60__derpp__seed2.json,reused_legacy,,,MNIST sanity/frontier evidence; produced by the prior reliability suite
permuted_mnist__rate60__ewc__seed0,permuted_mnist,permuted_mnist,ewc,mlp,symmetric,0.6,0,python run_reliability_suite.py (legacy MNIST corpus),results/reliability/runs/permuted_mnist__rate60__ewc__seed0.json,reused_legacy,,,MNIST sanity/frontier evidence; produced by the prior reliability suite
permuted_mnist__rate60__ewc__seed1,permuted_mnist,permuted_mnist,ewc,mlp,symmetric,0.6,1,python run_reliability_suite.py (legacy MNIST corpus),results/reliability/runs/permuted_mnist__rate60__ewc__seed1.json,reused_legacy,,,MNIST sanity/frontier evidence; produced by the prior reliability suite
permuted_mnist__rate60__ewc__seed2,permuted_mnist,permuted_mnist,ewc,mlp,symmetric,0.6,2,python run_reliability_suite.py (legacy MNIST corpus),results/reliability/runs/permuted_mnist__rate60__ewc__seed2.json,reused_legacy,,,MNIST sanity/frontier evidence; produced by the prior reliability suite
permuted_mnist__rate60__ewc_conf__seed0,permuted_mnist,permuted_mnist,ewc_conf,mlp,symmetric,0.6,0,python run_reliability_suite.py (legacy MNIST corpus),results/reliability/runs/permuted_mnist__rate60__ewc_conf__seed0.json,reused_legacy,,,MNIST sanity/frontier evidence; produced by the prior reliability suite
permuted_mnist__rate60__ewc_conf__seed1,permuted_mnist,permuted_mnist,ewc_conf,mlp,symmetric,0.6,1,python run_reliability_suite.py (legacy MNIST corpus),results/reliability/runs/permuted_mnist__rate60__ewc_conf__seed1.json,reused_legacy,,,MNIST sanity/frontier evidence; produced by the prior reliability suite
permuted_mnist__rate60__ewc_conf__seed2,permuted_mnist,permuted_mnist,ewc_conf,mlp,symmetric,0.6,2,python run_reliability_suite.py (legacy MNIST corpus),results/reliability/runs/permuted_mnist__rate60__ewc_conf__seed2.json,reused_legacy,,,MNIST sanity/frontier evidence; produced by the prior reliability suite
permuted_mnist__rate60__ewc_error__seed0,permuted_mnist,permuted_mnist,ewc_loss,mlp,symmetric,0.6,0,python run_reliability_suite.py (legacy MNIST corpus),results/reliability/runs/permuted_mnist__rate60__ewc_error__seed0.json,reused_legacy,,,MNIST sanity/frontier evidence; produced by the prior reliability suite
permuted_mnist__rate60__ewc_error__seed1,permuted_mnist,permuted_mnist,ewc_loss,mlp,symmetric,0.6,1,python run_reliability_suite.py (legacy MNIST corpus),results/reliability/runs/permuted_mnist__rate60__ewc_error__seed1.json,reused_legacy,,,MNIST sanity/frontier evidence; produced by the prior reliability suite
permuted_mnist__rate60__ewc_error__seed2,permuted_mnist,permuted_mnist,ewc_loss,mlp,symmetric,0.6,2,python run_reliability_suite.py (legacy MNIST corpus),results/reliability/runs/permuted_mnist__rate60__ewc_error__seed2.json,reused_legacy,,,MNIST sanity/frontier evidence; produced by the prior reliability suite
permuted_mnist__rate60__mas__seed0,permuted_mnist,permuted_mnist,mas,mlp,symmetric,0.6,0,python run_reliability_suite.py (legacy MNIST corpus),results/reliability/runs/permuted_mnist__rate60__mas__seed0.json,reused_legacy,,,MNIST sanity/frontier evidence; produced by the prior reliability suite
permuted_mnist__rate60__mas__seed1,permuted_mnist,permuted_mnist,mas,mlp,symmetric,0.6,1,python run_reliability_suite.py (legacy MNIST corpus),results/reliability/runs/permuted_mnist__rate60__mas__seed1.json,reused_legacy,,,MNIST sanity/frontier evidence; produced by the prior reliability suite
permuted_mnist__rate60__mas__seed2,permuted_mnist,permuted_mnist,mas,mlp,symmetric,0.6,2,python run_reliability_suite.py (legacy MNIST corpus),results/reliability/runs/permuted_mnist__rate60__mas__seed2.json,reused_legacy,,,MNIST sanity/frontier evidence; produced by the prior reliability suite
permuted_mnist__rate60__replay__seed0,permuted_mnist,permuted_mnist,er,mlp,symmetric,0.6,0,python run_reliability_suite.py (legacy MNIST corpus),results/reliability/runs/permuted_mnist__rate60__replay__seed0.json,reused_legacy,,,MNIST sanity/frontier evidence; produced by the prior reliability suite
permuted_mnist__rate60__replay__seed1,permuted_mnist,permuted_mnist,er,mlp,symmetric,0.6,1,python run_reliability_suite.py (legacy MNIST corpus),results/reliability/runs/permuted_mnist__rate60__replay__seed1.json,reused_legacy,,,MNIST sanity/frontier evidence; produced by the prior reliability suite
permuted_mnist__rate60__replay__seed2,permuted_mnist,permuted_mnist,er,mlp,symmetric,0.6,2,python run_reliability_suite.py (legacy MNIST corpus),results/reliability/runs/permuted_mnist__rate60__replay__seed2.json,reused_legacy,,,MNIST sanity/frontier evidence; produced by the prior reliability suite
permuted_mnist__rate60__replay_conf__seed0,permuted_mnist,permuted_mnist,gate_conf,mlp,symmetric,0.6,0,python run_reliability_suite.py (legacy MNIST corpus),results/reliability/runs/permuted_mnist__rate60__replay_conf__seed0.json,reused_legacy,,,MNIST sanity/frontier evidence; produced by the prior reliability suite
permuted_mnist__rate60__replay_conf__seed1,permuted_mnist,permuted_mnist,gate_conf,mlp,symmetric,0.6,1,python run_reliability_suite.py (legacy MNIST corpus),results/reliability/runs/permuted_mnist__rate60__replay_conf__seed1.json,reused_legacy,,,MNIST sanity/frontier evidence; produced by the prior reliability suite
permuted_mnist__rate60__replay_conf__seed2,permuted_mnist,permuted_mnist,gate_conf,mlp,symmetric,0.6,2,python run_reliability_suite.py (legacy MNIST corpus),results/reliability/runs/permuted_mnist__rate60__replay_conf__seed2.json,reused_legacy,,,MNIST sanity/frontier evidence; produced by the prior reliability suite
permuted_mnist__rate60__replay_error__seed0,permuted_mnist,permuted_mnist,gate_loss,mlp,symmetric,0.6,0,python run_reliability_suite.py (legacy MNIST corpus),results/reliability/runs/permuted_mnist__rate60__replay_error__seed0.json,reused_legacy,,,MNIST sanity/frontier evidence; produced by the prior reliability suite
permuted_mnist__rate60__replay_error__seed1,permuted_mnist,permuted_mnist,gate_loss,mlp,symmetric,0.6,1,python run_reliability_suite.py (legacy MNIST corpus),results/reliability/runs/permuted_mnist__rate60__replay_error__seed1.json,reused_legacy,,,MNIST sanity/frontier evidence; produced by the prior reliability suite
permuted_mnist__rate60__replay_error__seed2,permuted_mnist,permuted_mnist,gate_loss,mlp,symmetric,0.6,2,python run_reliability_suite.py (legacy MNIST corpus),results/reliability/runs/permuted_mnist__rate60__replay_error__seed2.json,reused_legacy,,,MNIST sanity/frontier evidence; produced by the prior reliability suite
permuted_mnist__rate60__replay_repr__seed0,permuted_mnist,permuted_mnist,gate_reprstab,mlp,symmetric,0.6,0,python run_reliability_suite.py (legacy MNIST corpus),results/reliability/runs/permuted_mnist__rate60__replay_repr__seed0.json,reused_legacy,,,MNIST sanity/frontier evidence; produced by the prior reliability suite
permuted_mnist__rate60__replay_repr__seed1,permuted_mnist,permuted_mnist,gate_reprstab,mlp,symmetric,0.6,1,python run_reliability_suite.py (legacy MNIST corpus),results/reliability/runs/permuted_mnist__rate60__replay_repr__seed1.json,reused_legacy,,,MNIST sanity/frontier evidence; produced by the prior reliability suite
permuted_mnist__rate60__replay_repr__seed2,permuted_mnist,permuted_mnist,gate_reprstab,mlp,symmetric,0.6,2,python run_reliability_suite.py (legacy MNIST corpus),results/reliability/runs/permuted_mnist__rate60__replay_repr__seed2.json,reused_legacy,,,MNIST sanity/frontier evidence; produced by the prior reliability suite
permuted_mnist__rate60__replay_stab__seed0,permuted_mnist,permuted_mnist,gate_predstab,mlp,symmetric,0.6,0,python run_reliability_suite.py (legacy MNIST corpus),results/reliability/runs/permuted_mnist__rate60__replay_stab__seed0.json,reused_legacy,,,MNIST sanity/frontier evidence; produced by the prior reliability suite
permuted_mnist__rate60__replay_stab__seed1,permuted_mnist,permuted_mnist,gate_predstab,mlp,symmetric,0.6,1,python run_reliability_suite.py (legacy MNIST corpus),results/reliability/runs/permuted_mnist__rate60__replay_stab__seed1.json,reused_legacy,,,MNIST sanity/frontier evidence; produced by the prior reliability suite
permuted_mnist__rate60__replay_stab__seed2,permuted_mnist,permuted_mnist,gate_predstab,mlp,symmetric,0.6,2,python run_reliability_suite.py (legacy MNIST corpus),results/reliability/runs/permuted_mnist__rate60__replay_stab__seed2.json,reused_legacy,,,MNIST sanity/frontier evidence; produced by the prior reliability suite
permuted_mnist__rate60__si__seed0,permuted_mnist,permuted_mnist,si,mlp,symmetric,0.6,0,python run_reliability_suite.py (legacy MNIST corpus),results/reliability/runs/permuted_mnist__rate60__si__seed0.json,reused_legacy,,,MNIST sanity/frontier evidence; produced by the prior reliability suite
permuted_mnist__rate60__si__seed1,permuted_mnist,permuted_mnist,si,mlp,symmetric,0.6,1,python run_reliability_suite.py (legacy MNIST corpus),results/reliability/runs/permuted_mnist__rate60__si__seed1.json,reused_legacy,,,MNIST sanity/frontier evidence; produced by the prior reliability suite
permuted_mnist__rate60__si__seed2,permuted_mnist,permuted_mnist,si,mlp,symmetric,0.6,2,python run_reliability_suite.py (legacy MNIST corpus),results/reliability/runs/permuted_mnist__rate60__si__seed2.json,reused_legacy,,,MNIST sanity/frontier evidence; produced by the prior reliability suite
permuted_mnist__rate80__adam__seed0,permuted_mnist,permuted_mnist,adam,mlp,symmetric,0.8,0,python run_reliability_suite.py (legacy MNIST corpus),results/reliability/runs/permuted_mnist__rate80__adam__seed0.json,reused_legacy,,,MNIST sanity/frontier evidence; produced by the prior reliability suite
permuted_mnist__rate80__adam__seed1,permuted_mnist,permuted_mnist,adam,mlp,symmetric,0.8,1,python run_reliability_suite.py (legacy MNIST corpus),results/reliability/runs/permuted_mnist__rate80__adam__seed1.json,reused_legacy,,,MNIST sanity/frontier evidence; produced by the prior reliability suite
permuted_mnist__rate80__adam__seed2,permuted_mnist,permuted_mnist,adam,mlp,symmetric,0.8,2,python run_reliability_suite.py (legacy MNIST corpus),results/reliability/runs/permuted_mnist__rate80__adam__seed2.json,reused_legacy,,,MNIST sanity/frontier evidence; produced by the prior reliability suite
permuted_mnist__rate80__derpp__seed0,permuted_mnist,permuted_mnist,derpp,mlp,symmetric,0.8,0,python run_reliability_suite.py (legacy MNIST corpus),results/reliability/runs/permuted_mnist__rate80__derpp__seed0.json,reused_legacy,,,MNIST sanity/frontier evidence; produced by the prior reliability suite
permuted_mnist__rate80__derpp__seed1,permuted_mnist,permuted_mnist,derpp,mlp,symmetric,0.8,1,python run_reliability_suite.py (legacy MNIST corpus),results/reliability/runs/permuted_mnist__rate80__derpp__seed1.json,reused_legacy,,,MNIST sanity/frontier evidence; produced by the prior reliability suite
permuted_mnist__rate80__derpp__seed2,permuted_mnist,permuted_mnist,derpp,mlp,symmetric,0.8,2,python run_reliability_suite.py (legacy MNIST corpus),results/reliability/runs/permuted_mnist__rate80__derpp__seed2.json,reused_legacy,,,MNIST sanity/frontier evidence; produced by the prior reliability suite
permuted_mnist__rate80__ewc__seed0,permuted_mnist,permuted_mnist,ewc,mlp,symmetric,0.8,0,python run_reliability_suite.py (legacy MNIST corpus),results/reliability/runs/permuted_mnist__rate80__ewc__seed0.json,reused_legacy,,,MNIST sanity/frontier evidence; produced by the prior reliability suite
permuted_mnist__rate80__ewc__seed1,permuted_mnist,permuted_mnist,ewc,mlp,symmetric,0.8,1,python run_reliability_suite.py (legacy MNIST corpus),results/reliability/runs/permuted_mnist__rate80__ewc__seed1.json,reused_legacy,,,MNIST sanity/frontier evidence; produced by the prior reliability suite
permuted_mnist__rate80__ewc__seed2,permuted_mnist,permuted_mnist,ewc,mlp,symmetric,0.8,2,python run_reliability_suite.py (legacy MNIST corpus),results/reliability/runs/permuted_mnist__rate80__ewc__seed2.json,reused_legacy,,,MNIST sanity/frontier evidence; produced by the prior reliability suite
permuted_mnist__rate80__ewc_conf__seed0,permuted_mnist,permuted_mnist,ewc_conf,mlp,symmetric,0.8,0,python run_reliability_suite.py (legacy MNIST corpus),results/reliability/runs/permuted_mnist__rate80__ewc_conf__seed0.json,reused_legacy,,,MNIST sanity/frontier evidence; produced by the prior reliability suite
permuted_mnist__rate80__ewc_conf__seed1,permuted_mnist,permuted_mnist,ewc_conf,mlp,symmetric,0.8,1,python run_reliability_suite.py (legacy MNIST corpus),results/reliability/runs/permuted_mnist__rate80__ewc_conf__seed1.json,reused_legacy,,,MNIST sanity/frontier evidence; produced by the prior reliability suite
permuted_mnist__rate80__ewc_conf__seed2,permuted_mnist,permuted_mnist,ewc_conf,mlp,symmetric,0.8,2,python run_reliability_suite.py (legacy MNIST corpus),results/reliability/runs/permuted_mnist__rate80__ewc_conf__seed2.json,reused_legacy,,,MNIST sanity/frontier evidence; produced by the prior reliability suite
permuted_mnist__rate80__ewc_error__seed0,permuted_mnist,permuted_mnist,ewc_loss,mlp,symmetric,0.8,0,python run_reliability_suite.py (legacy MNIST corpus),results/reliability/runs/permuted_mnist__rate80__ewc_error__seed0.json,reused_legacy,,,MNIST sanity/frontier evidence; produced by the prior reliability suite
permuted_mnist__rate80__ewc_error__seed1,permuted_mnist,permuted_mnist,ewc_loss,mlp,symmetric,0.8,1,python run_reliability_suite.py (legacy MNIST corpus),results/reliability/runs/permuted_mnist__rate80__ewc_error__seed1.json,reused_legacy,,,MNIST sanity/frontier evidence; produced by the prior reliability suite
permuted_mnist__rate80__ewc_error__seed2,permuted_mnist,permuted_mnist,ewc_loss,mlp,symmetric,0.8,2,python run_reliability_suite.py (legacy MNIST corpus),results/reliability/runs/permuted_mnist__rate80__ewc_error__seed2.json,reused_legacy,,,MNIST sanity/frontier evidence; produced by the prior reliability suite
permuted_mnist__rate80__mas__seed0,permuted_mnist,permuted_mnist,mas,mlp,symmetric,0.8,0,python run_reliability_suite.py (legacy MNIST corpus),results/reliability/runs/permuted_mnist__rate80__mas__seed0.json,reused_legacy,,,MNIST sanity/frontier evidence; produced by the prior reliability suite
permuted_mnist__rate80__mas__seed1,permuted_mnist,permuted_mnist,mas,mlp,symmetric,0.8,1,python run_reliability_suite.py (legacy MNIST corpus),results/reliability/runs/permuted_mnist__rate80__mas__seed1.json,reused_legacy,,,MNIST sanity/frontier evidence; produced by the prior reliability suite
permuted_mnist__rate80__mas__seed2,permuted_mnist,permuted_mnist,mas,mlp,symmetric,0.8,2,python run_reliability_suite.py (legacy MNIST corpus),results/reliability/runs/permuted_mnist__rate80__mas__seed2.json,reused_legacy,,,MNIST sanity/frontier evidence; produced by the prior reliability suite
permuted_mnist__rate80__replay__seed0,permuted_mnist,permuted_mnist,er,mlp,symmetric,0.8,0,python run_reliability_suite.py (legacy MNIST corpus),results/reliability/runs/permuted_mnist__rate80__replay__seed0.json,reused_legacy,,,MNIST sanity/frontier evidence; produced by the prior reliability suite
permuted_mnist__rate80__replay__seed1,permuted_mnist,permuted_mnist,er,mlp,symmetric,0.8,1,python run_reliability_suite.py (legacy MNIST corpus),results/reliability/runs/permuted_mnist__rate80__replay__seed1.json,reused_legacy,,,MNIST sanity/frontier evidence; produced by the prior reliability suite
permuted_mnist__rate80__replay__seed2,permuted_mnist,permuted_mnist,er,mlp,symmetric,0.8,2,python run_reliability_suite.py (legacy MNIST corpus),results/reliability/runs/permuted_mnist__rate80__replay__seed2.json,reused_legacy,,,MNIST sanity/frontier evidence; produced by the prior reliability suite
permuted_mnist__rate80__replay_conf__seed0,permuted_mnist,permuted_mnist,gate_conf,mlp,symmetric,0.8,0,python run_reliability_suite.py (legacy MNIST corpus),results/reliability/runs/permuted_mnist__rate80__replay_conf__seed0.json,reused_legacy,,,MNIST sanity/frontier evidence; produced by the prior reliability suite
permuted_mnist__rate80__replay_conf__seed1,permuted_mnist,permuted_mnist,gate_conf,mlp,symmetric,0.8,1,python run_reliability_suite.py (legacy MNIST corpus),results/reliability/runs/permuted_mnist__rate80__replay_conf__seed1.json,reused_legacy,,,MNIST sanity/frontier evidence; produced by the prior reliability suite
permuted_mnist__rate80__replay_conf__seed2,permuted_mnist,permuted_mnist,gate_conf,mlp,symmetric,0.8,2,python run_reliability_suite.py (legacy MNIST corpus),results/reliability/runs/permuted_mnist__rate80__replay_conf__seed2.json,reused_legacy,,,MNIST sanity/frontier evidence; produced by the prior reliability suite
permuted_mnist__rate80__replay_error__seed0,permuted_mnist,permuted_mnist,gate_loss,mlp,symmetric,0.8,0,python run_reliability_suite.py (legacy MNIST corpus),results/reliability/runs/permuted_mnist__rate80__replay_error__seed0.json,reused_legacy,,,MNIST sanity/frontier evidence; produced by the prior reliability suite
permuted_mnist__rate80__replay_error__seed1,permuted_mnist,permuted_mnist,gate_loss,mlp,symmetric,0.8,1,python run_reliability_suite.py (legacy MNIST corpus),results/reliability/runs/permuted_mnist__rate80__replay_error__seed1.json,reused_legacy,,,MNIST sanity/frontier evidence; produced by the prior reliability suite
permuted_mnist__rate80__replay_error__seed2,permuted_mnist,permuted_mnist,gate_loss,mlp,symmetric,0.8,2,python run_reliability_suite.py (legacy MNIST corpus),results/reliability/runs/permuted_mnist__rate80__replay_error__seed2.json,reused_legacy,,,MNIST sanity/frontier evidence; produced by the prior reliability suite
permuted_mnist__rate80__replay_repr__seed0,permuted_mnist,permuted_mnist,gate_reprstab,mlp,symmetric,0.8,0,python run_reliability_suite.py (legacy MNIST corpus),results/reliability/runs/permuted_mnist__rate80__replay_repr__seed0.json,reused_legacy,,,MNIST sanity/frontier evidence; produced by the prior reliability suite
permuted_mnist__rate80__replay_repr__seed1,permuted_mnist,permuted_mnist,gate_reprstab,mlp,symmetric,0.8,1,python run_reliability_suite.py (legacy MNIST corpus),results/reliability/runs/permuted_mnist__rate80__replay_repr__seed1.json,reused_legacy,,,MNIST sanity/frontier evidence; produced by the prior reliability suite
permuted_mnist__rate80__replay_repr__seed2,permuted_mnist,permuted_mnist,gate_reprstab,mlp,symmetric,0.8,2,python run_reliability_suite.py (legacy MNIST corpus),results/reliability/runs/permuted_mnist__rate80__replay_repr__seed2.json,reused_legacy,,,MNIST sanity/frontier evidence; produced by the prior reliability suite
permuted_mnist__rate80__replay_stab__seed0,permuted_mnist,permuted_mnist,gate_predstab,mlp,symmetric,0.8,0,python run_reliability_suite.py (legacy MNIST corpus),results/reliability/runs/permuted_mnist__rate80__replay_stab__seed0.json,reused_legacy,,,MNIST sanity/frontier evidence; produced by the prior reliability suite
permuted_mnist__rate80__replay_stab__seed1,permuted_mnist,permuted_mnist,gate_predstab,mlp,symmetric,0.8,1,python run_reliability_suite.py (legacy MNIST corpus),results/reliability/runs/permuted_mnist__rate80__replay_stab__seed1.json,reused_legacy,,,MNIST sanity/frontier evidence; produced by the prior reliability suite
permuted_mnist__rate80__replay_stab__seed2,permuted_mnist,permuted_mnist,gate_predstab,mlp,symmetric,0.8,2,python run_reliability_suite.py (legacy MNIST corpus),results/reliability/runs/permuted_mnist__rate80__replay_stab__seed2.json,reused_legacy,,,MNIST sanity/frontier evidence; produced by the prior reliability suite
permuted_mnist__rate80__si__seed0,permuted_mnist,permuted_mnist,si,mlp,symmetric,0.8,0,python run_reliability_suite.py (legacy MNIST corpus),results/reliability/runs/permuted_mnist__rate80__si__seed0.json,reused_legacy,,,MNIST sanity/frontier evidence; produced by the prior reliability suite
permuted_mnist__rate80__si__seed1,permuted_mnist,permuted_mnist,si,mlp,symmetric,0.8,1,python run_reliability_suite.py (legacy MNIST corpus),results/reliability/runs/permuted_mnist__rate80__si__seed1.json,reused_legacy,,,MNIST sanity/frontier evidence; produced by the prior reliability suite
permuted_mnist__rate80__si__seed2,permuted_mnist,permuted_mnist,si,mlp,symmetric,0.8,2,python run_reliability_suite.py (legacy MNIST corpus),results/reliability/runs/permuted_mnist__rate80__si__seed2.json,reused_legacy,,,MNIST sanity/frontier evidence; produced by the prior reliability suite
split_mnist__early40__adam__seed0,split_mnist,split_mnist,adam,mlp,symmetric,0.4,0,python run_reliability_suite.py (legacy MNIST corpus),results/reliability/runs/split_mnist__early40__adam__seed0.json,reused_legacy,,,MNIST sanity/frontier evidence; produced by the prior reliability suite
split_mnist__early40__adam__seed1,split_mnist,split_mnist,adam,mlp,symmetric,0.4,1,python run_reliability_suite.py (legacy MNIST corpus),results/reliability/runs/split_mnist__early40__adam__seed1.json,reused_legacy,,,MNIST sanity/frontier evidence; produced by the prior reliability suite
split_mnist__early40__adam__seed2,split_mnist,split_mnist,adam,mlp,symmetric,0.4,2,python run_reliability_suite.py (legacy MNIST corpus),results/reliability/runs/split_mnist__early40__adam__seed2.json,reused_legacy,,,MNIST sanity/frontier evidence; produced by the prior reliability suite
split_mnist__early40__derpp__seed0,split_mnist,split_mnist,derpp,mlp,symmetric,0.4,0,python run_reliability_suite.py (legacy MNIST corpus),results/reliability/runs/split_mnist__early40__derpp__seed0.json,reused_legacy,,,MNIST sanity/frontier evidence; produced by the prior reliability suite
split_mnist__early40__derpp__seed1,split_mnist,split_mnist,derpp,mlp,symmetric,0.4,1,python run_reliability_suite.py (legacy MNIST corpus),results/reliability/runs/split_mnist__early40__derpp__seed1.json,reused_legacy,,,MNIST sanity/frontier evidence; produced by the prior reliability suite
split_mnist__early40__derpp__seed2,split_mnist,split_mnist,derpp,mlp,symmetric,0.4,2,python run_reliability_suite.py (legacy MNIST corpus),results/reliability/runs/split_mnist__early40__derpp__seed2.json,reused_legacy,,,MNIST sanity/frontier evidence; produced by the prior reliability suite
split_mnist__early40__ewc__seed0,split_mnist,split_mnist,ewc,mlp,symmetric,0.4,0,python run_reliability_suite.py (legacy MNIST corpus),results/reliability/runs/split_mnist__early40__ewc__seed0.json,reused_legacy,,,MNIST sanity/frontier evidence; produced by the prior reliability suite
split_mnist__early40__ewc__seed1,split_mnist,split_mnist,ewc,mlp,symmetric,0.4,1,python run_reliability_suite.py (legacy MNIST corpus),results/reliability/runs/split_mnist__early40__ewc__seed1.json,reused_legacy,,,MNIST sanity/frontier evidence; produced by the prior reliability suite
split_mnist__early40__ewc__seed2,split_mnist,split_mnist,ewc,mlp,symmetric,0.4,2,python run_reliability_suite.py (legacy MNIST corpus),results/reliability/runs/split_mnist__early40__ewc__seed2.json,reused_legacy,,,MNIST sanity/frontier evidence; produced by the prior reliability suite
split_mnist__early40__ewc_conf__seed0,split_mnist,split_mnist,ewc_conf,mlp,symmetric,0.4,0,python run_reliability_suite.py (legacy MNIST corpus),results/reliability/runs/split_mnist__early40__ewc_conf__seed0.json,reused_legacy,,,MNIST sanity/frontier evidence; produced by the prior reliability suite
split_mnist__early40__ewc_conf__seed1,split_mnist,split_mnist,ewc_conf,mlp,symmetric,0.4,1,python run_reliability_suite.py (legacy MNIST corpus),results/reliability/runs/split_mnist__early40__ewc_conf__seed1.json,reused_legacy,,,MNIST sanity/frontier evidence; produced by the prior reliability suite
split_mnist__early40__ewc_conf__seed2,split_mnist,split_mnist,ewc_conf,mlp,symmetric,0.4,2,python run_reliability_suite.py (legacy MNIST corpus),results/reliability/runs/split_mnist__early40__ewc_conf__seed2.json,reused_legacy,,,MNIST sanity/frontier evidence; produced by the prior reliability suite
split_mnist__early40__ewc_error__seed0,split_mnist,split_mnist,ewc_loss,mlp,symmetric,0.4,0,python run_reliability_suite.py (legacy MNIST corpus),results/reliability/runs/split_mnist__early40__ewc_error__seed0.json,reused_legacy,,,MNIST sanity/frontier evidence; produced by the prior reliability suite
split_mnist__early40__ewc_error__seed1,split_mnist,split_mnist,ewc_loss,mlp,symmetric,0.4,1,python run_reliability_suite.py (legacy MNIST corpus),results/reliability/runs/split_mnist__early40__ewc_error__seed1.json,reused_legacy,,,MNIST sanity/frontier evidence; produced by the prior reliability suite
split_mnist__early40__ewc_error__seed2,split_mnist,split_mnist,ewc_loss,mlp,symmetric,0.4,2,python run_reliability_suite.py (legacy MNIST corpus),results/reliability/runs/split_mnist__early40__ewc_error__seed2.json,reused_legacy,,,MNIST sanity/frontier evidence; produced by the prior reliability suite
split_mnist__early40__mas__seed0,split_mnist,split_mnist,mas,mlp,symmetric,0.4,0,python run_reliability_suite.py (legacy MNIST corpus),results/reliability/runs/split_mnist__early40__mas__seed0.json,reused_legacy,,,MNIST sanity/frontier evidence; produced by the prior reliability suite
split_mnist__early40__mas__seed1,split_mnist,split_mnist,mas,mlp,symmetric,0.4,1,python run_reliability_suite.py (legacy MNIST corpus),results/reliability/runs/split_mnist__early40__mas__seed1.json,reused_legacy,,,MNIST sanity/frontier evidence; produced by the prior reliability suite
split_mnist__early40__mas__seed2,split_mnist,split_mnist,mas,mlp,symmetric,0.4,2,python run_reliability_suite.py (legacy MNIST corpus),results/reliability/runs/split_mnist__early40__mas__seed2.json,reused_legacy,,,MNIST sanity/frontier evidence; produced by the prior reliability suite
split_mnist__early40__replay__seed0,split_mnist,split_mnist,er,mlp,symmetric,0.4,0,python run_reliability_suite.py (legacy MNIST corpus),results/reliability/runs/split_mnist__early40__replay__seed0.json,reused_legacy,,,MNIST sanity/frontier evidence; produced by the prior reliability suite
split_mnist__early40__replay__seed1,split_mnist,split_mnist,er,mlp,symmetric,0.4,1,python run_reliability_suite.py (legacy MNIST corpus),results/reliability/runs/split_mnist__early40__replay__seed1.json,reused_legacy,,,MNIST sanity/frontier evidence; produced by the prior reliability suite
split_mnist__early40__replay__seed2,split_mnist,split_mnist,er,mlp,symmetric,0.4,2,python run_reliability_suite.py (legacy MNIST corpus),results/reliability/runs/split_mnist__early40__replay__seed2.json,reused_legacy,,,MNIST sanity/frontier evidence; produced by the prior reliability suite
split_mnist__early40__replay_conf__seed0,split_mnist,split_mnist,gate_conf,mlp,symmetric,0.4,0,python run_reliability_suite.py (legacy MNIST corpus),results/reliability/runs/split_mnist__early40__replay_conf__seed0.json,reused_legacy,,,MNIST sanity/frontier evidence; produced by the prior reliability suite
split_mnist__early40__replay_conf__seed1,split_mnist,split_mnist,gate_conf,mlp,symmetric,0.4,1,python run_reliability_suite.py (legacy MNIST corpus),results/reliability/runs/split_mnist__early40__replay_conf__seed1.json,reused_legacy,,,MNIST sanity/frontier evidence; produced by the prior reliability suite
split_mnist__early40__replay_conf__seed2,split_mnist,split_mnist,gate_conf,mlp,symmetric,0.4,2,python run_reliability_suite.py (legacy MNIST corpus),results/reliability/runs/split_mnist__early40__replay_conf__seed2.json,reused_legacy,,,MNIST sanity/frontier evidence; produced by the prior reliability suite
split_mnist__early40__replay_error__seed0,split_mnist,split_mnist,gate_loss,mlp,symmetric,0.4,0,python run_reliability_suite.py (legacy MNIST corpus),results/reliability/runs/split_mnist__early40__replay_error__seed0.json,reused_legacy,,,MNIST sanity/frontier evidence; produced by the prior reliability suite
split_mnist__early40__replay_error__seed1,split_mnist,split_mnist,gate_loss,mlp,symmetric,0.4,1,python run_reliability_suite.py (legacy MNIST corpus),results/reliability/runs/split_mnist__early40__replay_error__seed1.json,reused_legacy,,,MNIST sanity/frontier evidence; produced by the prior reliability suite
split_mnist__early40__replay_error__seed2,split_mnist,split_mnist,gate_loss,mlp,symmetric,0.4,2,python run_reliability_suite.py (legacy MNIST corpus),results/reliability/runs/split_mnist__early40__replay_error__seed2.json,reused_legacy,,,MNIST sanity/frontier evidence; produced by the prior reliability suite
split_mnist__early40__replay_repr__seed0,split_mnist,split_mnist,gate_reprstab,mlp,symmetric,0.4,0,python run_reliability_suite.py (legacy MNIST corpus),results/reliability/runs/split_mnist__early40__replay_repr__seed0.json,reused_legacy,,,MNIST sanity/frontier evidence; produced by the prior reliability suite
split_mnist__early40__replay_repr__seed1,split_mnist,split_mnist,gate_reprstab,mlp,symmetric,0.4,1,python run_reliability_suite.py (legacy MNIST corpus),results/reliability/runs/split_mnist__early40__replay_repr__seed1.json,reused_legacy,,,MNIST sanity/frontier evidence; produced by the prior reliability suite
split_mnist__early40__replay_repr__seed2,split_mnist,split_mnist,gate_reprstab,mlp,symmetric,0.4,2,python run_reliability_suite.py (legacy MNIST corpus),results/reliability/runs/split_mnist__early40__replay_repr__seed2.json,reused_legacy,,,MNIST sanity/frontier evidence; produced by the prior reliability suite
split_mnist__early40__replay_stab__seed0,split_mnist,split_mnist,gate_predstab,mlp,symmetric,0.4,0,python run_reliability_suite.py (legacy MNIST corpus),results/reliability/runs/split_mnist__early40__replay_stab__seed0.json,reused_legacy,,,MNIST sanity/frontier evidence; produced by the prior reliability suite
split_mnist__early40__replay_stab__seed1,split_mnist,split_mnist,gate_predstab,mlp,symmetric,0.4,1,python run_reliability_suite.py (legacy MNIST corpus),results/reliability/runs/split_mnist__early40__replay_stab__seed1.json,reused_legacy,,,MNIST sanity/frontier evidence; produced by the prior reliability suite
split_mnist__early40__replay_stab__seed2,split_mnist,split_mnist,gate_predstab,mlp,symmetric,0.4,2,python run_reliability_suite.py (legacy MNIST corpus),results/reliability/runs/split_mnist__early40__replay_stab__seed2.json,reused_legacy,,,MNIST sanity/frontier evidence; produced by the prior reliability suite
split_mnist__early40__si__seed0,split_mnist,split_mnist,si,mlp,symmetric,0.4,0,python run_reliability_suite.py (legacy MNIST corpus),results/reliability/runs/split_mnist__early40__si__seed0.json,reused_legacy,,,MNIST sanity/frontier evidence; produced by the prior reliability suite
split_mnist__early40__si__seed1,split_mnist,split_mnist,si,mlp,symmetric,0.4,1,python run_reliability_suite.py (legacy MNIST corpus),results/reliability/runs/split_mnist__early40__si__seed1.json,reused_legacy,,,MNIST sanity/frontier evidence; produced by the prior reliability suite
split_mnist__early40__si__seed2,split_mnist,split_mnist,si,mlp,symmetric,0.4,2,python run_reliability_suite.py (legacy MNIST corpus),results/reliability/runs/split_mnist__early40__si__seed2.json,reused_legacy,,,MNIST sanity/frontier evidence; produced by the prior reliability suite
split_mnist__late40__adam__seed0,split_mnist,split_mnist,adam,mlp,symmetric,0.4,0,python run_reliability_suite.py (legacy MNIST corpus),results/reliability/runs/split_mnist__late40__adam__seed0.json,reused_legacy,,,MNIST sanity/frontier evidence; produced by the prior reliability suite
split_mnist__late40__adam__seed1,split_mnist,split_mnist,adam,mlp,symmetric,0.4,1,python run_reliability_suite.py (legacy MNIST corpus),results/reliability/runs/split_mnist__late40__adam__seed1.json,reused_legacy,,,MNIST sanity/frontier evidence; produced by the prior reliability suite
split_mnist__late40__adam__seed2,split_mnist,split_mnist,adam,mlp,symmetric,0.4,2,python run_reliability_suite.py (legacy MNIST corpus),results/reliability/runs/split_mnist__late40__adam__seed2.json,reused_legacy,,,MNIST sanity/frontier evidence; produced by the prior reliability suite
split_mnist__late40__derpp__seed0,split_mnist,split_mnist,derpp,mlp,symmetric,0.4,0,python run_reliability_suite.py (legacy MNIST corpus),results/reliability/runs/split_mnist__late40__derpp__seed0.json,reused_legacy,,,MNIST sanity/frontier evidence; produced by the prior reliability suite
split_mnist__late40__derpp__seed1,split_mnist,split_mnist,derpp,mlp,symmetric,0.4,1,python run_reliability_suite.py (legacy MNIST corpus),results/reliability/runs/split_mnist__late40__derpp__seed1.json,reused_legacy,,,MNIST sanity/frontier evidence; produced by the prior reliability suite
split_mnist__late40__derpp__seed2,split_mnist,split_mnist,derpp,mlp,symmetric,0.4,2,python run_reliability_suite.py (legacy MNIST corpus),results/reliability/runs/split_mnist__late40__derpp__seed2.json,reused_legacy,,,MNIST sanity/frontier evidence; produced by the prior reliability suite
split_mnist__late40__ewc__seed0,split_mnist,split_mnist,ewc,mlp,symmetric,0.4,0,python run_reliability_suite.py (legacy MNIST corpus),results/reliability/runs/split_mnist__late40__ewc__seed0.json,reused_legacy,,,MNIST sanity/frontier evidence; produced by the prior reliability suite
split_mnist__late40__ewc__seed1,split_mnist,split_mnist,ewc,mlp,symmetric,0.4,1,python run_reliability_suite.py (legacy MNIST corpus),results/reliability/runs/split_mnist__late40__ewc__seed1.json,reused_legacy,,,MNIST sanity/frontier evidence; produced by the prior reliability suite
split_mnist__late40__ewc__seed2,split_mnist,split_mnist,ewc,mlp,symmetric,0.4,2,python run_reliability_suite.py (legacy MNIST corpus),results/reliability/runs/split_mnist__late40__ewc__seed2.json,reused_legacy,,,MNIST sanity/frontier evidence; produced by the prior reliability suite
split_mnist__late40__ewc_conf__seed0,split_mnist,split_mnist,ewc_conf,mlp,symmetric,0.4,0,python run_reliability_suite.py (legacy MNIST corpus),results/reliability/runs/split_mnist__late40__ewc_conf__seed0.json,reused_legacy,,,MNIST sanity/frontier evidence; produced by the prior reliability suite
split_mnist__late40__ewc_conf__seed1,split_mnist,split_mnist,ewc_conf,mlp,symmetric,0.4,1,python run_reliability_suite.py (legacy MNIST corpus),results/reliability/runs/split_mnist__late40__ewc_conf__seed1.json,reused_legacy,,,MNIST sanity/frontier evidence; produced by the prior reliability suite
split_mnist__late40__ewc_conf__seed2,split_mnist,split_mnist,ewc_conf,mlp,symmetric,0.4,2,python run_reliability_suite.py (legacy MNIST corpus),results/reliability/runs/split_mnist__late40__ewc_conf__seed2.json,reused_legacy,,,MNIST sanity/frontier evidence; produced by the prior reliability suite
split_mnist__late40__ewc_error__seed0,split_mnist,split_mnist,ewc_loss,mlp,symmetric,0.4,0,python run_reliability_suite.py (legacy MNIST corpus),results/reliability/runs/split_mnist__late40__ewc_error__seed0.json,reused_legacy,,,MNIST sanity/frontier evidence; produced by the prior reliability suite
split_mnist__late40__ewc_error__seed1,split_mnist,split_mnist,ewc_loss,mlp,symmetric,0.4,1,python run_reliability_suite.py (legacy MNIST corpus),results/reliability/runs/split_mnist__late40__ewc_error__seed1.json,reused_legacy,,,MNIST sanity/frontier evidence; produced by the prior reliability suite
split_mnist__late40__ewc_error__seed2,split_mnist,split_mnist,ewc_loss,mlp,symmetric,0.4,2,python run_reliability_suite.py (legacy MNIST corpus),results/reliability/runs/split_mnist__late40__ewc_error__seed2.json,reused_legacy,,,MNIST sanity/frontier evidence; produced by the prior reliability suite
split_mnist__late40__mas__seed0,split_mnist,split_mnist,mas,mlp,symmetric,0.4,0,python run_reliability_suite.py (legacy MNIST corpus),results/reliability/runs/split_mnist__late40__mas__seed0.json,reused_legacy,,,MNIST sanity/frontier evidence; produced by the prior reliability suite
split_mnist__late40__mas__seed1,split_mnist,split_mnist,mas,mlp,symmetric,0.4,1,python run_reliability_suite.py (legacy MNIST corpus),results/reliability/runs/split_mnist__late40__mas__seed1.json,reused_legacy,,,MNIST sanity/frontier evidence; produced by the prior reliability suite
split_mnist__late40__mas__seed2,split_mnist,split_mnist,mas,mlp,symmetric,0.4,2,python run_reliability_suite.py (legacy MNIST corpus),results/reliability/runs/split_mnist__late40__mas__seed2.json,reused_legacy,,,MNIST sanity/frontier evidence; produced by the prior reliability suite
split_mnist__late40__replay__seed0,split_mnist,split_mnist,er,mlp,symmetric,0.4,0,python run_reliability_suite.py (legacy MNIST corpus),results/reliability/runs/split_mnist__late40__replay__seed0.json,reused_legacy,,,MNIST sanity/frontier evidence; produced by the prior reliability suite
split_mnist__late40__replay__seed1,split_mnist,split_mnist,er,mlp,symmetric,0.4,1,python run_reliability_suite.py (legacy MNIST corpus),results/reliability/runs/split_mnist__late40__replay__seed1.json,reused_legacy,,,MNIST sanity/frontier evidence; produced by the prior reliability suite
split_mnist__late40__replay__seed2,split_mnist,split_mnist,er,mlp,symmetric,0.4,2,python run_reliability_suite.py (legacy MNIST corpus),results/reliability/runs/split_mnist__late40__replay__seed2.json,reused_legacy,,,MNIST sanity/frontier evidence; produced by the prior reliability suite
split_mnist__late40__replay_conf__seed0,split_mnist,split_mnist,gate_conf,mlp,symmetric,0.4,0,python run_reliability_suite.py (legacy MNIST corpus),results/reliability/runs/split_mnist__late40__replay_conf__seed0.json,reused_legacy,,,MNIST sanity/frontier evidence; produced by the prior reliability suite
split_mnist__late40__replay_conf__seed1,split_mnist,split_mnist,gate_conf,mlp,symmetric,0.4,1,python run_reliability_suite.py (legacy MNIST corpus),results/reliability/runs/split_mnist__late40__replay_conf__seed1.json,reused_legacy,,,MNIST sanity/frontier evidence; produced by the prior reliability suite
split_mnist__late40__replay_conf__seed2,split_mnist,split_mnist,gate_conf,mlp,symmetric,0.4,2,python run_reliability_suite.py (legacy MNIST corpus),results/reliability/runs/split_mnist__late40__replay_conf__seed2.json,reused_legacy,,,MNIST sanity/frontier evidence; produced by the prior reliability suite
split_mnist__late40__replay_error__seed0,split_mnist,split_mnist,gate_loss,mlp,symmetric,0.4,0,python run_reliability_suite.py (legacy MNIST corpus),results/reliability/runs/split_mnist__late40__replay_error__seed0.json,reused_legacy,,,MNIST sanity/frontier evidence; produced by the prior reliability suite
split_mnist__late40__replay_error__seed1,split_mnist,split_mnist,gate_loss,mlp,symmetric,0.4,1,python run_reliability_suite.py (legacy MNIST corpus),results/reliability/runs/split_mnist__late40__replay_error__seed1.json,reused_legacy,,,MNIST sanity/frontier evidence; produced by the prior reliability suite
split_mnist__late40__replay_error__seed2,split_mnist,split_mnist,gate_loss,mlp,symmetric,0.4,2,python run_reliability_suite.py (legacy MNIST corpus),results/reliability/runs/split_mnist__late40__replay_error__seed2.json,reused_legacy,,,MNIST sanity/frontier evidence; produced by the prior reliability suite
split_mnist__late40__replay_repr__seed0,split_mnist,split_mnist,gate_reprstab,mlp,symmetric,0.4,0,python run_reliability_suite.py (legacy MNIST corpus),results/reliability/runs/split_mnist__late40__replay_repr__seed0.json,reused_legacy,,,MNIST sanity/frontier evidence; produced by the prior reliability suite
split_mnist__late40__replay_repr__seed1,split_mnist,split_mnist,gate_reprstab,mlp,symmetric,0.4,1,python run_reliability_suite.py (legacy MNIST corpus),results/reliability/runs/split_mnist__late40__replay_repr__seed1.json,reused_legacy,,,MNIST sanity/frontier evidence; produced by the prior reliability suite
split_mnist__late40__replay_repr__seed2,split_mnist,split_mnist,gate_reprstab,mlp,symmetric,0.4,2,python run_reliability_suite.py (legacy MNIST corpus),results/reliability/runs/split_mnist__late40__replay_repr__seed2.json,reused_legacy,,,MNIST sanity/frontier evidence; produced by the prior reliability suite
split_mnist__late40__replay_stab__seed0,split_mnist,split_mnist,gate_predstab,mlp,symmetric,0.4,0,python run_reliability_suite.py (legacy MNIST corpus),results/reliability/runs/split_mnist__late40__replay_stab__seed0.json,reused_legacy,,,MNIST sanity/frontier evidence; produced by the prior reliability suite
split_mnist__late40__replay_stab__seed1,split_mnist,split_mnist,gate_predstab,mlp,symmetric,0.4,1,python run_reliability_suite.py (legacy MNIST corpus),results/reliability/runs/split_mnist__late40__replay_stab__seed1.json,reused_legacy,,,MNIST sanity/frontier evidence; produced by the prior reliability suite
split_mnist__late40__replay_stab__seed2,split_mnist,split_mnist,gate_predstab,mlp,symmetric,0.4,2,python run_reliability_suite.py (legacy MNIST corpus),results/reliability/runs/split_mnist__late40__replay_stab__seed2.json,reused_legacy,,,MNIST sanity/frontier evidence; produced by the prior reliability suite
split_mnist__late40__si__seed0,split_mnist,split_mnist,si,mlp,symmetric,0.4,0,python run_reliability_suite.py (legacy MNIST corpus),results/reliability/runs/split_mnist__late40__si__seed0.json,reused_legacy,,,MNIST sanity/frontier evidence; produced by the prior reliability suite
split_mnist__late40__si__seed1,split_mnist,split_mnist,si,mlp,symmetric,0.4,1,python run_reliability_suite.py (legacy MNIST corpus),results/reliability/runs/split_mnist__late40__si__seed1.json,reused_legacy,,,MNIST sanity/frontier evidence; produced by the prior reliability suite
split_mnist__late40__si__seed2,split_mnist,split_mnist,si,mlp,symmetric,0.4,2,python run_reliability_suite.py (legacy MNIST corpus),results/reliability/runs/split_mnist__late40__si__seed2.json,reused_legacy,,,MNIST sanity/frontier evidence; produced by the prior reliability suite
split_mnist__mixed40__adam__seed0,split_mnist,split_mnist,adam,mlp,symmetric,0.4,0,python run_reliability_suite.py (legacy MNIST corpus),results/reliability/runs/split_mnist__mixed40__adam__seed0.json,reused_legacy,,,MNIST sanity/frontier evidence; produced by the prior reliability suite
split_mnist__mixed40__adam__seed1,split_mnist,split_mnist,adam,mlp,symmetric,0.4,1,python run_reliability_suite.py (legacy MNIST corpus),results/reliability/runs/split_mnist__mixed40__adam__seed1.json,reused_legacy,,,MNIST sanity/frontier evidence; produced by the prior reliability suite
split_mnist__mixed40__adam__seed2,split_mnist,split_mnist,adam,mlp,symmetric,0.4,2,python run_reliability_suite.py (legacy MNIST corpus),results/reliability/runs/split_mnist__mixed40__adam__seed2.json,reused_legacy,,,MNIST sanity/frontier evidence; produced by the prior reliability suite
split_mnist__mixed40__derpp__seed0,split_mnist,split_mnist,derpp,mlp,symmetric,0.4,0,python run_reliability_suite.py (legacy MNIST corpus),results/reliability/runs/split_mnist__mixed40__derpp__seed0.json,reused_legacy,,,MNIST sanity/frontier evidence; produced by the prior reliability suite
split_mnist__mixed40__derpp__seed1,split_mnist,split_mnist,derpp,mlp,symmetric,0.4,1,python run_reliability_suite.py (legacy MNIST corpus),results/reliability/runs/split_mnist__mixed40__derpp__seed1.json,reused_legacy,,,MNIST sanity/frontier evidence; produced by the prior reliability suite
split_mnist__mixed40__derpp__seed2,split_mnist,split_mnist,derpp,mlp,symmetric,0.4,2,python run_reliability_suite.py (legacy MNIST corpus),results/reliability/runs/split_mnist__mixed40__derpp__seed2.json,reused_legacy,,,MNIST sanity/frontier evidence; produced by the prior reliability suite
split_mnist__mixed40__ewc__seed0,split_mnist,split_mnist,ewc,mlp,symmetric,0.4,0,python run_reliability_suite.py (legacy MNIST corpus),results/reliability/runs/split_mnist__mixed40__ewc__seed0.json,reused_legacy,,,MNIST sanity/frontier evidence; produced by the prior reliability suite
split_mnist__mixed40__ewc__seed1,split_mnist,split_mnist,ewc,mlp,symmetric,0.4,1,python run_reliability_suite.py (legacy MNIST corpus),results/reliability/runs/split_mnist__mixed40__ewc__seed1.json,reused_legacy,,,MNIST sanity/frontier evidence; produced by the prior reliability suite
split_mnist__mixed40__ewc__seed2,split_mnist,split_mnist,ewc,mlp,symmetric,0.4,2,python run_reliability_suite.py (legacy MNIST corpus),results/reliability/runs/split_mnist__mixed40__ewc__seed2.json,reused_legacy,,,MNIST sanity/frontier evidence; produced by the prior reliability suite
split_mnist__mixed40__ewc_conf__seed0,split_mnist,split_mnist,ewc_conf,mlp,symmetric,0.4,0,python run_reliability_suite.py (legacy MNIST corpus),results/reliability/runs/split_mnist__mixed40__ewc_conf__seed0.json,reused_legacy,,,MNIST sanity/frontier evidence; produced by the prior reliability suite
split_mnist__mixed40__ewc_conf__seed1,split_mnist,split_mnist,ewc_conf,mlp,symmetric,0.4,1,python run_reliability_suite.py (legacy MNIST corpus),results/reliability/runs/split_mnist__mixed40__ewc_conf__seed1.json,reused_legacy,,,MNIST sanity/frontier evidence; produced by the prior reliability suite
split_mnist__mixed40__ewc_conf__seed2,split_mnist,split_mnist,ewc_conf,mlp,symmetric,0.4,2,python run_reliability_suite.py (legacy MNIST corpus),results/reliability/runs/split_mnist__mixed40__ewc_conf__seed2.json,reused_legacy,,,MNIST sanity/frontier evidence; produced by the prior reliability suite
split_mnist__mixed40__ewc_error__seed0,split_mnist,split_mnist,ewc_loss,mlp,symmetric,0.4,0,python run_reliability_suite.py (legacy MNIST corpus),results/reliability/runs/split_mnist__mixed40__ewc_error__seed0.json,reused_legacy,,,MNIST sanity/frontier evidence; produced by the prior reliability suite
split_mnist__mixed40__ewc_error__seed1,split_mnist,split_mnist,ewc_loss,mlp,symmetric,0.4,1,python run_reliability_suite.py (legacy MNIST corpus),results/reliability/runs/split_mnist__mixed40__ewc_error__seed1.json,reused_legacy,,,MNIST sanity/frontier evidence; produced by the prior reliability suite
split_mnist__mixed40__ewc_error__seed2,split_mnist,split_mnist,ewc_loss,mlp,symmetric,0.4,2,python run_reliability_suite.py (legacy MNIST corpus),results/reliability/runs/split_mnist__mixed40__ewc_error__seed2.json,reused_legacy,,,MNIST sanity/frontier evidence; produced by the prior reliability suite
split_mnist__mixed40__mas__seed0,split_mnist,split_mnist,mas,mlp,symmetric,0.4,0,python run_reliability_suite.py (legacy MNIST corpus),results/reliability/runs/split_mnist__mixed40__mas__seed0.json,reused_legacy,,,MNIST sanity/frontier evidence; produced by the prior reliability suite
split_mnist__mixed40__mas__seed1,split_mnist,split_mnist,mas,mlp,symmetric,0.4,1,python run_reliability_suite.py (legacy MNIST corpus),results/reliability/runs/split_mnist__mixed40__mas__seed1.json,reused_legacy,,,MNIST sanity/frontier evidence; produced by the prior reliability suite
split_mnist__mixed40__mas__seed2,split_mnist,split_mnist,mas,mlp,symmetric,0.4,2,python run_reliability_suite.py (legacy MNIST corpus),results/reliability/runs/split_mnist__mixed40__mas__seed2.json,reused_legacy,,,MNIST sanity/frontier evidence; produced by the prior reliability suite
split_mnist__mixed40__replay__seed0,split_mnist,split_mnist,er,mlp,symmetric,0.4,0,python run_reliability_suite.py (legacy MNIST corpus),results/reliability/runs/split_mnist__mixed40__replay__seed0.json,reused_legacy,,,MNIST sanity/frontier evidence; produced by the prior reliability suite
split_mnist__mixed40__replay__seed1,split_mnist,split_mnist,er,mlp,symmetric,0.4,1,python run_reliability_suite.py (legacy MNIST corpus),results/reliability/runs/split_mnist__mixed40__replay__seed1.json,reused_legacy,,,MNIST sanity/frontier evidence; produced by the prior reliability suite
split_mnist__mixed40__replay__seed2,split_mnist,split_mnist,er,mlp,symmetric,0.4,2,python run_reliability_suite.py (legacy MNIST corpus),results/reliability/runs/split_mnist__mixed40__replay__seed2.json,reused_legacy,,,MNIST sanity/frontier evidence; produced by the prior reliability suite
split_mnist__mixed40__replay_conf__seed0,split_mnist,split_mnist,gate_conf,mlp,symmetric,0.4,0,python run_reliability_suite.py (legacy MNIST corpus),results/reliability/runs/split_mnist__mixed40__replay_conf__seed0.json,reused_legacy,,,MNIST sanity/frontier evidence; produced by the prior reliability suite
split_mnist__mixed40__replay_conf__seed1,split_mnist,split_mnist,gate_conf,mlp,symmetric,0.4,1,python run_reliability_suite.py (legacy MNIST corpus),results/reliability/runs/split_mnist__mixed40__replay_conf__seed1.json,reused_legacy,,,MNIST sanity/frontier evidence; produced by the prior reliability suite
split_mnist__mixed40__replay_conf__seed2,split_mnist,split_mnist,gate_conf,mlp,symmetric,0.4,2,python run_reliability_suite.py (legacy MNIST corpus),results/reliability/runs/split_mnist__mixed40__replay_conf__seed2.json,reused_legacy,,,MNIST sanity/frontier evidence; produced by the prior reliability suite
split_mnist__mixed40__replay_error__seed0,split_mnist,split_mnist,gate_loss,mlp,symmetric,0.4,0,python run_reliability_suite.py (legacy MNIST corpus),results/reliability/runs/split_mnist__mixed40__replay_error__seed0.json,reused_legacy,,,MNIST sanity/frontier evidence; produced by the prior reliability suite
split_mnist__mixed40__replay_error__seed1,split_mnist,split_mnist,gate_loss,mlp,symmetric,0.4,1,python run_reliability_suite.py (legacy MNIST corpus),results/reliability/runs/split_mnist__mixed40__replay_error__seed1.json,reused_legacy,,,MNIST sanity/frontier evidence; produced by the prior reliability suite
split_mnist__mixed40__replay_error__seed2,split_mnist,split_mnist,gate_loss,mlp,symmetric,0.4,2,python run_reliability_suite.py (legacy MNIST corpus),results/reliability/runs/split_mnist__mixed40__replay_error__seed2.json,reused_legacy,,,MNIST sanity/frontier evidence; produced by the prior reliability suite
split_mnist__mixed40__replay_repr__seed0,split_mnist,split_mnist,gate_reprstab,mlp,symmetric,0.4,0,python run_reliability_suite.py (legacy MNIST corpus),results/reliability/runs/split_mnist__mixed40__replay_repr__seed0.json,reused_legacy,,,MNIST sanity/frontier evidence; produced by the prior reliability suite
split_mnist__mixed40__replay_repr__seed1,split_mnist,split_mnist,gate_reprstab,mlp,symmetric,0.4,1,python run_reliability_suite.py (legacy MNIST corpus),results/reliability/runs/split_mnist__mixed40__replay_repr__seed1.json,reused_legacy,,,MNIST sanity/frontier evidence; produced by the prior reliability suite
split_mnist__mixed40__replay_repr__seed2,split_mnist,split_mnist,gate_reprstab,mlp,symmetric,0.4,2,python run_reliability_suite.py (legacy MNIST corpus),results/reliability/runs/split_mnist__mixed40__replay_repr__seed2.json,reused_legacy,,,MNIST sanity/frontier evidence; produced by the prior reliability suite
split_mnist__mixed40__replay_stab__seed0,split_mnist,split_mnist,gate_predstab,mlp,symmetric,0.4,0,python run_reliability_suite.py (legacy MNIST corpus),results/reliability/runs/split_mnist__mixed40__replay_stab__seed0.json,reused_legacy,,,MNIST sanity/frontier evidence; produced by the prior reliability suite
split_mnist__mixed40__replay_stab__seed1,split_mnist,split_mnist,gate_predstab,mlp,symmetric,0.4,1,python run_reliability_suite.py (legacy MNIST corpus),results/reliability/runs/split_mnist__mixed40__replay_stab__seed1.json,reused_legacy,,,MNIST sanity/frontier evidence; produced by the prior reliability suite
split_mnist__mixed40__replay_stab__seed2,split_mnist,split_mnist,gate_predstab,mlp,symmetric,0.4,2,python run_reliability_suite.py (legacy MNIST corpus),results/reliability/runs/split_mnist__mixed40__replay_stab__seed2.json,reused_legacy,,,MNIST sanity/frontier evidence; produced by the prior reliability suite
split_mnist__mixed40__si__seed0,split_mnist,split_mnist,si,mlp,symmetric,0.4,0,python run_reliability_suite.py (legacy MNIST corpus),results/reliability/runs/split_mnist__mixed40__si__seed0.json,reused_legacy,,,MNIST sanity/frontier evidence; produced by the prior reliability suite
split_mnist__mixed40__si__seed1,split_mnist,split_mnist,si,mlp,symmetric,0.4,1,python run_reliability_suite.py (legacy MNIST corpus),results/reliability/runs/split_mnist__mixed40__si__seed1.json,reused_legacy,,,MNIST sanity/frontier evidence; produced by the prior reliability suite
split_mnist__mixed40__si__seed2,split_mnist,split_mnist,si,mlp,symmetric,0.4,2,python run_reliability_suite.py (legacy MNIST corpus),results/reliability/runs/split_mnist__mixed40__si__seed2.json,reused_legacy,,,MNIST sanity/frontier evidence; produced by the prior reliability suite
split_mnist__rate00__adam__seed0,split_mnist,split_mnist,adam,mlp,symmetric,0.0,0,python run_reliability_suite.py (legacy MNIST corpus),results/reliability/runs/split_mnist__rate00__adam__seed0.json,reused_legacy,,,MNIST sanity/frontier evidence; produced by the prior reliability suite
split_mnist__rate00__adam__seed1,split_mnist,split_mnist,adam,mlp,symmetric,0.0,1,python run_reliability_suite.py (legacy MNIST corpus),results/reliability/runs/split_mnist__rate00__adam__seed1.json,reused_legacy,,,MNIST sanity/frontier evidence; produced by the prior reliability suite
split_mnist__rate00__adam__seed2,split_mnist,split_mnist,adam,mlp,symmetric,0.0,2,python run_reliability_suite.py (legacy MNIST corpus),results/reliability/runs/split_mnist__rate00__adam__seed2.json,reused_legacy,,,MNIST sanity/frontier evidence; produced by the prior reliability suite
split_mnist__rate00__derpp__seed0,split_mnist,split_mnist,derpp,mlp,symmetric,0.0,0,python run_reliability_suite.py (legacy MNIST corpus),results/reliability/runs/split_mnist__rate00__derpp__seed0.json,reused_legacy,,,MNIST sanity/frontier evidence; produced by the prior reliability suite
split_mnist__rate00__derpp__seed1,split_mnist,split_mnist,derpp,mlp,symmetric,0.0,1,python run_reliability_suite.py (legacy MNIST corpus),results/reliability/runs/split_mnist__rate00__derpp__seed1.json,reused_legacy,,,MNIST sanity/frontier evidence; produced by the prior reliability suite
split_mnist__rate00__derpp__seed2,split_mnist,split_mnist,derpp,mlp,symmetric,0.0,2,python run_reliability_suite.py (legacy MNIST corpus),results/reliability/runs/split_mnist__rate00__derpp__seed2.json,reused_legacy,,,MNIST sanity/frontier evidence; produced by the prior reliability suite
split_mnist__rate00__ewc__seed0,split_mnist,split_mnist,ewc,mlp,symmetric,0.0,0,python run_reliability_suite.py (legacy MNIST corpus),results/reliability/runs/split_mnist__rate00__ewc__seed0.json,reused_legacy,,,MNIST sanity/frontier evidence; produced by the prior reliability suite
split_mnist__rate00__ewc__seed1,split_mnist,split_mnist,ewc,mlp,symmetric,0.0,1,python run_reliability_suite.py (legacy MNIST corpus),results/reliability/runs/split_mnist__rate00__ewc__seed1.json,reused_legacy,,,MNIST sanity/frontier evidence; produced by the prior reliability suite
split_mnist__rate00__ewc__seed2,split_mnist,split_mnist,ewc,mlp,symmetric,0.0,2,python run_reliability_suite.py (legacy MNIST corpus),results/reliability/runs/split_mnist__rate00__ewc__seed2.json,reused_legacy,,,MNIST sanity/frontier evidence; produced by the prior reliability suite
split_mnist__rate00__ewc_conf__seed0,split_mnist,split_mnist,ewc_conf,mlp,symmetric,0.0,0,python run_reliability_suite.py (legacy MNIST corpus),results/reliability/runs/split_mnist__rate00__ewc_conf__seed0.json,reused_legacy,,,MNIST sanity/frontier evidence; produced by the prior reliability suite
split_mnist__rate00__ewc_conf__seed1,split_mnist,split_mnist,ewc_conf,mlp,symmetric,0.0,1,python run_reliability_suite.py (legacy MNIST corpus),results/reliability/runs/split_mnist__rate00__ewc_conf__seed1.json,reused_legacy,,,MNIST sanity/frontier evidence; produced by the prior reliability suite
split_mnist__rate00__ewc_conf__seed2,split_mnist,split_mnist,ewc_conf,mlp,symmetric,0.0,2,python run_reliability_suite.py (legacy MNIST corpus),results/reliability/runs/split_mnist__rate00__ewc_conf__seed2.json,reused_legacy,,,MNIST sanity/frontier evidence; produced by the prior reliability suite
split_mnist__rate00__ewc_error__seed0,split_mnist,split_mnist,ewc_loss,mlp,symmetric,0.0,0,python run_reliability_suite.py (legacy MNIST corpus),results/reliability/runs/split_mnist__rate00__ewc_error__seed0.json,reused_legacy,,,MNIST sanity/frontier evidence; produced by the prior reliability suite
split_mnist__rate00__ewc_error__seed1,split_mnist,split_mnist,ewc_loss,mlp,symmetric,0.0,1,python run_reliability_suite.py (legacy MNIST corpus),results/reliability/runs/split_mnist__rate00__ewc_error__seed1.json,reused_legacy,,,MNIST sanity/frontier evidence; produced by the prior reliability suite
split_mnist__rate00__ewc_error__seed2,split_mnist,split_mnist,ewc_loss,mlp,symmetric,0.0,2,python run_reliability_suite.py (legacy MNIST corpus),results/reliability/runs/split_mnist__rate00__ewc_error__seed2.json,reused_legacy,,,MNIST sanity/frontier evidence; produced by the prior reliability suite
split_mnist__rate00__mas__seed0,split_mnist,split_mnist,mas,mlp,symmetric,0.0,0,python run_reliability_suite.py (legacy MNIST corpus),results/reliability/runs/split_mnist__rate00__mas__seed0.json,reused_legacy,,,MNIST sanity/frontier evidence; produced by the prior reliability suite
split_mnist__rate00__mas__seed1,split_mnist,split_mnist,mas,mlp,symmetric,0.0,1,python run_reliability_suite.py (legacy MNIST corpus),results/reliability/runs/split_mnist__rate00__mas__seed1.json,reused_legacy,,,MNIST sanity/frontier evidence; produced by the prior reliability suite
split_mnist__rate00__mas__seed2,split_mnist,split_mnist,mas,mlp,symmetric,0.0,2,python run_reliability_suite.py (legacy MNIST corpus),results/reliability/runs/split_mnist__rate00__mas__seed2.json,reused_legacy,,,MNIST sanity/frontier evidence; produced by the prior reliability suite
split_mnist__rate00__replay__seed0,split_mnist,split_mnist,er,mlp,symmetric,0.0,0,python run_reliability_suite.py (legacy MNIST corpus),results/reliability/runs/split_mnist__rate00__replay__seed0.json,reused_legacy,,,MNIST sanity/frontier evidence; produced by the prior reliability suite
split_mnist__rate00__replay__seed1,split_mnist,split_mnist,er,mlp,symmetric,0.0,1,python run_reliability_suite.py (legacy MNIST corpus),results/reliability/runs/split_mnist__rate00__replay__seed1.json,reused_legacy,,,MNIST sanity/frontier evidence; produced by the prior reliability suite
split_mnist__rate00__replay__seed2,split_mnist,split_mnist,er,mlp,symmetric,0.0,2,python run_reliability_suite.py (legacy MNIST corpus),results/reliability/runs/split_mnist__rate00__replay__seed2.json,reused_legacy,,,MNIST sanity/frontier evidence; produced by the prior reliability suite
split_mnist__rate00__replay_conf__seed0,split_mnist,split_mnist,gate_conf,mlp,symmetric,0.0,0,python run_reliability_suite.py (legacy MNIST corpus),results/reliability/runs/split_mnist__rate00__replay_conf__seed0.json,reused_legacy,,,MNIST sanity/frontier evidence; produced by the prior reliability suite
split_mnist__rate00__replay_conf__seed1,split_mnist,split_mnist,gate_conf,mlp,symmetric,0.0,1,python run_reliability_suite.py (legacy MNIST corpus),results/reliability/runs/split_mnist__rate00__replay_conf__seed1.json,reused_legacy,,,MNIST sanity/frontier evidence; produced by the prior reliability suite
split_mnist__rate00__replay_conf__seed2,split_mnist,split_mnist,gate_conf,mlp,symmetric,0.0,2,python run_reliability_suite.py (legacy MNIST corpus),results/reliability/runs/split_mnist__rate00__replay_conf__seed2.json,reused_legacy,,,MNIST sanity/frontier evidence; produced by the prior reliability suite
split_mnist__rate00__replay_error__seed0,split_mnist,split_mnist,gate_loss,mlp,symmetric,0.0,0,python run_reliability_suite.py (legacy MNIST corpus),results/reliability/runs/split_mnist__rate00__replay_error__seed0.json,reused_legacy,,,MNIST sanity/frontier evidence; produced by the prior reliability suite
split_mnist__rate00__replay_error__seed1,split_mnist,split_mnist,gate_loss,mlp,symmetric,0.0,1,python run_reliability_suite.py (legacy MNIST corpus),results/reliability/runs/split_mnist__rate00__replay_error__seed1.json,reused_legacy,,,MNIST sanity/frontier evidence; produced by the prior reliability suite
split_mnist__rate00__replay_error__seed2,split_mnist,split_mnist,gate_loss,mlp,symmetric,0.0,2,python run_reliability_suite.py (legacy MNIST corpus),results/reliability/runs/split_mnist__rate00__replay_error__seed2.json,reused_legacy,,,MNIST sanity/frontier evidence; produced by the prior reliability suite
split_mnist__rate00__replay_repr__seed0,split_mnist,split_mnist,gate_reprstab,mlp,symmetric,0.0,0,python run_reliability_suite.py (legacy MNIST corpus),results/reliability/runs/split_mnist__rate00__replay_repr__seed0.json,reused_legacy,,,MNIST sanity/frontier evidence; produced by the prior reliability suite
split_mnist__rate00__replay_repr__seed1,split_mnist,split_mnist,gate_reprstab,mlp,symmetric,0.0,1,python run_reliability_suite.py (legacy MNIST corpus),results/reliability/runs/split_mnist__rate00__replay_repr__seed1.json,reused_legacy,,,MNIST sanity/frontier evidence; produced by the prior reliability suite
split_mnist__rate00__replay_repr__seed2,split_mnist,split_mnist,gate_reprstab,mlp,symmetric,0.0,2,python run_reliability_suite.py (legacy MNIST corpus),results/reliability/runs/split_mnist__rate00__replay_repr__seed2.json,reused_legacy,,,MNIST sanity/frontier evidence; produced by the prior reliability suite
split_mnist__rate00__replay_stab__seed0,split_mnist,split_mnist,gate_predstab,mlp,symmetric,0.0,0,python run_reliability_suite.py (legacy MNIST corpus),results/reliability/runs/split_mnist__rate00__replay_stab__seed0.json,reused_legacy,,,MNIST sanity/frontier evidence; produced by the prior reliability suite
split_mnist__rate00__replay_stab__seed1,split_mnist,split_mnist,gate_predstab,mlp,symmetric,0.0,1,python run_reliability_suite.py (legacy MNIST corpus),results/reliability/runs/split_mnist__rate00__replay_stab__seed1.json,reused_legacy,,,MNIST sanity/frontier evidence; produced by the prior reliability suite
split_mnist__rate00__replay_stab__seed2,split_mnist,split_mnist,gate_predstab,mlp,symmetric,0.0,2,python run_reliability_suite.py (legacy MNIST corpus),results/reliability/runs/split_mnist__rate00__replay_stab__seed2.json,reused_legacy,,,MNIST sanity/frontier evidence; produced by the prior reliability suite
split_mnist__rate00__si__seed0,split_mnist,split_mnist,si,mlp,symmetric,0.0,0,python run_reliability_suite.py (legacy MNIST corpus),results/reliability/runs/split_mnist__rate00__si__seed0.json,reused_legacy,,,MNIST sanity/frontier evidence; produced by the prior reliability suite
split_mnist__rate00__si__seed1,split_mnist,split_mnist,si,mlp,symmetric,0.0,1,python run_reliability_suite.py (legacy MNIST corpus),results/reliability/runs/split_mnist__rate00__si__seed1.json,reused_legacy,,,MNIST sanity/frontier evidence; produced by the prior reliability suite
split_mnist__rate00__si__seed2,split_mnist,split_mnist,si,mlp,symmetric,0.0,2,python run_reliability_suite.py (legacy MNIST corpus),results/reliability/runs/split_mnist__rate00__si__seed2.json,reused_legacy,,,MNIST sanity/frontier evidence; produced by the prior reliability suite
split_mnist__rate20__adam__seed0,split_mnist,split_mnist,adam,mlp,symmetric,0.2,0,python run_reliability_suite.py (legacy MNIST corpus),results/reliability/runs/split_mnist__rate20__adam__seed0.json,reused_legacy,,,MNIST sanity/frontier evidence; produced by the prior reliability suite
split_mnist__rate20__adam__seed1,split_mnist,split_mnist,adam,mlp,symmetric,0.2,1,python run_reliability_suite.py (legacy MNIST corpus),results/reliability/runs/split_mnist__rate20__adam__seed1.json,reused_legacy,,,MNIST sanity/frontier evidence; produced by the prior reliability suite
split_mnist__rate20__adam__seed2,split_mnist,split_mnist,adam,mlp,symmetric,0.2,2,python run_reliability_suite.py (legacy MNIST corpus),results/reliability/runs/split_mnist__rate20__adam__seed2.json,reused_legacy,,,MNIST sanity/frontier evidence; produced by the prior reliability suite
split_mnist__rate20__derpp__seed0,split_mnist,split_mnist,derpp,mlp,symmetric,0.2,0,python run_reliability_suite.py (legacy MNIST corpus),results/reliability/runs/split_mnist__rate20__derpp__seed0.json,reused_legacy,,,MNIST sanity/frontier evidence; produced by the prior reliability suite
split_mnist__rate20__derpp__seed1,split_mnist,split_mnist,derpp,mlp,symmetric,0.2,1,python run_reliability_suite.py (legacy MNIST corpus),results/reliability/runs/split_mnist__rate20__derpp__seed1.json,reused_legacy,,,MNIST sanity/frontier evidence; produced by the prior reliability suite
split_mnist__rate20__derpp__seed2,split_mnist,split_mnist,derpp,mlp,symmetric,0.2,2,python run_reliability_suite.py (legacy MNIST corpus),results/reliability/runs/split_mnist__rate20__derpp__seed2.json,reused_legacy,,,MNIST sanity/frontier evidence; produced by the prior reliability suite
split_mnist__rate20__ewc__seed0,split_mnist,split_mnist,ewc,mlp,symmetric,0.2,0,python run_reliability_suite.py (legacy MNIST corpus),results/reliability/runs/split_mnist__rate20__ewc__seed0.json,reused_legacy,,,MNIST sanity/frontier evidence; produced by the prior reliability suite
split_mnist__rate20__ewc__seed1,split_mnist,split_mnist,ewc,mlp,symmetric,0.2,1,python run_reliability_suite.py (legacy MNIST corpus),results/reliability/runs/split_mnist__rate20__ewc__seed1.json,reused_legacy,,,MNIST sanity/frontier evidence; produced by the prior reliability suite
split_mnist__rate20__ewc__seed2,split_mnist,split_mnist,ewc,mlp,symmetric,0.2,2,python run_reliability_suite.py (legacy MNIST corpus),results/reliability/runs/split_mnist__rate20__ewc__seed2.json,reused_legacy,,,MNIST sanity/frontier evidence; produced by the prior reliability suite
split_mnist__rate20__ewc_conf__seed0,split_mnist,split_mnist,ewc_conf,mlp,symmetric,0.2,0,python run_reliability_suite.py (legacy MNIST corpus),results/reliability/runs/split_mnist__rate20__ewc_conf__seed0.json,reused_legacy,,,MNIST sanity/frontier evidence; produced by the prior reliability suite
split_mnist__rate20__ewc_conf__seed1,split_mnist,split_mnist,ewc_conf,mlp,symmetric,0.2,1,python run_reliability_suite.py (legacy MNIST corpus),results/reliability/runs/split_mnist__rate20__ewc_conf__seed1.json,reused_legacy,,,MNIST sanity/frontier evidence; produced by the prior reliability suite
split_mnist__rate20__ewc_conf__seed2,split_mnist,split_mnist,ewc_conf,mlp,symmetric,0.2,2,python run_reliability_suite.py (legacy MNIST corpus),results/reliability/runs/split_mnist__rate20__ewc_conf__seed2.json,reused_legacy,,,MNIST sanity/frontier evidence; produced by the prior reliability suite
split_mnist__rate20__ewc_error__seed0,split_mnist,split_mnist,ewc_loss,mlp,symmetric,0.2,0,python run_reliability_suite.py (legacy MNIST corpus),results/reliability/runs/split_mnist__rate20__ewc_error__seed0.json,reused_legacy,,,MNIST sanity/frontier evidence; produced by the prior reliability suite
split_mnist__rate20__ewc_error__seed1,split_mnist,split_mnist,ewc_loss,mlp,symmetric,0.2,1,python run_reliability_suite.py (legacy MNIST corpus),results/reliability/runs/split_mnist__rate20__ewc_error__seed1.json,reused_legacy,,,MNIST sanity/frontier evidence; produced by the prior reliability suite
split_mnist__rate20__ewc_error__seed2,split_mnist,split_mnist,ewc_loss,mlp,symmetric,0.2,2,python run_reliability_suite.py (legacy MNIST corpus),results/reliability/runs/split_mnist__rate20__ewc_error__seed2.json,reused_legacy,,,MNIST sanity/frontier evidence; produced by the prior reliability suite
split_mnist__rate20__mas__seed0,split_mnist,split_mnist,mas,mlp,symmetric,0.2,0,python run_reliability_suite.py (legacy MNIST corpus),results/reliability/runs/split_mnist__rate20__mas__seed0.json,reused_legacy,,,MNIST sanity/frontier evidence; produced by the prior reliability suite
split_mnist__rate20__mas__seed1,split_mnist,split_mnist,mas,mlp,symmetric,0.2,1,python run_reliability_suite.py (legacy MNIST corpus),results/reliability/runs/split_mnist__rate20__mas__seed1.json,reused_legacy,,,MNIST sanity/frontier evidence; produced by the prior reliability suite
split_mnist__rate20__mas__seed2,split_mnist,split_mnist,mas,mlp,symmetric,0.2,2,python run_reliability_suite.py (legacy MNIST corpus),results/reliability/runs/split_mnist__rate20__mas__seed2.json,reused_legacy,,,MNIST sanity/frontier evidence; produced by the prior reliability suite
split_mnist__rate20__replay__seed0,split_mnist,split_mnist,er,mlp,symmetric,0.2,0,python run_reliability_suite.py (legacy MNIST corpus),results/reliability/runs/split_mnist__rate20__replay__seed0.json,reused_legacy,,,MNIST sanity/frontier evidence; produced by the prior reliability suite
split_mnist__rate20__replay__seed1,split_mnist,split_mnist,er,mlp,symmetric,0.2,1,python run_reliability_suite.py (legacy MNIST corpus),results/reliability/runs/split_mnist__rate20__replay__seed1.json,reused_legacy,,,MNIST sanity/frontier evidence; produced by the prior reliability suite
split_mnist__rate20__replay__seed2,split_mnist,split_mnist,er,mlp,symmetric,0.2,2,python run_reliability_suite.py (legacy MNIST corpus),results/reliability/runs/split_mnist__rate20__replay__seed2.json,reused_legacy,,,MNIST sanity/frontier evidence; produced by the prior reliability suite
split_mnist__rate20__replay_conf__seed0,split_mnist,split_mnist,gate_conf,mlp,symmetric,0.2,0,python run_reliability_suite.py (legacy MNIST corpus),results/reliability/runs/split_mnist__rate20__replay_conf__seed0.json,reused_legacy,,,MNIST sanity/frontier evidence; produced by the prior reliability suite
split_mnist__rate20__replay_conf__seed1,split_mnist,split_mnist,gate_conf,mlp,symmetric,0.2,1,python run_reliability_suite.py (legacy MNIST corpus),results/reliability/runs/split_mnist__rate20__replay_conf__seed1.json,reused_legacy,,,MNIST sanity/frontier evidence; produced by the prior reliability suite
split_mnist__rate20__replay_conf__seed2,split_mnist,split_mnist,gate_conf,mlp,symmetric,0.2,2,python run_reliability_suite.py (legacy MNIST corpus),results/reliability/runs/split_mnist__rate20__replay_conf__seed2.json,reused_legacy,,,MNIST sanity/frontier evidence; produced by the prior reliability suite
split_mnist__rate20__replay_error__seed0,split_mnist,split_mnist,gate_loss,mlp,symmetric,0.2,0,python run_reliability_suite.py (legacy MNIST corpus),results/reliability/runs/split_mnist__rate20__replay_error__seed0.json,reused_legacy,,,MNIST sanity/frontier evidence; produced by the prior reliability suite
split_mnist__rate20__replay_error__seed1,split_mnist,split_mnist,gate_loss,mlp,symmetric,0.2,1,python run_reliability_suite.py (legacy MNIST corpus),results/reliability/runs/split_mnist__rate20__replay_error__seed1.json,reused_legacy,,,MNIST sanity/frontier evidence; produced by the prior reliability suite
split_mnist__rate20__replay_error__seed2,split_mnist,split_mnist,gate_loss,mlp,symmetric,0.2,2,python run_reliability_suite.py (legacy MNIST corpus),results/reliability/runs/split_mnist__rate20__replay_error__seed2.json,reused_legacy,,,MNIST sanity/frontier evidence; produced by the prior reliability suite
split_mnist__rate20__replay_repr__seed0,split_mnist,split_mnist,gate_reprstab,mlp,symmetric,0.2,0,python run_reliability_suite.py (legacy MNIST corpus),results/reliability/runs/split_mnist__rate20__replay_repr__seed0.json,reused_legacy,,,MNIST sanity/frontier evidence; produced by the prior reliability suite
split_mnist__rate20__replay_repr__seed1,split_mnist,split_mnist,gate_reprstab,mlp,symmetric,0.2,1,python run_reliability_suite.py (legacy MNIST corpus),results/reliability/runs/split_mnist__rate20__replay_repr__seed1.json,reused_legacy,,,MNIST sanity/frontier evidence; produced by the prior reliability suite
split_mnist__rate20__replay_repr__seed2,split_mnist,split_mnist,gate_reprstab,mlp,symmetric,0.2,2,python run_reliability_suite.py (legacy MNIST corpus),results/reliability/runs/split_mnist__rate20__replay_repr__seed2.json,reused_legacy,,,MNIST sanity/frontier evidence; produced by the prior reliability suite
split_mnist__rate20__replay_stab__seed0,split_mnist,split_mnist,gate_predstab,mlp,symmetric,0.2,0,python run_reliability_suite.py (legacy MNIST corpus),results/reliability/runs/split_mnist__rate20__replay_stab__seed0.json,reused_legacy,,,MNIST sanity/frontier evidence; produced by the prior reliability suite
split_mnist__rate20__replay_stab__seed1,split_mnist,split_mnist,gate_predstab,mlp,symmetric,0.2,1,python run_reliability_suite.py (legacy MNIST corpus),results/reliability/runs/split_mnist__rate20__replay_stab__seed1.json,reused_legacy,,,MNIST sanity/frontier evidence; produced by the prior reliability suite
split_mnist__rate20__replay_stab__seed2,split_mnist,split_mnist,gate_predstab,mlp,symmetric,0.2,2,python run_reliability_suite.py (legacy MNIST corpus),results/reliability/runs/split_mnist__rate20__replay_stab__seed2.json,reused_legacy,,,MNIST sanity/frontier evidence; produced by the prior reliability suite
split_mnist__rate20__si__seed0,split_mnist,split_mnist,si,mlp,symmetric,0.2,0,python run_reliability_suite.py (legacy MNIST corpus),results/reliability/runs/split_mnist__rate20__si__seed0.json,reused_legacy,,,MNIST sanity/frontier evidence; produced by the prior reliability suite
split_mnist__rate20__si__seed1,split_mnist,split_mnist,si,mlp,symmetric,0.2,1,python run_reliability_suite.py (legacy MNIST corpus),results/reliability/runs/split_mnist__rate20__si__seed1.json,reused_legacy,,,MNIST sanity/frontier evidence; produced by the prior reliability suite
split_mnist__rate20__si__seed2,split_mnist,split_mnist,si,mlp,symmetric,0.2,2,python run_reliability_suite.py (legacy MNIST corpus),results/reliability/runs/split_mnist__rate20__si__seed2.json,reused_legacy,,,MNIST sanity/frontier evidence; produced by the prior reliability suite
split_mnist__rate40__adam__seed0,split_mnist,split_mnist,adam,mlp,symmetric,0.4,0,python run_reliability_suite.py (legacy MNIST corpus),results/reliability/runs/split_mnist__rate40__adam__seed0.json,reused_legacy,,,MNIST sanity/frontier evidence; produced by the prior reliability suite
split_mnist__rate40__adam__seed1,split_mnist,split_mnist,adam,mlp,symmetric,0.4,1,python run_reliability_suite.py (legacy MNIST corpus),results/reliability/runs/split_mnist__rate40__adam__seed1.json,reused_legacy,,,MNIST sanity/frontier evidence; produced by the prior reliability suite
split_mnist__rate40__adam__seed2,split_mnist,split_mnist,adam,mlp,symmetric,0.4,2,python run_reliability_suite.py (legacy MNIST corpus),results/reliability/runs/split_mnist__rate40__adam__seed2.json,reused_legacy,,,MNIST sanity/frontier evidence; produced by the prior reliability suite
split_mnist__rate40__derpp__seed0,split_mnist,split_mnist,derpp,mlp,symmetric,0.4,0,python run_reliability_suite.py (legacy MNIST corpus),results/reliability/runs/split_mnist__rate40__derpp__seed0.json,reused_legacy,,,MNIST sanity/frontier evidence; produced by the prior reliability suite
split_mnist__rate40__derpp__seed1,split_mnist,split_mnist,derpp,mlp,symmetric,0.4,1,python run_reliability_suite.py (legacy MNIST corpus),results/reliability/runs/split_mnist__rate40__derpp__seed1.json,reused_legacy,,,MNIST sanity/frontier evidence; produced by the prior reliability suite
split_mnist__rate40__derpp__seed2,split_mnist,split_mnist,derpp,mlp,symmetric,0.4,2,python run_reliability_suite.py (legacy MNIST corpus),results/reliability/runs/split_mnist__rate40__derpp__seed2.json,reused_legacy,,,MNIST sanity/frontier evidence; produced by the prior reliability suite
split_mnist__rate40__ewc__seed0,split_mnist,split_mnist,ewc,mlp,symmetric,0.4,0,python run_reliability_suite.py (legacy MNIST corpus),results/reliability/runs/split_mnist__rate40__ewc__seed0.json,reused_legacy,,,MNIST sanity/frontier evidence; produced by the prior reliability suite
split_mnist__rate40__ewc__seed1,split_mnist,split_mnist,ewc,mlp,symmetric,0.4,1,python run_reliability_suite.py (legacy MNIST corpus),results/reliability/runs/split_mnist__rate40__ewc__seed1.json,reused_legacy,,,MNIST sanity/frontier evidence; produced by the prior reliability suite
split_mnist__rate40__ewc__seed2,split_mnist,split_mnist,ewc,mlp,symmetric,0.4,2,python run_reliability_suite.py (legacy MNIST corpus),results/reliability/runs/split_mnist__rate40__ewc__seed2.json,reused_legacy,,,MNIST sanity/frontier evidence; produced by the prior reliability suite
split_mnist__rate40__ewc_conf__seed0,split_mnist,split_mnist,ewc_conf,mlp,symmetric,0.4,0,python run_reliability_suite.py (legacy MNIST corpus),results/reliability/runs/split_mnist__rate40__ewc_conf__seed0.json,reused_legacy,,,MNIST sanity/frontier evidence; produced by the prior reliability suite
split_mnist__rate40__ewc_conf__seed1,split_mnist,split_mnist,ewc_conf,mlp,symmetric,0.4,1,python run_reliability_suite.py (legacy MNIST corpus),results/reliability/runs/split_mnist__rate40__ewc_conf__seed1.json,reused_legacy,,,MNIST sanity/frontier evidence; produced by the prior reliability suite
split_mnist__rate40__ewc_conf__seed2,split_mnist,split_mnist,ewc_conf,mlp,symmetric,0.4,2,python run_reliability_suite.py (legacy MNIST corpus),results/reliability/runs/split_mnist__rate40__ewc_conf__seed2.json,reused_legacy,,,MNIST sanity/frontier evidence; produced by the prior reliability suite
split_mnist__rate40__ewc_error__seed0,split_mnist,split_mnist,ewc_loss,mlp,symmetric,0.4,0,python run_reliability_suite.py (legacy MNIST corpus),results/reliability/runs/split_mnist__rate40__ewc_error__seed0.json,reused_legacy,,,MNIST sanity/frontier evidence; produced by the prior reliability suite
split_mnist__rate40__ewc_error__seed1,split_mnist,split_mnist,ewc_loss,mlp,symmetric,0.4,1,python run_reliability_suite.py (legacy MNIST corpus),results/reliability/runs/split_mnist__rate40__ewc_error__seed1.json,reused_legacy,,,MNIST sanity/frontier evidence; produced by the prior reliability suite
split_mnist__rate40__ewc_error__seed2,split_mnist,split_mnist,ewc_loss,mlp,symmetric,0.4,2,python run_reliability_suite.py (legacy MNIST corpus),results/reliability/runs/split_mnist__rate40__ewc_error__seed2.json,reused_legacy,,,MNIST sanity/frontier evidence; produced by the prior reliability suite
split_mnist__rate40__mas__seed0,split_mnist,split_mnist,mas,mlp,symmetric,0.4,0,python run_reliability_suite.py (legacy MNIST corpus),results/reliability/runs/split_mnist__rate40__mas__seed0.json,reused_legacy,,,MNIST sanity/frontier evidence; produced by the prior reliability suite
split_mnist__rate40__mas__seed1,split_mnist,split_mnist,mas,mlp,symmetric,0.4,1,python run_reliability_suite.py (legacy MNIST corpus),results/reliability/runs/split_mnist__rate40__mas__seed1.json,reused_legacy,,,MNIST sanity/frontier evidence; produced by the prior reliability suite
split_mnist__rate40__mas__seed2,split_mnist,split_mnist,mas,mlp,symmetric,0.4,2,python run_reliability_suite.py (legacy MNIST corpus),results/reliability/runs/split_mnist__rate40__mas__seed2.json,reused_legacy,,,MNIST sanity/frontier evidence; produced by the prior reliability suite
split_mnist__rate40__replay__seed0,split_mnist,split_mnist,er,mlp,symmetric,0.4,0,python run_reliability_suite.py (legacy MNIST corpus),results/reliability/runs/split_mnist__rate40__replay__seed0.json,reused_legacy,,,MNIST sanity/frontier evidence; produced by the prior reliability suite
split_mnist__rate40__replay__seed1,split_mnist,split_mnist,er,mlp,symmetric,0.4,1,python run_reliability_suite.py (legacy MNIST corpus),results/reliability/runs/split_mnist__rate40__replay__seed1.json,reused_legacy,,,MNIST sanity/frontier evidence; produced by the prior reliability suite
split_mnist__rate40__replay__seed2,split_mnist,split_mnist,er,mlp,symmetric,0.4,2,python run_reliability_suite.py (legacy MNIST corpus),results/reliability/runs/split_mnist__rate40__replay__seed2.json,reused_legacy,,,MNIST sanity/frontier evidence; produced by the prior reliability suite
split_mnist__rate40__replay_conf__seed0,split_mnist,split_mnist,gate_conf,mlp,symmetric,0.4,0,python run_reliability_suite.py (legacy MNIST corpus),results/reliability/runs/split_mnist__rate40__replay_conf__seed0.json,reused_legacy,,,MNIST sanity/frontier evidence; produced by the prior reliability suite
split_mnist__rate40__replay_conf__seed1,split_mnist,split_mnist,gate_conf,mlp,symmetric,0.4,1,python run_reliability_suite.py (legacy MNIST corpus),results/reliability/runs/split_mnist__rate40__replay_conf__seed1.json,reused_legacy,,,MNIST sanity/frontier evidence; produced by the prior reliability suite
split_mnist__rate40__replay_conf__seed2,split_mnist,split_mnist,gate_conf,mlp,symmetric,0.4,2,python run_reliability_suite.py (legacy MNIST corpus),results/reliability/runs/split_mnist__rate40__replay_conf__seed2.json,reused_legacy,,,MNIST sanity/frontier evidence; produced by the prior reliability suite
split_mnist__rate40__replay_error__seed0,split_mnist,split_mnist,gate_loss,mlp,symmetric,0.4,0,python run_reliability_suite.py (legacy MNIST corpus),results/reliability/runs/split_mnist__rate40__replay_error__seed0.json,reused_legacy,,,MNIST sanity/frontier evidence; produced by the prior reliability suite
split_mnist__rate40__replay_error__seed1,split_mnist,split_mnist,gate_loss,mlp,symmetric,0.4,1,python run_reliability_suite.py (legacy MNIST corpus),results/reliability/runs/split_mnist__rate40__replay_error__seed1.json,reused_legacy,,,MNIST sanity/frontier evidence; produced by the prior reliability suite
split_mnist__rate40__replay_error__seed2,split_mnist,split_mnist,gate_loss,mlp,symmetric,0.4,2,python run_reliability_suite.py (legacy MNIST corpus),results/reliability/runs/split_mnist__rate40__replay_error__seed2.json,reused_legacy,,,MNIST sanity/frontier evidence; produced by the prior reliability suite
split_mnist__rate40__replay_repr__seed0,split_mnist,split_mnist,gate_reprstab,mlp,symmetric,0.4,0,python run_reliability_suite.py (legacy MNIST corpus),results/reliability/runs/split_mnist__rate40__replay_repr__seed0.json,reused_legacy,,,MNIST sanity/frontier evidence; produced by the prior reliability suite
split_mnist__rate40__replay_repr__seed1,split_mnist,split_mnist,gate_reprstab,mlp,symmetric,0.4,1,python run_reliability_suite.py (legacy MNIST corpus),results/reliability/runs/split_mnist__rate40__replay_repr__seed1.json,reused_legacy,,,MNIST sanity/frontier evidence; produced by the prior reliability suite
split_mnist__rate40__replay_repr__seed2,split_mnist,split_mnist,gate_reprstab,mlp,symmetric,0.4,2,python run_reliability_suite.py (legacy MNIST corpus),results/reliability/runs/split_mnist__rate40__replay_repr__seed2.json,reused_legacy,,,MNIST sanity/frontier evidence; produced by the prior reliability suite
split_mnist__rate40__replay_stab__seed0,split_mnist,split_mnist,gate_predstab,mlp,symmetric,0.4,0,python run_reliability_suite.py (legacy MNIST corpus),results/reliability/runs/split_mnist__rate40__replay_stab__seed0.json,reused_legacy,,,MNIST sanity/frontier evidence; produced by the prior reliability suite
split_mnist__rate40__replay_stab__seed1,split_mnist,split_mnist,gate_predstab,mlp,symmetric,0.4,1,python run_reliability_suite.py (legacy MNIST corpus),results/reliability/runs/split_mnist__rate40__replay_stab__seed1.json,reused_legacy,,,MNIST sanity/frontier evidence; produced by the prior reliability suite
split_mnist__rate40__replay_stab__seed2,split_mnist,split_mnist,gate_predstab,mlp,symmetric,0.4,2,python run_reliability_suite.py (legacy MNIST corpus),results/reliability/runs/split_mnist__rate40__replay_stab__seed2.json,reused_legacy,,,MNIST sanity/frontier evidence; produced by the prior reliability suite
split_mnist__rate40__si__seed0,split_mnist,split_mnist,si,mlp,symmetric,0.4,0,python run_reliability_suite.py (legacy MNIST corpus),results/reliability/runs/split_mnist__rate40__si__seed0.json,reused_legacy,,,MNIST sanity/frontier evidence; produced by the prior reliability suite
split_mnist__rate40__si__seed1,split_mnist,split_mnist,si,mlp,symmetric,0.4,1,python run_reliability_suite.py (legacy MNIST corpus),results/reliability/runs/split_mnist__rate40__si__seed1.json,reused_legacy,,,MNIST sanity/frontier evidence; produced by the prior reliability suite
split_mnist__rate40__si__seed2,split_mnist,split_mnist,si,mlp,symmetric,0.4,2,python run_reliability_suite.py (legacy MNIST corpus),results/reliability/runs/split_mnist__rate40__si__seed2.json,reused_legacy,,,MNIST sanity/frontier evidence; produced by the prior reliability suite
split_mnist__rate60__adam__seed0,split_mnist,split_mnist,adam,mlp,symmetric,0.6,0,python run_reliability_suite.py (legacy MNIST corpus),results/reliability/runs/split_mnist__rate60__adam__seed0.json,reused_legacy,,,MNIST sanity/frontier evidence; produced by the prior reliability suite
split_mnist__rate60__adam__seed1,split_mnist,split_mnist,adam,mlp,symmetric,0.6,1,python run_reliability_suite.py (legacy MNIST corpus),results/reliability/runs/split_mnist__rate60__adam__seed1.json,reused_legacy,,,MNIST sanity/frontier evidence; produced by the prior reliability suite
split_mnist__rate60__adam__seed2,split_mnist,split_mnist,adam,mlp,symmetric,0.6,2,python run_reliability_suite.py (legacy MNIST corpus),results/reliability/runs/split_mnist__rate60__adam__seed2.json,reused_legacy,,,MNIST sanity/frontier evidence; produced by the prior reliability suite
split_mnist__rate60__derpp__seed0,split_mnist,split_mnist,derpp,mlp,symmetric,0.6,0,python run_reliability_suite.py (legacy MNIST corpus),results/reliability/runs/split_mnist__rate60__derpp__seed0.json,reused_legacy,,,MNIST sanity/frontier evidence; produced by the prior reliability suite
split_mnist__rate60__derpp__seed1,split_mnist,split_mnist,derpp,mlp,symmetric,0.6,1,python run_reliability_suite.py (legacy MNIST corpus),results/reliability/runs/split_mnist__rate60__derpp__seed1.json,reused_legacy,,,MNIST sanity/frontier evidence; produced by the prior reliability suite
split_mnist__rate60__derpp__seed2,split_mnist,split_mnist,derpp,mlp,symmetric,0.6,2,python run_reliability_suite.py (legacy MNIST corpus),results/reliability/runs/split_mnist__rate60__derpp__seed2.json,reused_legacy,,,MNIST sanity/frontier evidence; produced by the prior reliability suite
split_mnist__rate60__ewc__seed0,split_mnist,split_mnist,ewc,mlp,symmetric,0.6,0,python run_reliability_suite.py (legacy MNIST corpus),results/reliability/runs/split_mnist__rate60__ewc__seed0.json,reused_legacy,,,MNIST sanity/frontier evidence; produced by the prior reliability suite
split_mnist__rate60__ewc__seed1,split_mnist,split_mnist,ewc,mlp,symmetric,0.6,1,python run_reliability_suite.py (legacy MNIST corpus),results/reliability/runs/split_mnist__rate60__ewc__seed1.json,reused_legacy,,,MNIST sanity/frontier evidence; produced by the prior reliability suite
split_mnist__rate60__ewc__seed2,split_mnist,split_mnist,ewc,mlp,symmetric,0.6,2,python run_reliability_suite.py (legacy MNIST corpus),results/reliability/runs/split_mnist__rate60__ewc__seed2.json,reused_legacy,,,MNIST sanity/frontier evidence; produced by the prior reliability suite
split_mnist__rate60__ewc_conf__seed0,split_mnist,split_mnist,ewc_conf,mlp,symmetric,0.6,0,python run_reliability_suite.py (legacy MNIST corpus),results/reliability/runs/split_mnist__rate60__ewc_conf__seed0.json,reused_legacy,,,MNIST sanity/frontier evidence; produced by the prior reliability suite
split_mnist__rate60__ewc_conf__seed1,split_mnist,split_mnist,ewc_conf,mlp,symmetric,0.6,1,python run_reliability_suite.py (legacy MNIST corpus),results/reliability/runs/split_mnist__rate60__ewc_conf__seed1.json,reused_legacy,,,MNIST sanity/frontier evidence; produced by the prior reliability suite
split_mnist__rate60__ewc_conf__seed2,split_mnist,split_mnist,ewc_conf,mlp,symmetric,0.6,2,python run_reliability_suite.py (legacy MNIST corpus),results/reliability/runs/split_mnist__rate60__ewc_conf__seed2.json,reused_legacy,,,MNIST sanity/frontier evidence; produced by the prior reliability suite
split_mnist__rate60__ewc_error__seed0,split_mnist,split_mnist,ewc_loss,mlp,symmetric,0.6,0,python run_reliability_suite.py (legacy MNIST corpus),results/reliability/runs/split_mnist__rate60__ewc_error__seed0.json,reused_legacy,,,MNIST sanity/frontier evidence; produced by the prior reliability suite
split_mnist__rate60__ewc_error__seed1,split_mnist,split_mnist,ewc_loss,mlp,symmetric,0.6,1,python run_reliability_suite.py (legacy MNIST corpus),results/reliability/runs/split_mnist__rate60__ewc_error__seed1.json,reused_legacy,,,MNIST sanity/frontier evidence; produced by the prior reliability suite
split_mnist__rate60__ewc_error__seed2,split_mnist,split_mnist,ewc_loss,mlp,symmetric,0.6,2,python run_reliability_suite.py (legacy MNIST corpus),results/reliability/runs/split_mnist__rate60__ewc_error__seed2.json,reused_legacy,,,MNIST sanity/frontier evidence; produced by the prior reliability suite
split_mnist__rate60__mas__seed0,split_mnist,split_mnist,mas,mlp,symmetric,0.6,0,python run_reliability_suite.py (legacy MNIST corpus),results/reliability/runs/split_mnist__rate60__mas__seed0.json,reused_legacy,,,MNIST sanity/frontier evidence; produced by the prior reliability suite
split_mnist__rate60__mas__seed1,split_mnist,split_mnist,mas,mlp,symmetric,0.6,1,python run_reliability_suite.py (legacy MNIST corpus),results/reliability/runs/split_mnist__rate60__mas__seed1.json,reused_legacy,,,MNIST sanity/frontier evidence; produced by the prior reliability suite
split_mnist__rate60__mas__seed2,split_mnist,split_mnist,mas,mlp,symmetric,0.6,2,python run_reliability_suite.py (legacy MNIST corpus),results/reliability/runs/split_mnist__rate60__mas__seed2.json,reused_legacy,,,MNIST sanity/frontier evidence; produced by the prior reliability suite
split_mnist__rate60__replay__seed0,split_mnist,split_mnist,er,mlp,symmetric,0.6,0,python run_reliability_suite.py (legacy MNIST corpus),results/reliability/runs/split_mnist__rate60__replay__seed0.json,reused_legacy,,,MNIST sanity/frontier evidence; produced by the prior reliability suite
split_mnist__rate60__replay__seed1,split_mnist,split_mnist,er,mlp,symmetric,0.6,1,python run_reliability_suite.py (legacy MNIST corpus),results/reliability/runs/split_mnist__rate60__replay__seed1.json,reused_legacy,,,MNIST sanity/frontier evidence; produced by the prior reliability suite
split_mnist__rate60__replay__seed2,split_mnist,split_mnist,er,mlp,symmetric,0.6,2,python run_reliability_suite.py (legacy MNIST corpus),results/reliability/runs/split_mnist__rate60__replay__seed2.json,reused_legacy,,,MNIST sanity/frontier evidence; produced by the prior reliability suite
split_mnist__rate60__replay_conf__seed0,split_mnist,split_mnist,gate_conf,mlp,symmetric,0.6,0,python run_reliability_suite.py (legacy MNIST corpus),results/reliability/runs/split_mnist__rate60__replay_conf__seed0.json,reused_legacy,,,MNIST sanity/frontier evidence; produced by the prior reliability suite
split_mnist__rate60__replay_conf__seed1,split_mnist,split_mnist,gate_conf,mlp,symmetric,0.6,1,python run_reliability_suite.py (legacy MNIST corpus),results/reliability/runs/split_mnist__rate60__replay_conf__seed1.json,reused_legacy,,,MNIST sanity/frontier evidence; produced by the prior reliability suite
split_mnist__rate60__replay_conf__seed2,split_mnist,split_mnist,gate_conf,mlp,symmetric,0.6,2,python run_reliability_suite.py (legacy MNIST corpus),results/reliability/runs/split_mnist__rate60__replay_conf__seed2.json,reused_legacy,,,MNIST sanity/frontier evidence; produced by the prior reliability suite
split_mnist__rate60__replay_error__seed0,split_mnist,split_mnist,gate_loss,mlp,symmetric,0.6,0,python run_reliability_suite.py (legacy MNIST corpus),results/reliability/runs/split_mnist__rate60__replay_error__seed0.json,reused_legacy,,,MNIST sanity/frontier evidence; produced by the prior reliability suite
split_mnist__rate60__replay_error__seed1,split_mnist,split_mnist,gate_loss,mlp,symmetric,0.6,1,python run_reliability_suite.py (legacy MNIST corpus),results/reliability/runs/split_mnist__rate60__replay_error__seed1.json,reused_legacy,,,MNIST sanity/frontier evidence; produced by the prior reliability suite
split_mnist__rate60__replay_error__seed2,split_mnist,split_mnist,gate_loss,mlp,symmetric,0.6,2,python run_reliability_suite.py (legacy MNIST corpus),results/reliability/runs/split_mnist__rate60__replay_error__seed2.json,reused_legacy,,,MNIST sanity/frontier evidence; produced by the prior reliability suite
split_mnist__rate60__replay_repr__seed0,split_mnist,split_mnist,gate_reprstab,mlp,symmetric,0.6,0,python run_reliability_suite.py (legacy MNIST corpus),results/reliability/runs/split_mnist__rate60__replay_repr__seed0.json,reused_legacy,,,MNIST sanity/frontier evidence; produced by the prior reliability suite
split_mnist__rate60__replay_repr__seed1,split_mnist,split_mnist,gate_reprstab,mlp,symmetric,0.6,1,python run_reliability_suite.py (legacy MNIST corpus),results/reliability/runs/split_mnist__rate60__replay_repr__seed1.json,reused_legacy,,,MNIST sanity/frontier evidence; produced by the prior reliability suite
split_mnist__rate60__replay_repr__seed2,split_mnist,split_mnist,gate_reprstab,mlp,symmetric,0.6,2,python run_reliability_suite.py (legacy MNIST corpus),results/reliability/runs/split_mnist__rate60__replay_repr__seed2.json,reused_legacy,,,MNIST sanity/frontier evidence; produced by the prior reliability suite
split_mnist__rate60__replay_stab__seed0,split_mnist,split_mnist,gate_predstab,mlp,symmetric,0.6,0,python run_reliability_suite.py (legacy MNIST corpus),results/reliability/runs/split_mnist__rate60__replay_stab__seed0.json,reused_legacy,,,MNIST sanity/frontier evidence; produced by the prior reliability suite
split_mnist__rate60__replay_stab__seed1,split_mnist,split_mnist,gate_predstab,mlp,symmetric,0.6,1,python run_reliability_suite.py (legacy MNIST corpus),results/reliability/runs/split_mnist__rate60__replay_stab__seed1.json,reused_legacy,,,MNIST sanity/frontier evidence; produced by the prior reliability suite
split_mnist__rate60__replay_stab__seed2,split_mnist,split_mnist,gate_predstab,mlp,symmetric,0.6,2,python run_reliability_suite.py (legacy MNIST corpus),results/reliability/runs/split_mnist__rate60__replay_stab__seed2.json,reused_legacy,,,MNIST sanity/frontier evidence; produced by the prior reliability suite
split_mnist__rate60__si__seed0,split_mnist,split_mnist,si,mlp,symmetric,0.6,0,python run_reliability_suite.py (legacy MNIST corpus),results/reliability/runs/split_mnist__rate60__si__seed0.json,reused_legacy,,,MNIST sanity/frontier evidence; produced by the prior reliability suite
split_mnist__rate60__si__seed1,split_mnist,split_mnist,si,mlp,symmetric,0.6,1,python run_reliability_suite.py (legacy MNIST corpus),results/reliability/runs/split_mnist__rate60__si__seed1.json,reused_legacy,,,MNIST sanity/frontier evidence; produced by the prior reliability suite
split_mnist__rate60__si__seed2,split_mnist,split_mnist,si,mlp,symmetric,0.6,2,python run_reliability_suite.py (legacy MNIST corpus),results/reliability/runs/split_mnist__rate60__si__seed2.json,reused_legacy,,,MNIST sanity/frontier evidence; produced by the prior reliability suite
split_mnist__rate80__adam__seed0,split_mnist,split_mnist,adam,mlp,symmetric,0.8,0,python run_reliability_suite.py (legacy MNIST corpus),results/reliability/runs/split_mnist__rate80__adam__seed0.json,reused_legacy,,,MNIST sanity/frontier evidence; produced by the prior reliability suite
split_mnist__rate80__adam__seed1,split_mnist,split_mnist,adam,mlp,symmetric,0.8,1,python run_reliability_suite.py (legacy MNIST corpus),results/reliability/runs/split_mnist__rate80__adam__seed1.json,reused_legacy,,,MNIST sanity/frontier evidence; produced by the prior reliability suite
split_mnist__rate80__adam__seed2,split_mnist,split_mnist,adam,mlp,symmetric,0.8,2,python run_reliability_suite.py (legacy MNIST corpus),results/reliability/runs/split_mnist__rate80__adam__seed2.json,reused_legacy,,,MNIST sanity/frontier evidence; produced by the prior reliability suite
split_mnist__rate80__derpp__seed0,split_mnist,split_mnist,derpp,mlp,symmetric,0.8,0,python run_reliability_suite.py (legacy MNIST corpus),results/reliability/runs/split_mnist__rate80__derpp__seed0.json,reused_legacy,,,MNIST sanity/frontier evidence; produced by the prior reliability suite
split_mnist__rate80__derpp__seed1,split_mnist,split_mnist,derpp,mlp,symmetric,0.8,1,python run_reliability_suite.py (legacy MNIST corpus),results/reliability/runs/split_mnist__rate80__derpp__seed1.json,reused_legacy,,,MNIST sanity/frontier evidence; produced by the prior reliability suite
split_mnist__rate80__derpp__seed2,split_mnist,split_mnist,derpp,mlp,symmetric,0.8,2,python run_reliability_suite.py (legacy MNIST corpus),results/reliability/runs/split_mnist__rate80__derpp__seed2.json,reused_legacy,,,MNIST sanity/frontier evidence; produced by the prior reliability suite
split_mnist__rate80__ewc__seed0,split_mnist,split_mnist,ewc,mlp,symmetric,0.8,0,python run_reliability_suite.py (legacy MNIST corpus),results/reliability/runs/split_mnist__rate80__ewc__seed0.json,reused_legacy,,,MNIST sanity/frontier evidence; produced by the prior reliability suite
split_mnist__rate80__ewc__seed1,split_mnist,split_mnist,ewc,mlp,symmetric,0.8,1,python run_reliability_suite.py (legacy MNIST corpus),results/reliability/runs/split_mnist__rate80__ewc__seed1.json,reused_legacy,,,MNIST sanity/frontier evidence; produced by the prior reliability suite
split_mnist__rate80__ewc__seed2,split_mnist,split_mnist,ewc,mlp,symmetric,0.8,2,python run_reliability_suite.py (legacy MNIST corpus),results/reliability/runs/split_mnist__rate80__ewc__seed2.json,reused_legacy,,,MNIST sanity/frontier evidence; produced by the prior reliability suite
split_mnist__rate80__ewc_conf__seed0,split_mnist,split_mnist,ewc_conf,mlp,symmetric,0.8,0,python run_reliability_suite.py (legacy MNIST corpus),results/reliability/runs/split_mnist__rate80__ewc_conf__seed0.json,reused_legacy,,,MNIST sanity/frontier evidence; produced by the prior reliability suite
split_mnist__rate80__ewc_conf__seed1,split_mnist,split_mnist,ewc_conf,mlp,symmetric,0.8,1,python run_reliability_suite.py (legacy MNIST corpus),results/reliability/runs/split_mnist__rate80__ewc_conf__seed1.json,reused_legacy,,,MNIST sanity/frontier evidence; produced by the prior reliability suite
split_mnist__rate80__ewc_conf__seed2,split_mnist,split_mnist,ewc_conf,mlp,symmetric,0.8,2,python run_reliability_suite.py (legacy MNIST corpus),results/reliability/runs/split_mnist__rate80__ewc_conf__seed2.json,reused_legacy,,,MNIST sanity/frontier evidence; produced by the prior reliability suite
split_mnist__rate80__ewc_error__seed0,split_mnist,split_mnist,ewc_loss,mlp,symmetric,0.8,0,python run_reliability_suite.py (legacy MNIST corpus),results/reliability/runs/split_mnist__rate80__ewc_error__seed0.json,reused_legacy,,,MNIST sanity/frontier evidence; produced by the prior reliability suite
split_mnist__rate80__ewc_error__seed1,split_mnist,split_mnist,ewc_loss,mlp,symmetric,0.8,1,python run_reliability_suite.py (legacy MNIST corpus),results/reliability/runs/split_mnist__rate80__ewc_error__seed1.json,reused_legacy,,,MNIST sanity/frontier evidence; produced by the prior reliability suite
split_mnist__rate80__ewc_error__seed2,split_mnist,split_mnist,ewc_loss,mlp,symmetric,0.8,2,python run_reliability_suite.py (legacy MNIST corpus),results/reliability/runs/split_mnist__rate80__ewc_error__seed2.json,reused_legacy,,,MNIST sanity/frontier evidence; produced by the prior reliability suite
split_mnist__rate80__mas__seed0,split_mnist,split_mnist,mas,mlp,symmetric,0.8,0,python run_reliability_suite.py (legacy MNIST corpus),results/reliability/runs/split_mnist__rate80__mas__seed0.json,reused_legacy,,,MNIST sanity/frontier evidence; produced by the prior reliability suite
split_mnist__rate80__mas__seed1,split_mnist,split_mnist,mas,mlp,symmetric,0.8,1,python run_reliability_suite.py (legacy MNIST corpus),results/reliability/runs/split_mnist__rate80__mas__seed1.json,reused_legacy,,,MNIST sanity/frontier evidence; produced by the prior reliability suite
split_mnist__rate80__mas__seed2,split_mnist,split_mnist,mas,mlp,symmetric,0.8,2,python run_reliability_suite.py (legacy MNIST corpus),results/reliability/runs/split_mnist__rate80__mas__seed2.json,reused_legacy,,,MNIST sanity/frontier evidence; produced by the prior reliability suite
split_mnist__rate80__replay__seed0,split_mnist,split_mnist,er,mlp,symmetric,0.8,0,python run_reliability_suite.py (legacy MNIST corpus),results/reliability/runs/split_mnist__rate80__replay__seed0.json,reused_legacy,,,MNIST sanity/frontier evidence; produced by the prior reliability suite
split_mnist__rate80__replay__seed1,split_mnist,split_mnist,er,mlp,symmetric,0.8,1,python run_reliability_suite.py (legacy MNIST corpus),results/reliability/runs/split_mnist__rate80__replay__seed1.json,reused_legacy,,,MNIST sanity/frontier evidence; produced by the prior reliability suite
split_mnist__rate80__replay__seed2,split_mnist,split_mnist,er,mlp,symmetric,0.8,2,python run_reliability_suite.py (legacy MNIST corpus),results/reliability/runs/split_mnist__rate80__replay__seed2.json,reused_legacy,,,MNIST sanity/frontier evidence; produced by the prior reliability suite
split_mnist__rate80__replay_conf__seed0,split_mnist,split_mnist,gate_conf,mlp,symmetric,0.8,0,python run_reliability_suite.py (legacy MNIST corpus),results/reliability/runs/split_mnist__rate80__replay_conf__seed0.json,reused_legacy,,,MNIST sanity/frontier evidence; produced by the prior reliability suite
split_mnist__rate80__replay_conf__seed1,split_mnist,split_mnist,gate_conf,mlp,symmetric,0.8,1,python run_reliability_suite.py (legacy MNIST corpus),results/reliability/runs/split_mnist__rate80__replay_conf__seed1.json,reused_legacy,,,MNIST sanity/frontier evidence; produced by the prior reliability suite
split_mnist__rate80__replay_conf__seed2,split_mnist,split_mnist,gate_conf,mlp,symmetric,0.8,2,python run_reliability_suite.py (legacy MNIST corpus),results/reliability/runs/split_mnist__rate80__replay_conf__seed2.json,reused_legacy,,,MNIST sanity/frontier evidence; produced by the prior reliability suite
split_mnist__rate80__replay_error__seed0,split_mnist,split_mnist,gate_loss,mlp,symmetric,0.8,0,python run_reliability_suite.py (legacy MNIST corpus),results/reliability/runs/split_mnist__rate80__replay_error__seed0.json,reused_legacy,,,MNIST sanity/frontier evidence; produced by the prior reliability suite
split_mnist__rate80__replay_error__seed1,split_mnist,split_mnist,gate_loss,mlp,symmetric,0.8,1,python run_reliability_suite.py (legacy MNIST corpus),results/reliability/runs/split_mnist__rate80__replay_error__seed1.json,reused_legacy,,,MNIST sanity/frontier evidence; produced by the prior reliability suite
split_mnist__rate80__replay_error__seed2,split_mnist,split_mnist,gate_loss,mlp,symmetric,0.8,2,python run_reliability_suite.py (legacy MNIST corpus),results/reliability/runs/split_mnist__rate80__replay_error__seed2.json,reused_legacy,,,MNIST sanity/frontier evidence; produced by the prior reliability suite
split_mnist__rate80__replay_repr__seed0,split_mnist,split_mnist,gate_reprstab,mlp,symmetric,0.8,0,python run_reliability_suite.py (legacy MNIST corpus),results/reliability/runs/split_mnist__rate80__replay_repr__seed0.json,reused_legacy,,,MNIST sanity/frontier evidence; produced by the prior reliability suite
split_mnist__rate80__replay_repr__seed1,split_mnist,split_mnist,gate_reprstab,mlp,symmetric,0.8,1,python run_reliability_suite.py (legacy MNIST corpus),results/reliability/runs/split_mnist__rate80__replay_repr__seed1.json,reused_legacy,,,MNIST sanity/frontier evidence; produced by the prior reliability suite
split_mnist__rate80__replay_repr__seed2,split_mnist,split_mnist,gate_reprstab,mlp,symmetric,0.8,2,python run_reliability_suite.py (legacy MNIST corpus),results/reliability/runs/split_mnist__rate80__replay_repr__seed2.json,reused_legacy,,,MNIST sanity/frontier evidence; produced by the prior reliability suite
split_mnist__rate80__replay_stab__seed0,split_mnist,split_mnist,gate_predstab,mlp,symmetric,0.8,0,python run_reliability_suite.py (legacy MNIST corpus),results/reliability/runs/split_mnist__rate80__replay_stab__seed0.json,reused_legacy,,,MNIST sanity/frontier evidence; produced by the prior reliability suite
split_mnist__rate80__replay_stab__seed1,split_mnist,split_mnist,gate_predstab,mlp,symmetric,0.8,1,python run_reliability_suite.py (legacy MNIST corpus),results/reliability/runs/split_mnist__rate80__replay_stab__seed1.json,reused_legacy,,,MNIST sanity/frontier evidence; produced by the prior reliability suite
split_mnist__rate80__replay_stab__seed2,split_mnist,split_mnist,gate_predstab,mlp,symmetric,0.8,2,python run_reliability_suite.py (legacy MNIST corpus),results/reliability/runs/split_mnist__rate80__replay_stab__seed2.json,reused_legacy,,,MNIST sanity/frontier evidence; produced by the prior reliability suite
split_mnist__rate80__si__seed0,split_mnist,split_mnist,si,mlp,symmetric,0.8,0,python run_reliability_suite.py (legacy MNIST corpus),results/reliability/runs/split_mnist__rate80__si__seed0.json,reused_legacy,,,MNIST sanity/frontier evidence; produced by the prior reliability suite
split_mnist__rate80__si__seed1,split_mnist,split_mnist,si,mlp,symmetric,0.8,1,python run_reliability_suite.py (legacy MNIST corpus),results/reliability/runs/split_mnist__rate80__si__seed1.json,reused_legacy,,,MNIST sanity/frontier evidence; produced by the prior reliability suite
split_mnist__rate80__si__seed2,split_mnist,split_mnist,si,mlp,symmetric,0.8,2,python run_reliability_suite.py (legacy MNIST corpus),results/reliability/runs/split_mnist__rate80__si__seed2.json,reused_legacy,,,MNIST sanity/frontier evidence; produced by the prior reliability suite
permuted_mnist__rate00__replay_adaptive__seed0,permuted_mnist,permuted_mnist,replay_adaptive,mlp,symmetric,0.0,0,python run_reliability_suite.py (legacy MNIST corpus),results/reliability_teacher/runs/permuted_mnist__rate00__replay_adaptive__seed0.json,reused_legacy,,,MNIST sanity/frontier evidence; produced by the prior reliability suite
permuted_mnist__rate00__replay_adaptive__seed1,permuted_mnist,permuted_mnist,replay_adaptive,mlp,symmetric,0.0,1,python run_reliability_suite.py (legacy MNIST corpus),results/reliability_teacher/runs/permuted_mnist__rate00__replay_adaptive__seed1.json,reused_legacy,,,MNIST sanity/frontier evidence; produced by the prior reliability suite
permuted_mnist__rate00__replay_adaptive__seed2,permuted_mnist,permuted_mnist,replay_adaptive,mlp,symmetric,0.0,2,python run_reliability_suite.py (legacy MNIST corpus),results/reliability_teacher/runs/permuted_mnist__rate00__replay_adaptive__seed2.json,reused_legacy,,,MNIST sanity/frontier evidence; produced by the prior reliability suite
permuted_mnist__rate00__replay_agree__seed0,permuted_mnist,permuted_mnist,replay_agree,mlp,symmetric,0.0,0,python run_reliability_suite.py (legacy MNIST corpus),results/reliability_teacher/runs/permuted_mnist__rate00__replay_agree__seed0.json,reused_legacy,,,MNIST sanity/frontier evidence; produced by the prior reliability suite
permuted_mnist__rate00__replay_agree__seed1,permuted_mnist,permuted_mnist,replay_agree,mlp,symmetric,0.0,1,python run_reliability_suite.py (legacy MNIST corpus),results/reliability_teacher/runs/permuted_mnist__rate00__replay_agree__seed1.json,reused_legacy,,,MNIST sanity/frontier evidence; produced by the prior reliability suite
permuted_mnist__rate00__replay_agree__seed2,permuted_mnist,permuted_mnist,replay_agree,mlp,symmetric,0.0,2,python run_reliability_suite.py (legacy MNIST corpus),results/reliability_teacher/runs/permuted_mnist__rate00__replay_agree__seed2.json,reused_legacy,,,MNIST sanity/frontier evidence; produced by the prior reliability suite
permuted_mnist__rate00__replay_teacher__seed0,permuted_mnist,permuted_mnist,gate_teacher,mlp,symmetric,0.0,0,python run_reliability_suite.py (legacy MNIST corpus),results/reliability_teacher/runs/permuted_mnist__rate00__replay_teacher__seed0.json,reused_legacy,,,MNIST sanity/frontier evidence; produced by the prior reliability suite
permuted_mnist__rate00__replay_teacher__seed1,permuted_mnist,permuted_mnist,gate_teacher,mlp,symmetric,0.0,1,python run_reliability_suite.py (legacy MNIST corpus),results/reliability_teacher/runs/permuted_mnist__rate00__replay_teacher__seed1.json,reused_legacy,,,MNIST sanity/frontier evidence; produced by the prior reliability suite
permuted_mnist__rate00__replay_teacher__seed2,permuted_mnist,permuted_mnist,gate_teacher,mlp,symmetric,0.0,2,python run_reliability_suite.py (legacy MNIST corpus),results/reliability_teacher/runs/permuted_mnist__rate00__replay_teacher__seed2.json,reused_legacy,,,MNIST sanity/frontier evidence; produced by the prior reliability suite
permuted_mnist__rate00__replay_teacher_m95__seed0,permuted_mnist,permuted_mnist,replay_teacher_m95,mlp,symmetric,0.0,0,python run_reliability_suite.py (legacy MNIST corpus),results/reliability_teacher/runs/permuted_mnist__rate00__replay_teacher_m95__seed0.json,reused_legacy,,,MNIST sanity/frontier evidence; produced by the prior reliability suite
permuted_mnist__rate00__replay_teacher_m95__seed1,permuted_mnist,permuted_mnist,replay_teacher_m95,mlp,symmetric,0.0,1,python run_reliability_suite.py (legacy MNIST corpus),results/reliability_teacher/runs/permuted_mnist__rate00__replay_teacher_m95__seed1.json,reused_legacy,,,MNIST sanity/frontier evidence; produced by the prior reliability suite
permuted_mnist__rate00__replay_teacher_m95__seed2,permuted_mnist,permuted_mnist,replay_teacher_m95,mlp,symmetric,0.0,2,python run_reliability_suite.py (legacy MNIST corpus),results/reliability_teacher/runs/permuted_mnist__rate00__replay_teacher_m95__seed2.json,reused_legacy,,,MNIST sanity/frontier evidence; produced by the prior reliability suite
permuted_mnist__rate00__replay_teacher_m999__seed0,permuted_mnist,permuted_mnist,gate_teacher,mlp,symmetric,0.0,0,python run_reliability_suite.py (legacy MNIST corpus),results/reliability_teacher/runs/permuted_mnist__rate00__replay_teacher_m999__seed0.json,reused_legacy,,,MNIST sanity/frontier evidence; produced by the prior reliability suite
permuted_mnist__rate00__replay_teacher_m999__seed1,permuted_mnist,permuted_mnist,gate_teacher,mlp,symmetric,0.0,1,python run_reliability_suite.py (legacy MNIST corpus),results/reliability_teacher/runs/permuted_mnist__rate00__replay_teacher_m999__seed1.json,reused_legacy,,,MNIST sanity/frontier evidence; produced by the prior reliability suite
permuted_mnist__rate00__replay_teacher_m999__seed2,permuted_mnist,permuted_mnist,gate_teacher,mlp,symmetric,0.0,2,python run_reliability_suite.py (legacy MNIST corpus),results/reliability_teacher/runs/permuted_mnist__rate00__replay_teacher_m999__seed2.json,reused_legacy,,,MNIST sanity/frontier evidence; produced by the prior reliability suite
permuted_mnist__rate20__replay_adaptive__seed0,permuted_mnist,permuted_mnist,replay_adaptive,mlp,symmetric,0.2,0,python run_reliability_suite.py (legacy MNIST corpus),results/reliability_teacher/runs/permuted_mnist__rate20__replay_adaptive__seed0.json,reused_legacy,,,MNIST sanity/frontier evidence; produced by the prior reliability suite
permuted_mnist__rate20__replay_adaptive__seed1,permuted_mnist,permuted_mnist,replay_adaptive,mlp,symmetric,0.2,1,python run_reliability_suite.py (legacy MNIST corpus),results/reliability_teacher/runs/permuted_mnist__rate20__replay_adaptive__seed1.json,reused_legacy,,,MNIST sanity/frontier evidence; produced by the prior reliability suite
permuted_mnist__rate20__replay_adaptive__seed2,permuted_mnist,permuted_mnist,replay_adaptive,mlp,symmetric,0.2,2,python run_reliability_suite.py (legacy MNIST corpus),results/reliability_teacher/runs/permuted_mnist__rate20__replay_adaptive__seed2.json,reused_legacy,,,MNIST sanity/frontier evidence; produced by the prior reliability suite
permuted_mnist__rate20__replay_agree__seed0,permuted_mnist,permuted_mnist,replay_agree,mlp,symmetric,0.2,0,python run_reliability_suite.py (legacy MNIST corpus),results/reliability_teacher/runs/permuted_mnist__rate20__replay_agree__seed0.json,reused_legacy,,,MNIST sanity/frontier evidence; produced by the prior reliability suite
permuted_mnist__rate20__replay_agree__seed1,permuted_mnist,permuted_mnist,replay_agree,mlp,symmetric,0.2,1,python run_reliability_suite.py (legacy MNIST corpus),results/reliability_teacher/runs/permuted_mnist__rate20__replay_agree__seed1.json,reused_legacy,,,MNIST sanity/frontier evidence; produced by the prior reliability suite
permuted_mnist__rate20__replay_agree__seed2,permuted_mnist,permuted_mnist,replay_agree,mlp,symmetric,0.2,2,python run_reliability_suite.py (legacy MNIST corpus),results/reliability_teacher/runs/permuted_mnist__rate20__replay_agree__seed2.json,reused_legacy,,,MNIST sanity/frontier evidence; produced by the prior reliability suite
permuted_mnist__rate20__replay_teacher__seed0,permuted_mnist,permuted_mnist,gate_teacher,mlp,symmetric,0.2,0,python run_reliability_suite.py (legacy MNIST corpus),results/reliability_teacher/runs/permuted_mnist__rate20__replay_teacher__seed0.json,reused_legacy,,,MNIST sanity/frontier evidence; produced by the prior reliability suite
permuted_mnist__rate20__replay_teacher__seed1,permuted_mnist,permuted_mnist,gate_teacher,mlp,symmetric,0.2,1,python run_reliability_suite.py (legacy MNIST corpus),results/reliability_teacher/runs/permuted_mnist__rate20__replay_teacher__seed1.json,reused_legacy,,,MNIST sanity/frontier evidence; produced by the prior reliability suite
permuted_mnist__rate20__replay_teacher__seed2,permuted_mnist,permuted_mnist,gate_teacher,mlp,symmetric,0.2,2,python run_reliability_suite.py (legacy MNIST corpus),results/reliability_teacher/runs/permuted_mnist__rate20__replay_teacher__seed2.json,reused_legacy,,,MNIST sanity/frontier evidence; produced by the prior reliability suite
permuted_mnist__rate20__replay_teacher_m95__seed0,permuted_mnist,permuted_mnist,replay_teacher_m95,mlp,symmetric,0.2,0,python run_reliability_suite.py (legacy MNIST corpus),results/reliability_teacher/runs/permuted_mnist__rate20__replay_teacher_m95__seed0.json,reused_legacy,,,MNIST sanity/frontier evidence; produced by the prior reliability suite
permuted_mnist__rate20__replay_teacher_m95__seed1,permuted_mnist,permuted_mnist,replay_teacher_m95,mlp,symmetric,0.2,1,python run_reliability_suite.py (legacy MNIST corpus),results/reliability_teacher/runs/permuted_mnist__rate20__replay_teacher_m95__seed1.json,reused_legacy,,,MNIST sanity/frontier evidence; produced by the prior reliability suite
permuted_mnist__rate20__replay_teacher_m95__seed2,permuted_mnist,permuted_mnist,replay_teacher_m95,mlp,symmetric,0.2,2,python run_reliability_suite.py (legacy MNIST corpus),results/reliability_teacher/runs/permuted_mnist__rate20__replay_teacher_m95__seed2.json,reused_legacy,,,MNIST sanity/frontier evidence; produced by the prior reliability suite
permuted_mnist__rate20__replay_teacher_m999__seed0,permuted_mnist,permuted_mnist,gate_teacher,mlp,symmetric,0.2,0,python run_reliability_suite.py (legacy MNIST corpus),results/reliability_teacher/runs/permuted_mnist__rate20__replay_teacher_m999__seed0.json,reused_legacy,,,MNIST sanity/frontier evidence; produced by the prior reliability suite
permuted_mnist__rate20__replay_teacher_m999__seed1,permuted_mnist,permuted_mnist,gate_teacher,mlp,symmetric,0.2,1,python run_reliability_suite.py (legacy MNIST corpus),results/reliability_teacher/runs/permuted_mnist__rate20__replay_teacher_m999__seed1.json,reused_legacy,,,MNIST sanity/frontier evidence; produced by the prior reliability suite
permuted_mnist__rate20__replay_teacher_m999__seed2,permuted_mnist,permuted_mnist,gate_teacher,mlp,symmetric,0.2,2,python run_reliability_suite.py (legacy MNIST corpus),results/reliability_teacher/runs/permuted_mnist__rate20__replay_teacher_m999__seed2.json,reused_legacy,,,MNIST sanity/frontier evidence; produced by the prior reliability suite
permuted_mnist__rate40__replay_adaptive__seed0,permuted_mnist,permuted_mnist,replay_adaptive,mlp,symmetric,0.4,0,python run_reliability_suite.py (legacy MNIST corpus),results/reliability_teacher/runs/permuted_mnist__rate40__replay_adaptive__seed0.json,reused_legacy,,,MNIST sanity/frontier evidence; produced by the prior reliability suite
permuted_mnist__rate40__replay_adaptive__seed1,permuted_mnist,permuted_mnist,replay_adaptive,mlp,symmetric,0.4,1,python run_reliability_suite.py (legacy MNIST corpus),results/reliability_teacher/runs/permuted_mnist__rate40__replay_adaptive__seed1.json,reused_legacy,,,MNIST sanity/frontier evidence; produced by the prior reliability suite
permuted_mnist__rate40__replay_adaptive__seed2,permuted_mnist,permuted_mnist,replay_adaptive,mlp,symmetric,0.4,2,python run_reliability_suite.py (legacy MNIST corpus),results/reliability_teacher/runs/permuted_mnist__rate40__replay_adaptive__seed2.json,reused_legacy,,,MNIST sanity/frontier evidence; produced by the prior reliability suite
permuted_mnist__rate40__replay_agree__seed0,permuted_mnist,permuted_mnist,replay_agree,mlp,symmetric,0.4,0,python run_reliability_suite.py (legacy MNIST corpus),results/reliability_teacher/runs/permuted_mnist__rate40__replay_agree__seed0.json,reused_legacy,,,MNIST sanity/frontier evidence; produced by the prior reliability suite
permuted_mnist__rate40__replay_agree__seed1,permuted_mnist,permuted_mnist,replay_agree,mlp,symmetric,0.4,1,python run_reliability_suite.py (legacy MNIST corpus),results/reliability_teacher/runs/permuted_mnist__rate40__replay_agree__seed1.json,reused_legacy,,,MNIST sanity/frontier evidence; produced by the prior reliability suite
permuted_mnist__rate40__replay_agree__seed2,permuted_mnist,permuted_mnist,replay_agree,mlp,symmetric,0.4,2,python run_reliability_suite.py (legacy MNIST corpus),results/reliability_teacher/runs/permuted_mnist__rate40__replay_agree__seed2.json,reused_legacy,,,MNIST sanity/frontier evidence; produced by the prior reliability suite
permuted_mnist__rate40__replay_coteach__seed0,permuted_mnist,permuted_mnist,gate_coteach,mlp,symmetric,0.4,0,python run_reliability_suite.py (legacy MNIST corpus),results/reliability_teacher/runs/permuted_mnist__rate40__replay_coteach__seed0.json,reused_legacy,,,MNIST sanity/frontier evidence; produced by the prior reliability suite
permuted_mnist__rate40__replay_coteach__seed1,permuted_mnist,permuted_mnist,gate_coteach,mlp,symmetric,0.4,1,python run_reliability_suite.py (legacy MNIST corpus),results/reliability_teacher/runs/permuted_mnist__rate40__replay_coteach__seed1.json,reused_legacy,,,MNIST sanity/frontier evidence; produced by the prior reliability suite
permuted_mnist__rate40__replay_coteach__seed2,permuted_mnist,permuted_mnist,gate_coteach,mlp,symmetric,0.4,2,python run_reliability_suite.py (legacy MNIST corpus),results/reliability_teacher/runs/permuted_mnist__rate40__replay_coteach__seed2.json,reused_legacy,,,MNIST sanity/frontier evidence; produced by the prior reliability suite
permuted_mnist__rate40__replay_early5__seed0,permuted_mnist,permuted_mnist,replay_early5,mlp,symmetric,0.4,0,python run_reliability_suite.py (legacy MNIST corpus),results/reliability_teacher/runs/permuted_mnist__rate40__replay_early5__seed0.json,reused_legacy,,,MNIST sanity/frontier evidence; produced by the prior reliability suite
permuted_mnist__rate40__replay_early5__seed1,permuted_mnist,permuted_mnist,replay_early5,mlp,symmetric,0.4,1,python run_reliability_suite.py (legacy MNIST corpus),results/reliability_teacher/runs/permuted_mnist__rate40__replay_early5__seed1.json,reused_legacy,,,MNIST sanity/frontier evidence; produced by the prior reliability suite
permuted_mnist__rate40__replay_early5__seed2,permuted_mnist,permuted_mnist,replay_early5,mlp,symmetric,0.4,2,python run_reliability_suite.py (legacy MNIST corpus),results/reliability_teacher/runs/permuted_mnist__rate40__replay_early5__seed2.json,reused_legacy,,,MNIST sanity/frontier evidence; produced by the prior reliability suite
permuted_mnist__rate40__replay_early__seed0,permuted_mnist,permuted_mnist,replay_early,mlp,symmetric,0.4,0,python run_reliability_suite.py (legacy MNIST corpus),results/reliability_teacher/runs/permuted_mnist__rate40__replay_early__seed0.json,reused_legacy,,,MNIST sanity/frontier evidence; produced by the prior reliability suite
permuted_mnist__rate40__replay_early__seed1,permuted_mnist,permuted_mnist,replay_early,mlp,symmetric,0.4,1,python run_reliability_suite.py (legacy MNIST corpus),results/reliability_teacher/runs/permuted_mnist__rate40__replay_early__seed1.json,reused_legacy,,,MNIST sanity/frontier evidence; produced by the prior reliability suite
permuted_mnist__rate40__replay_early__seed2,permuted_mnist,permuted_mnist,replay_early,mlp,symmetric,0.4,2,python run_reliability_suite.py (legacy MNIST corpus),results/reliability_teacher/runs/permuted_mnist__rate40__replay_early__seed2.json,reused_legacy,,,MNIST sanity/frontier evidence; produced by the prior reliability suite
permuted_mnist__rate40__replay_teacher__seed0,permuted_mnist,permuted_mnist,gate_teacher,mlp,symmetric,0.4,0,python run_reliability_suite.py (legacy MNIST corpus),results/reliability_teacher/runs/permuted_mnist__rate40__replay_teacher__seed0.json,reused_legacy,,,MNIST sanity/frontier evidence; produced by the prior reliability suite
permuted_mnist__rate40__replay_teacher__seed1,permuted_mnist,permuted_mnist,gate_teacher,mlp,symmetric,0.4,1,python run_reliability_suite.py (legacy MNIST corpus),results/reliability_teacher/runs/permuted_mnist__rate40__replay_teacher__seed1.json,reused_legacy,,,MNIST sanity/frontier evidence; produced by the prior reliability suite
permuted_mnist__rate40__replay_teacher__seed2,permuted_mnist,permuted_mnist,gate_teacher,mlp,symmetric,0.4,2,python run_reliability_suite.py (legacy MNIST corpus),results/reliability_teacher/runs/permuted_mnist__rate40__replay_teacher__seed2.json,reused_legacy,,,MNIST sanity/frontier evidence; produced by the prior reliability suite
permuted_mnist__rate40__replay_teacher_m95__seed0,permuted_mnist,permuted_mnist,replay_teacher_m95,mlp,symmetric,0.4,0,python run_reliability_suite.py (legacy MNIST corpus),results/reliability_teacher/runs/permuted_mnist__rate40__replay_teacher_m95__seed0.json,reused_legacy,,,MNIST sanity/frontier evidence; produced by the prior reliability suite
permuted_mnist__rate40__replay_teacher_m95__seed1,permuted_mnist,permuted_mnist,replay_teacher_m95,mlp,symmetric,0.4,1,python run_reliability_suite.py (legacy MNIST corpus),results/reliability_teacher/runs/permuted_mnist__rate40__replay_teacher_m95__seed1.json,reused_legacy,,,MNIST sanity/frontier evidence; produced by the prior reliability suite
permuted_mnist__rate40__replay_teacher_m95__seed2,permuted_mnist,permuted_mnist,replay_teacher_m95,mlp,symmetric,0.4,2,python run_reliability_suite.py (legacy MNIST corpus),results/reliability_teacher/runs/permuted_mnist__rate40__replay_teacher_m95__seed2.json,reused_legacy,,,MNIST sanity/frontier evidence; produced by the prior reliability suite
permuted_mnist__rate40__replay_teacher_m999__seed0,permuted_mnist,permuted_mnist,gate_teacher,mlp,symmetric,0.4,0,python run_reliability_suite.py (legacy MNIST corpus),results/reliability_teacher/runs/permuted_mnist__rate40__replay_teacher_m999__seed0.json,reused_legacy,,,MNIST sanity/frontier evidence; produced by the prior reliability suite
permuted_mnist__rate40__replay_teacher_m999__seed1,permuted_mnist,permuted_mnist,gate_teacher,mlp,symmetric,0.4,1,python run_reliability_suite.py (legacy MNIST corpus),results/reliability_teacher/runs/permuted_mnist__rate40__replay_teacher_m999__seed1.json,reused_legacy,,,MNIST sanity/frontier evidence; produced by the prior reliability suite
permuted_mnist__rate40__replay_teacher_m999__seed2,permuted_mnist,permuted_mnist,gate_teacher,mlp,symmetric,0.4,2,python run_reliability_suite.py (legacy MNIST corpus),results/reliability_teacher/runs/permuted_mnist__rate40__replay_teacher_m999__seed2.json,reused_legacy,,,MNIST sanity/frontier evidence; produced by the prior reliability suite
permuted_mnist__rate40_asym__replay__seed0,permuted_mnist,permuted_mnist,er,mlp,asymmetric,0.4,0,python run_reliability_suite.py (legacy MNIST corpus),results/reliability_teacher/runs/permuted_mnist__rate40_asym__replay__seed0.json,reused_legacy,,,MNIST sanity/frontier evidence; produced by the prior reliability suite
permuted_mnist__rate40_asym__replay__seed1,permuted_mnist,permuted_mnist,er,mlp,asymmetric,0.4,1,python run_reliability_suite.py (legacy MNIST corpus),results/reliability_teacher/runs/permuted_mnist__rate40_asym__replay__seed1.json,reused_legacy,,,MNIST sanity/frontier evidence; produced by the prior reliability suite
permuted_mnist__rate40_asym__replay__seed2,permuted_mnist,permuted_mnist,er,mlp,asymmetric,0.4,2,python run_reliability_suite.py (legacy MNIST corpus),results/reliability_teacher/runs/permuted_mnist__rate40_asym__replay__seed2.json,reused_legacy,,,MNIST sanity/frontier evidence; produced by the prior reliability suite
permuted_mnist__rate40_asym__replay_adaptive__seed0,permuted_mnist,permuted_mnist,replay_adaptive,mlp,asymmetric,0.4,0,python run_reliability_suite.py (legacy MNIST corpus),results/reliability_teacher/runs/permuted_mnist__rate40_asym__replay_adaptive__seed0.json,reused_legacy,,,MNIST sanity/frontier evidence; produced by the prior reliability suite
permuted_mnist__rate40_asym__replay_adaptive__seed1,permuted_mnist,permuted_mnist,replay_adaptive,mlp,asymmetric,0.4,1,python run_reliability_suite.py (legacy MNIST corpus),results/reliability_teacher/runs/permuted_mnist__rate40_asym__replay_adaptive__seed1.json,reused_legacy,,,MNIST sanity/frontier evidence; produced by the prior reliability suite
permuted_mnist__rate40_asym__replay_adaptive__seed2,permuted_mnist,permuted_mnist,replay_adaptive,mlp,asymmetric,0.4,2,python run_reliability_suite.py (legacy MNIST corpus),results/reliability_teacher/runs/permuted_mnist__rate40_asym__replay_adaptive__seed2.json,reused_legacy,,,MNIST sanity/frontier evidence; produced by the prior reliability suite
permuted_mnist__rate40_asym__replay_agree__seed0,permuted_mnist,permuted_mnist,replay_agree,mlp,asymmetric,0.4,0,python run_reliability_suite.py (legacy MNIST corpus),results/reliability_teacher/runs/permuted_mnist__rate40_asym__replay_agree__seed0.json,reused_legacy,,,MNIST sanity/frontier evidence; produced by the prior reliability suite
permuted_mnist__rate40_asym__replay_agree__seed1,permuted_mnist,permuted_mnist,replay_agree,mlp,asymmetric,0.4,1,python run_reliability_suite.py (legacy MNIST corpus),results/reliability_teacher/runs/permuted_mnist__rate40_asym__replay_agree__seed1.json,reused_legacy,,,MNIST sanity/frontier evidence; produced by the prior reliability suite
permuted_mnist__rate40_asym__replay_agree__seed2,permuted_mnist,permuted_mnist,replay_agree,mlp,asymmetric,0.4,2,python run_reliability_suite.py (legacy MNIST corpus),results/reliability_teacher/runs/permuted_mnist__rate40_asym__replay_agree__seed2.json,reused_legacy,,,MNIST sanity/frontier evidence; produced by the prior reliability suite
permuted_mnist__rate40_asym__replay_conf__seed0,permuted_mnist,permuted_mnist,gate_conf,mlp,asymmetric,0.4,0,python run_reliability_suite.py (legacy MNIST corpus),results/reliability_teacher/runs/permuted_mnist__rate40_asym__replay_conf__seed0.json,reused_legacy,,,MNIST sanity/frontier evidence; produced by the prior reliability suite
permuted_mnist__rate40_asym__replay_conf__seed1,permuted_mnist,permuted_mnist,gate_conf,mlp,asymmetric,0.4,1,python run_reliability_suite.py (legacy MNIST corpus),results/reliability_teacher/runs/permuted_mnist__rate40_asym__replay_conf__seed1.json,reused_legacy,,,MNIST sanity/frontier evidence; produced by the prior reliability suite
permuted_mnist__rate40_asym__replay_conf__seed2,permuted_mnist,permuted_mnist,gate_conf,mlp,asymmetric,0.4,2,python run_reliability_suite.py (legacy MNIST corpus),results/reliability_teacher/runs/permuted_mnist__rate40_asym__replay_conf__seed2.json,reused_legacy,,,MNIST sanity/frontier evidence; produced by the prior reliability suite
permuted_mnist__rate40_asym__replay_error__seed0,permuted_mnist,permuted_mnist,gate_loss,mlp,asymmetric,0.4,0,python run_reliability_suite.py (legacy MNIST corpus),results/reliability_teacher/runs/permuted_mnist__rate40_asym__replay_error__seed0.json,reused_legacy,,,MNIST sanity/frontier evidence; produced by the prior reliability suite
permuted_mnist__rate40_asym__replay_error__seed1,permuted_mnist,permuted_mnist,gate_loss,mlp,asymmetric,0.4,1,python run_reliability_suite.py (legacy MNIST corpus),results/reliability_teacher/runs/permuted_mnist__rate40_asym__replay_error__seed1.json,reused_legacy,,,MNIST sanity/frontier evidence; produced by the prior reliability suite
permuted_mnist__rate40_asym__replay_error__seed2,permuted_mnist,permuted_mnist,gate_loss,mlp,asymmetric,0.4,2,python run_reliability_suite.py (legacy MNIST corpus),results/reliability_teacher/runs/permuted_mnist__rate40_asym__replay_error__seed2.json,reused_legacy,,,MNIST sanity/frontier evidence; produced by the prior reliability suite
permuted_mnist__rate40_asym__replay_teacher__seed0,permuted_mnist,permuted_mnist,gate_teacher,mlp,asymmetric,0.4,0,python run_reliability_suite.py (legacy MNIST corpus),results/reliability_teacher/runs/permuted_mnist__rate40_asym__replay_teacher__seed0.json,reused_legacy,,,MNIST sanity/frontier evidence; produced by the prior reliability suite
permuted_mnist__rate40_asym__replay_teacher__seed1,permuted_mnist,permuted_mnist,gate_teacher,mlp,asymmetric,0.4,1,python run_reliability_suite.py (legacy MNIST corpus),results/reliability_teacher/runs/permuted_mnist__rate40_asym__replay_teacher__seed1.json,reused_legacy,,,MNIST sanity/frontier evidence; produced by the prior reliability suite
permuted_mnist__rate40_asym__replay_teacher__seed2,permuted_mnist,permuted_mnist,gate_teacher,mlp,asymmetric,0.4,2,python run_reliability_suite.py (legacy MNIST corpus),results/reliability_teacher/runs/permuted_mnist__rate40_asym__replay_teacher__seed2.json,reused_legacy,,,MNIST sanity/frontier evidence; produced by the prior reliability suite
permuted_mnist__rate40_asym__replay_teacher_m95__seed0,permuted_mnist,permuted_mnist,replay_teacher_m95,mlp,asymmetric,0.4,0,python run_reliability_suite.py (legacy MNIST corpus),results/reliability_teacher/runs/permuted_mnist__rate40_asym__replay_teacher_m95__seed0.json,reused_legacy,,,MNIST sanity/frontier evidence; produced by the prior reliability suite
permuted_mnist__rate40_asym__replay_teacher_m95__seed1,permuted_mnist,permuted_mnist,replay_teacher_m95,mlp,asymmetric,0.4,1,python run_reliability_suite.py (legacy MNIST corpus),results/reliability_teacher/runs/permuted_mnist__rate40_asym__replay_teacher_m95__seed1.json,reused_legacy,,,MNIST sanity/frontier evidence; produced by the prior reliability suite
permuted_mnist__rate40_asym__replay_teacher_m95__seed2,permuted_mnist,permuted_mnist,replay_teacher_m95,mlp,asymmetric,0.4,2,python run_reliability_suite.py (legacy MNIST corpus),results/reliability_teacher/runs/permuted_mnist__rate40_asym__replay_teacher_m95__seed2.json,reused_legacy,,,MNIST sanity/frontier evidence; produced by the prior reliability suite
permuted_mnist__rate40_asym__replay_teacher_m999__seed0,permuted_mnist,permuted_mnist,gate_teacher,mlp,asymmetric,0.4,0,python run_reliability_suite.py (legacy MNIST corpus),results/reliability_teacher/runs/permuted_mnist__rate40_asym__replay_teacher_m999__seed0.json,reused_legacy,,,MNIST sanity/frontier evidence; produced by the prior reliability suite
permuted_mnist__rate40_asym__replay_teacher_m999__seed1,permuted_mnist,permuted_mnist,gate_teacher,mlp,asymmetric,0.4,1,python run_reliability_suite.py (legacy MNIST corpus),results/reliability_teacher/runs/permuted_mnist__rate40_asym__replay_teacher_m999__seed1.json,reused_legacy,,,MNIST sanity/frontier evidence; produced by the prior reliability suite
permuted_mnist__rate40_asym__replay_teacher_m999__seed2,permuted_mnist,permuted_mnist,gate_teacher,mlp,asymmetric,0.4,2,python run_reliability_suite.py (legacy MNIST corpus),results/reliability_teacher/runs/permuted_mnist__rate40_asym__replay_teacher_m999__seed2.json,reused_legacy,,,MNIST sanity/frontier evidence; produced by the prior reliability suite
permuted_mnist__rate60__replay_adaptive__seed0,permuted_mnist,permuted_mnist,replay_adaptive,mlp,symmetric,0.6,0,python run_reliability_suite.py (legacy MNIST corpus),results/reliability_teacher/runs/permuted_mnist__rate60__replay_adaptive__seed0.json,reused_legacy,,,MNIST sanity/frontier evidence; produced by the prior reliability suite
permuted_mnist__rate60__replay_adaptive__seed1,permuted_mnist,permuted_mnist,replay_adaptive,mlp,symmetric,0.6,1,python run_reliability_suite.py (legacy MNIST corpus),results/reliability_teacher/runs/permuted_mnist__rate60__replay_adaptive__seed1.json,reused_legacy,,,MNIST sanity/frontier evidence; produced by the prior reliability suite
permuted_mnist__rate60__replay_adaptive__seed2,permuted_mnist,permuted_mnist,replay_adaptive,mlp,symmetric,0.6,2,python run_reliability_suite.py (legacy MNIST corpus),results/reliability_teacher/runs/permuted_mnist__rate60__replay_adaptive__seed2.json,reused_legacy,,,MNIST sanity/frontier evidence; produced by the prior reliability suite
permuted_mnist__rate60__replay_agree__seed0,permuted_mnist,permuted_mnist,replay_agree,mlp,symmetric,0.6,0,python run_reliability_suite.py (legacy MNIST corpus),results/reliability_teacher/runs/permuted_mnist__rate60__replay_agree__seed0.json,reused_legacy,,,MNIST sanity/frontier evidence; produced by the prior reliability suite
permuted_mnist__rate60__replay_agree__seed1,permuted_mnist,permuted_mnist,replay_agree,mlp,symmetric,0.6,1,python run_reliability_suite.py (legacy MNIST corpus),results/reliability_teacher/runs/permuted_mnist__rate60__replay_agree__seed1.json,reused_legacy,,,MNIST sanity/frontier evidence; produced by the prior reliability suite
permuted_mnist__rate60__replay_agree__seed2,permuted_mnist,permuted_mnist,replay_agree,mlp,symmetric,0.6,2,python run_reliability_suite.py (legacy MNIST corpus),results/reliability_teacher/runs/permuted_mnist__rate60__replay_agree__seed2.json,reused_legacy,,,MNIST sanity/frontier evidence; produced by the prior reliability suite
permuted_mnist__rate60__replay_coteach__seed0,permuted_mnist,permuted_mnist,gate_coteach,mlp,symmetric,0.6,0,python run_reliability_suite.py (legacy MNIST corpus),results/reliability_teacher/runs/permuted_mnist__rate60__replay_coteach__seed0.json,reused_legacy,,,MNIST sanity/frontier evidence; produced by the prior reliability suite
permuted_mnist__rate60__replay_coteach__seed1,permuted_mnist,permuted_mnist,gate_coteach,mlp,symmetric,0.6,1,python run_reliability_suite.py (legacy MNIST corpus),results/reliability_teacher/runs/permuted_mnist__rate60__replay_coteach__seed1.json,reused_legacy,,,MNIST sanity/frontier evidence; produced by the prior reliability suite
permuted_mnist__rate60__replay_coteach__seed2,permuted_mnist,permuted_mnist,gate_coteach,mlp,symmetric,0.6,2,python run_reliability_suite.py (legacy MNIST corpus),results/reliability_teacher/runs/permuted_mnist__rate60__replay_coteach__seed2.json,reused_legacy,,,MNIST sanity/frontier evidence; produced by the prior reliability suite
permuted_mnist__rate60__replay_early5__seed0,permuted_mnist,permuted_mnist,replay_early5,mlp,symmetric,0.6,0,python run_reliability_suite.py (legacy MNIST corpus),results/reliability_teacher/runs/permuted_mnist__rate60__replay_early5__seed0.json,reused_legacy,,,MNIST sanity/frontier evidence; produced by the prior reliability suite
permuted_mnist__rate60__replay_early5__seed1,permuted_mnist,permuted_mnist,replay_early5,mlp,symmetric,0.6,1,python run_reliability_suite.py (legacy MNIST corpus),results/reliability_teacher/runs/permuted_mnist__rate60__replay_early5__seed1.json,reused_legacy,,,MNIST sanity/frontier evidence; produced by the prior reliability suite
permuted_mnist__rate60__replay_early5__seed2,permuted_mnist,permuted_mnist,replay_early5,mlp,symmetric,0.6,2,python run_reliability_suite.py (legacy MNIST corpus),results/reliability_teacher/runs/permuted_mnist__rate60__replay_early5__seed2.json,reused_legacy,,,MNIST sanity/frontier evidence; produced by the prior reliability suite
permuted_mnist__rate60__replay_early__seed0,permuted_mnist,permuted_mnist,replay_early,mlp,symmetric,0.6,0,python run_reliability_suite.py (legacy MNIST corpus),results/reliability_teacher/runs/permuted_mnist__rate60__replay_early__seed0.json,reused_legacy,,,MNIST sanity/frontier evidence; produced by the prior reliability suite
permuted_mnist__rate60__replay_early__seed1,permuted_mnist,permuted_mnist,replay_early,mlp,symmetric,0.6,1,python run_reliability_suite.py (legacy MNIST corpus),results/reliability_teacher/runs/permuted_mnist__rate60__replay_early__seed1.json,reused_legacy,,,MNIST sanity/frontier evidence; produced by the prior reliability suite
permuted_mnist__rate60__replay_early__seed2,permuted_mnist,permuted_mnist,replay_early,mlp,symmetric,0.6,2,python run_reliability_suite.py (legacy MNIST corpus),results/reliability_teacher/runs/permuted_mnist__rate60__replay_early__seed2.json,reused_legacy,,,MNIST sanity/frontier evidence; produced by the prior reliability suite
permuted_mnist__rate60__replay_teacher__seed0,permuted_mnist,permuted_mnist,gate_teacher,mlp,symmetric,0.6,0,python run_reliability_suite.py (legacy MNIST corpus),results/reliability_teacher/runs/permuted_mnist__rate60__replay_teacher__seed0.json,reused_legacy,,,MNIST sanity/frontier evidence; produced by the prior reliability suite
permuted_mnist__rate60__replay_teacher__seed1,permuted_mnist,permuted_mnist,gate_teacher,mlp,symmetric,0.6,1,python run_reliability_suite.py (legacy MNIST corpus),results/reliability_teacher/runs/permuted_mnist__rate60__replay_teacher__seed1.json,reused_legacy,,,MNIST sanity/frontier evidence; produced by the prior reliability suite
permuted_mnist__rate60__replay_teacher__seed2,permuted_mnist,permuted_mnist,gate_teacher,mlp,symmetric,0.6,2,python run_reliability_suite.py (legacy MNIST corpus),results/reliability_teacher/runs/permuted_mnist__rate60__replay_teacher__seed2.json,reused_legacy,,,MNIST sanity/frontier evidence; produced by the prior reliability suite
permuted_mnist__rate60__replay_teacher_m95__seed0,permuted_mnist,permuted_mnist,replay_teacher_m95,mlp,symmetric,0.6,0,python run_reliability_suite.py (legacy MNIST corpus),results/reliability_teacher/runs/permuted_mnist__rate60__replay_teacher_m95__seed0.json,reused_legacy,,,MNIST sanity/frontier evidence; produced by the prior reliability suite
permuted_mnist__rate60__replay_teacher_m95__seed1,permuted_mnist,permuted_mnist,replay_teacher_m95,mlp,symmetric,0.6,1,python run_reliability_suite.py (legacy MNIST corpus),results/reliability_teacher/runs/permuted_mnist__rate60__replay_teacher_m95__seed1.json,reused_legacy,,,MNIST sanity/frontier evidence; produced by the prior reliability suite
permuted_mnist__rate60__replay_teacher_m95__seed2,permuted_mnist,permuted_mnist,replay_teacher_m95,mlp,symmetric,0.6,2,python run_reliability_suite.py (legacy MNIST corpus),results/reliability_teacher/runs/permuted_mnist__rate60__replay_teacher_m95__seed2.json,reused_legacy,,,MNIST sanity/frontier evidence; produced by the prior reliability suite
permuted_mnist__rate60__replay_teacher_m999__seed0,permuted_mnist,permuted_mnist,gate_teacher,mlp,symmetric,0.6,0,python run_reliability_suite.py (legacy MNIST corpus),results/reliability_teacher/runs/permuted_mnist__rate60__replay_teacher_m999__seed0.json,reused_legacy,,,MNIST sanity/frontier evidence; produced by the prior reliability suite
permuted_mnist__rate60__replay_teacher_m999__seed1,permuted_mnist,permuted_mnist,gate_teacher,mlp,symmetric,0.6,1,python run_reliability_suite.py (legacy MNIST corpus),results/reliability_teacher/runs/permuted_mnist__rate60__replay_teacher_m999__seed1.json,reused_legacy,,,MNIST sanity/frontier evidence; produced by the prior reliability suite
permuted_mnist__rate60__replay_teacher_m999__seed2,permuted_mnist,permuted_mnist,gate_teacher,mlp,symmetric,0.6,2,python run_reliability_suite.py (legacy MNIST corpus),results/reliability_teacher/runs/permuted_mnist__rate60__replay_teacher_m999__seed2.json,reused_legacy,,,MNIST sanity/frontier evidence; produced by the prior reliability suite
permuted_mnist__rate60_asym__replay__seed0,permuted_mnist,permuted_mnist,er,mlp,asymmetric,0.6,0,python run_reliability_suite.py (legacy MNIST corpus),results/reliability_teacher/runs/permuted_mnist__rate60_asym__replay__seed0.json,reused_legacy,,,MNIST sanity/frontier evidence; produced by the prior reliability suite
permuted_mnist__rate60_asym__replay__seed1,permuted_mnist,permuted_mnist,er,mlp,asymmetric,0.6,1,python run_reliability_suite.py (legacy MNIST corpus),results/reliability_teacher/runs/permuted_mnist__rate60_asym__replay__seed1.json,reused_legacy,,,MNIST sanity/frontier evidence; produced by the prior reliability suite
permuted_mnist__rate60_asym__replay__seed2,permuted_mnist,permuted_mnist,er,mlp,asymmetric,0.6,2,python run_reliability_suite.py (legacy MNIST corpus),results/reliability_teacher/runs/permuted_mnist__rate60_asym__replay__seed2.json,reused_legacy,,,MNIST sanity/frontier evidence; produced by the prior reliability suite
permuted_mnist__rate60_asym__replay_adaptive__seed0,permuted_mnist,permuted_mnist,replay_adaptive,mlp,asymmetric,0.6,0,python run_reliability_suite.py (legacy MNIST corpus),results/reliability_teacher/runs/permuted_mnist__rate60_asym__replay_adaptive__seed0.json,reused_legacy,,,MNIST sanity/frontier evidence; produced by the prior reliability suite
permuted_mnist__rate60_asym__replay_adaptive__seed1,permuted_mnist,permuted_mnist,replay_adaptive,mlp,asymmetric,0.6,1,python run_reliability_suite.py (legacy MNIST corpus),results/reliability_teacher/runs/permuted_mnist__rate60_asym__replay_adaptive__seed1.json,reused_legacy,,,MNIST sanity/frontier evidence; produced by the prior reliability suite
permuted_mnist__rate60_asym__replay_adaptive__seed2,permuted_mnist,permuted_mnist,replay_adaptive,mlp,asymmetric,0.6,2,python run_reliability_suite.py (legacy MNIST corpus),results/reliability_teacher/runs/permuted_mnist__rate60_asym__replay_adaptive__seed2.json,reused_legacy,,,MNIST sanity/frontier evidence; produced by the prior reliability suite
permuted_mnist__rate60_asym__replay_agree__seed0,permuted_mnist,permuted_mnist,replay_agree,mlp,asymmetric,0.6,0,python run_reliability_suite.py (legacy MNIST corpus),results/reliability_teacher/runs/permuted_mnist__rate60_asym__replay_agree__seed0.json,reused_legacy,,,MNIST sanity/frontier evidence; produced by the prior reliability suite
permuted_mnist__rate60_asym__replay_agree__seed1,permuted_mnist,permuted_mnist,replay_agree,mlp,asymmetric,0.6,1,python run_reliability_suite.py (legacy MNIST corpus),results/reliability_teacher/runs/permuted_mnist__rate60_asym__replay_agree__seed1.json,reused_legacy,,,MNIST sanity/frontier evidence; produced by the prior reliability suite
permuted_mnist__rate60_asym__replay_agree__seed2,permuted_mnist,permuted_mnist,replay_agree,mlp,asymmetric,0.6,2,python run_reliability_suite.py (legacy MNIST corpus),results/reliability_teacher/runs/permuted_mnist__rate60_asym__replay_agree__seed2.json,reused_legacy,,,MNIST sanity/frontier evidence; produced by the prior reliability suite
permuted_mnist__rate60_asym__replay_conf__seed0,permuted_mnist,permuted_mnist,gate_conf,mlp,asymmetric,0.6,0,python run_reliability_suite.py (legacy MNIST corpus),results/reliability_teacher/runs/permuted_mnist__rate60_asym__replay_conf__seed0.json,reused_legacy,,,MNIST sanity/frontier evidence; produced by the prior reliability suite
permuted_mnist__rate60_asym__replay_conf__seed1,permuted_mnist,permuted_mnist,gate_conf,mlp,asymmetric,0.6,1,python run_reliability_suite.py (legacy MNIST corpus),results/reliability_teacher/runs/permuted_mnist__rate60_asym__replay_conf__seed1.json,reused_legacy,,,MNIST sanity/frontier evidence; produced by the prior reliability suite
permuted_mnist__rate60_asym__replay_conf__seed2,permuted_mnist,permuted_mnist,gate_conf,mlp,asymmetric,0.6,2,python run_reliability_suite.py (legacy MNIST corpus),results/reliability_teacher/runs/permuted_mnist__rate60_asym__replay_conf__seed2.json,reused_legacy,,,MNIST sanity/frontier evidence; produced by the prior reliability suite
permuted_mnist__rate60_asym__replay_coteach__seed0,permuted_mnist,permuted_mnist,gate_coteach,mlp,asymmetric,0.6,0,python run_reliability_suite.py (legacy MNIST corpus),results/reliability_teacher/runs/permuted_mnist__rate60_asym__replay_coteach__seed0.json,reused_legacy,,,MNIST sanity/frontier evidence; produced by the prior reliability suite
permuted_mnist__rate60_asym__replay_coteach__seed1,permuted_mnist,permuted_mnist,gate_coteach,mlp,asymmetric,0.6,1,python run_reliability_suite.py (legacy MNIST corpus),results/reliability_teacher/runs/permuted_mnist__rate60_asym__replay_coteach__seed1.json,reused_legacy,,,MNIST sanity/frontier evidence; produced by the prior reliability suite
permuted_mnist__rate60_asym__replay_coteach__seed2,permuted_mnist,permuted_mnist,gate_coteach,mlp,asymmetric,0.6,2,python run_reliability_suite.py (legacy MNIST corpus),results/reliability_teacher/runs/permuted_mnist__rate60_asym__replay_coteach__seed2.json,reused_legacy,,,MNIST sanity/frontier evidence; produced by the prior reliability suite
permuted_mnist__rate60_asym__replay_early5__seed0,permuted_mnist,permuted_mnist,replay_early5,mlp,asymmetric,0.6,0,python run_reliability_suite.py (legacy MNIST corpus),results/reliability_teacher/runs/permuted_mnist__rate60_asym__replay_early5__seed0.json,reused_legacy,,,MNIST sanity/frontier evidence; produced by the prior reliability suite
permuted_mnist__rate60_asym__replay_early5__seed1,permuted_mnist,permuted_mnist,replay_early5,mlp,asymmetric,0.6,1,python run_reliability_suite.py (legacy MNIST corpus),results/reliability_teacher/runs/permuted_mnist__rate60_asym__replay_early5__seed1.json,reused_legacy,,,MNIST sanity/frontier evidence; produced by the prior reliability suite
permuted_mnist__rate60_asym__replay_early5__seed2,permuted_mnist,permuted_mnist,replay_early5,mlp,asymmetric,0.6,2,python run_reliability_suite.py (legacy MNIST corpus),results/reliability_teacher/runs/permuted_mnist__rate60_asym__replay_early5__seed2.json,reused_legacy,,,MNIST sanity/frontier evidence; produced by the prior reliability suite
permuted_mnist__rate60_asym__replay_early__seed0,permuted_mnist,permuted_mnist,replay_early,mlp,asymmetric,0.6,0,python run_reliability_suite.py (legacy MNIST corpus),results/reliability_teacher/runs/permuted_mnist__rate60_asym__replay_early__seed0.json,reused_legacy,,,MNIST sanity/frontier evidence; produced by the prior reliability suite
permuted_mnist__rate60_asym__replay_early__seed1,permuted_mnist,permuted_mnist,replay_early,mlp,asymmetric,0.6,1,python run_reliability_suite.py (legacy MNIST corpus),results/reliability_teacher/runs/permuted_mnist__rate60_asym__replay_early__seed1.json,reused_legacy,,,MNIST sanity/frontier evidence; produced by the prior reliability suite
permuted_mnist__rate60_asym__replay_early__seed2,permuted_mnist,permuted_mnist,replay_early,mlp,asymmetric,0.6,2,python run_reliability_suite.py (legacy MNIST corpus),results/reliability_teacher/runs/permuted_mnist__rate60_asym__replay_early__seed2.json,reused_legacy,,,MNIST sanity/frontier evidence; produced by the prior reliability suite
permuted_mnist__rate60_asym__replay_error__seed0,permuted_mnist,permuted_mnist,gate_loss,mlp,asymmetric,0.6,0,python run_reliability_suite.py (legacy MNIST corpus),results/reliability_teacher/runs/permuted_mnist__rate60_asym__replay_error__seed0.json,reused_legacy,,,MNIST sanity/frontier evidence; produced by the prior reliability suite
permuted_mnist__rate60_asym__replay_error__seed1,permuted_mnist,permuted_mnist,gate_loss,mlp,asymmetric,0.6,1,python run_reliability_suite.py (legacy MNIST corpus),results/reliability_teacher/runs/permuted_mnist__rate60_asym__replay_error__seed1.json,reused_legacy,,,MNIST sanity/frontier evidence; produced by the prior reliability suite
permuted_mnist__rate60_asym__replay_error__seed2,permuted_mnist,permuted_mnist,gate_loss,mlp,asymmetric,0.6,2,python run_reliability_suite.py (legacy MNIST corpus),results/reliability_teacher/runs/permuted_mnist__rate60_asym__replay_error__seed2.json,reused_legacy,,,MNIST sanity/frontier evidence; produced by the prior reliability suite
permuted_mnist__rate60_asym__replay_teacher__seed0,permuted_mnist,permuted_mnist,gate_teacher,mlp,asymmetric,0.6,0,python run_reliability_suite.py (legacy MNIST corpus),results/reliability_teacher/runs/permuted_mnist__rate60_asym__replay_teacher__seed0.json,reused_legacy,,,MNIST sanity/frontier evidence; produced by the prior reliability suite
permuted_mnist__rate60_asym__replay_teacher__seed1,permuted_mnist,permuted_mnist,gate_teacher,mlp,asymmetric,0.6,1,python run_reliability_suite.py (legacy MNIST corpus),results/reliability_teacher/runs/permuted_mnist__rate60_asym__replay_teacher__seed1.json,reused_legacy,,,MNIST sanity/frontier evidence; produced by the prior reliability suite
permuted_mnist__rate60_asym__replay_teacher__seed2,permuted_mnist,permuted_mnist,gate_teacher,mlp,asymmetric,0.6,2,python run_reliability_suite.py (legacy MNIST corpus),results/reliability_teacher/runs/permuted_mnist__rate60_asym__replay_teacher__seed2.json,reused_legacy,,,MNIST sanity/frontier evidence; produced by the prior reliability suite
permuted_mnist__rate60_asym__replay_teacher_m95__seed0,permuted_mnist,permuted_mnist,replay_teacher_m95,mlp,asymmetric,0.6,0,python run_reliability_suite.py (legacy MNIST corpus),results/reliability_teacher/runs/permuted_mnist__rate60_asym__replay_teacher_m95__seed0.json,reused_legacy,,,MNIST sanity/frontier evidence; produced by the prior reliability suite
permuted_mnist__rate60_asym__replay_teacher_m95__seed1,permuted_mnist,permuted_mnist,replay_teacher_m95,mlp,asymmetric,0.6,1,python run_reliability_suite.py (legacy MNIST corpus),results/reliability_teacher/runs/permuted_mnist__rate60_asym__replay_teacher_m95__seed1.json,reused_legacy,,,MNIST sanity/frontier evidence; produced by the prior reliability suite
permuted_mnist__rate60_asym__replay_teacher_m95__seed2,permuted_mnist,permuted_mnist,replay_teacher_m95,mlp,asymmetric,0.6,2,python run_reliability_suite.py (legacy MNIST corpus),results/reliability_teacher/runs/permuted_mnist__rate60_asym__replay_teacher_m95__seed2.json,reused_legacy,,,MNIST sanity/frontier evidence; produced by the prior reliability suite
permuted_mnist__rate60_asym__replay_teacher_m999__seed0,permuted_mnist,permuted_mnist,gate_teacher,mlp,asymmetric,0.6,0,python run_reliability_suite.py (legacy MNIST corpus),results/reliability_teacher/runs/permuted_mnist__rate60_asym__replay_teacher_m999__seed0.json,reused_legacy,,,MNIST sanity/frontier evidence; produced by the prior reliability suite
permuted_mnist__rate60_asym__replay_teacher_m999__seed1,permuted_mnist,permuted_mnist,gate_teacher,mlp,asymmetric,0.6,1,python run_reliability_suite.py (legacy MNIST corpus),results/reliability_teacher/runs/permuted_mnist__rate60_asym__replay_teacher_m999__seed1.json,reused_legacy,,,MNIST sanity/frontier evidence; produced by the prior reliability suite
permuted_mnist__rate60_asym__replay_teacher_m999__seed2,permuted_mnist,permuted_mnist,gate_teacher,mlp,asymmetric,0.6,2,python run_reliability_suite.py (legacy MNIST corpus),results/reliability_teacher/runs/permuted_mnist__rate60_asym__replay_teacher_m999__seed2.json,reused_legacy,,,MNIST sanity/frontier evidence; produced by the prior reliability suite
permuted_mnist__rate80__replay_adaptive__seed0,permuted_mnist,permuted_mnist,replay_adaptive,mlp,symmetric,0.8,0,python run_reliability_suite.py (legacy MNIST corpus),results/reliability_teacher/runs/permuted_mnist__rate80__replay_adaptive__seed0.json,reused_legacy,,,MNIST sanity/frontier evidence; produced by the prior reliability suite
permuted_mnist__rate80__replay_adaptive__seed1,permuted_mnist,permuted_mnist,replay_adaptive,mlp,symmetric,0.8,1,python run_reliability_suite.py (legacy MNIST corpus),results/reliability_teacher/runs/permuted_mnist__rate80__replay_adaptive__seed1.json,reused_legacy,,,MNIST sanity/frontier evidence; produced by the prior reliability suite
permuted_mnist__rate80__replay_adaptive__seed2,permuted_mnist,permuted_mnist,replay_adaptive,mlp,symmetric,0.8,2,python run_reliability_suite.py (legacy MNIST corpus),results/reliability_teacher/runs/permuted_mnist__rate80__replay_adaptive__seed2.json,reused_legacy,,,MNIST sanity/frontier evidence; produced by the prior reliability suite
permuted_mnist__rate80__replay_agree__seed0,permuted_mnist,permuted_mnist,replay_agree,mlp,symmetric,0.8,0,python run_reliability_suite.py (legacy MNIST corpus),results/reliability_teacher/runs/permuted_mnist__rate80__replay_agree__seed0.json,reused_legacy,,,MNIST sanity/frontier evidence; produced by the prior reliability suite
permuted_mnist__rate80__replay_agree__seed1,permuted_mnist,permuted_mnist,replay_agree,mlp,symmetric,0.8,1,python run_reliability_suite.py (legacy MNIST corpus),results/reliability_teacher/runs/permuted_mnist__rate80__replay_agree__seed1.json,reused_legacy,,,MNIST sanity/frontier evidence; produced by the prior reliability suite
permuted_mnist__rate80__replay_agree__seed2,permuted_mnist,permuted_mnist,replay_agree,mlp,symmetric,0.8,2,python run_reliability_suite.py (legacy MNIST corpus),results/reliability_teacher/runs/permuted_mnist__rate80__replay_agree__seed2.json,reused_legacy,,,MNIST sanity/frontier evidence; produced by the prior reliability suite
permuted_mnist__rate80__replay_coteach__seed0,permuted_mnist,permuted_mnist,gate_coteach,mlp,symmetric,0.8,0,python run_reliability_suite.py (legacy MNIST corpus),results/reliability_teacher/runs/permuted_mnist__rate80__replay_coteach__seed0.json,reused_legacy,,,MNIST sanity/frontier evidence; produced by the prior reliability suite
permuted_mnist__rate80__replay_coteach__seed1,permuted_mnist,permuted_mnist,gate_coteach,mlp,symmetric,0.8,1,python run_reliability_suite.py (legacy MNIST corpus),results/reliability_teacher/runs/permuted_mnist__rate80__replay_coteach__seed1.json,reused_legacy,,,MNIST sanity/frontier evidence; produced by the prior reliability suite
permuted_mnist__rate80__replay_coteach__seed2,permuted_mnist,permuted_mnist,gate_coteach,mlp,symmetric,0.8,2,python run_reliability_suite.py (legacy MNIST corpus),results/reliability_teacher/runs/permuted_mnist__rate80__replay_coteach__seed2.json,reused_legacy,,,MNIST sanity/frontier evidence; produced by the prior reliability suite
permuted_mnist__rate80__replay_early5__seed0,permuted_mnist,permuted_mnist,replay_early5,mlp,symmetric,0.8,0,python run_reliability_suite.py (legacy MNIST corpus),results/reliability_teacher/runs/permuted_mnist__rate80__replay_early5__seed0.json,reused_legacy,,,MNIST sanity/frontier evidence; produced by the prior reliability suite
permuted_mnist__rate80__replay_early5__seed1,permuted_mnist,permuted_mnist,replay_early5,mlp,symmetric,0.8,1,python run_reliability_suite.py (legacy MNIST corpus),results/reliability_teacher/runs/permuted_mnist__rate80__replay_early5__seed1.json,reused_legacy,,,MNIST sanity/frontier evidence; produced by the prior reliability suite
permuted_mnist__rate80__replay_early5__seed2,permuted_mnist,permuted_mnist,replay_early5,mlp,symmetric,0.8,2,python run_reliability_suite.py (legacy MNIST corpus),results/reliability_teacher/runs/permuted_mnist__rate80__replay_early5__seed2.json,reused_legacy,,,MNIST sanity/frontier evidence; produced by the prior reliability suite
permuted_mnist__rate80__replay_early__seed0,permuted_mnist,permuted_mnist,replay_early,mlp,symmetric,0.8,0,python run_reliability_suite.py (legacy MNIST corpus),results/reliability_teacher/runs/permuted_mnist__rate80__replay_early__seed0.json,reused_legacy,,,MNIST sanity/frontier evidence; produced by the prior reliability suite
permuted_mnist__rate80__replay_early__seed1,permuted_mnist,permuted_mnist,replay_early,mlp,symmetric,0.8,1,python run_reliability_suite.py (legacy MNIST corpus),results/reliability_teacher/runs/permuted_mnist__rate80__replay_early__seed1.json,reused_legacy,,,MNIST sanity/frontier evidence; produced by the prior reliability suite
permuted_mnist__rate80__replay_early__seed2,permuted_mnist,permuted_mnist,replay_early,mlp,symmetric,0.8,2,python run_reliability_suite.py (legacy MNIST corpus),results/reliability_teacher/runs/permuted_mnist__rate80__replay_early__seed2.json,reused_legacy,,,MNIST sanity/frontier evidence; produced by the prior reliability suite
permuted_mnist__rate80__replay_teacher__seed0,permuted_mnist,permuted_mnist,gate_teacher,mlp,symmetric,0.8,0,python run_reliability_suite.py (legacy MNIST corpus),results/reliability_teacher/runs/permuted_mnist__rate80__replay_teacher__seed0.json,reused_legacy,,,MNIST sanity/frontier evidence; produced by the prior reliability suite
permuted_mnist__rate80__replay_teacher__seed1,permuted_mnist,permuted_mnist,gate_teacher,mlp,symmetric,0.8,1,python run_reliability_suite.py (legacy MNIST corpus),results/reliability_teacher/runs/permuted_mnist__rate80__replay_teacher__seed1.json,reused_legacy,,,MNIST sanity/frontier evidence; produced by the prior reliability suite
permuted_mnist__rate80__replay_teacher__seed2,permuted_mnist,permuted_mnist,gate_teacher,mlp,symmetric,0.8,2,python run_reliability_suite.py (legacy MNIST corpus),results/reliability_teacher/runs/permuted_mnist__rate80__replay_teacher__seed2.json,reused_legacy,,,MNIST sanity/frontier evidence; produced by the prior reliability suite
permuted_mnist__rate80__replay_teacher_m95__seed0,permuted_mnist,permuted_mnist,replay_teacher_m95,mlp,symmetric,0.8,0,python run_reliability_suite.py (legacy MNIST corpus),results/reliability_teacher/runs/permuted_mnist__rate80__replay_teacher_m95__seed0.json,reused_legacy,,,MNIST sanity/frontier evidence; produced by the prior reliability suite
permuted_mnist__rate80__replay_teacher_m95__seed1,permuted_mnist,permuted_mnist,replay_teacher_m95,mlp,symmetric,0.8,1,python run_reliability_suite.py (legacy MNIST corpus),results/reliability_teacher/runs/permuted_mnist__rate80__replay_teacher_m95__seed1.json,reused_legacy,,,MNIST sanity/frontier evidence; produced by the prior reliability suite
permuted_mnist__rate80__replay_teacher_m95__seed2,permuted_mnist,permuted_mnist,replay_teacher_m95,mlp,symmetric,0.8,2,python run_reliability_suite.py (legacy MNIST corpus),results/reliability_teacher/runs/permuted_mnist__rate80__replay_teacher_m95__seed2.json,reused_legacy,,,MNIST sanity/frontier evidence; produced by the prior reliability suite
permuted_mnist__rate80__replay_teacher_m999__seed0,permuted_mnist,permuted_mnist,gate_teacher,mlp,symmetric,0.8,0,python run_reliability_suite.py (legacy MNIST corpus),results/reliability_teacher/runs/permuted_mnist__rate80__replay_teacher_m999__seed0.json,reused_legacy,,,MNIST sanity/frontier evidence; produced by the prior reliability suite
permuted_mnist__rate80__replay_teacher_m999__seed1,permuted_mnist,permuted_mnist,gate_teacher,mlp,symmetric,0.8,1,python run_reliability_suite.py (legacy MNIST corpus),results/reliability_teacher/runs/permuted_mnist__rate80__replay_teacher_m999__seed1.json,reused_legacy,,,MNIST sanity/frontier evidence; produced by the prior reliability suite
permuted_mnist__rate80__replay_teacher_m999__seed2,permuted_mnist,permuted_mnist,gate_teacher,mlp,symmetric,0.8,2,python run_reliability_suite.py (legacy MNIST corpus),results/reliability_teacher/runs/permuted_mnist__rate80__replay_teacher_m999__seed2.json,reused_legacy,,,MNIST sanity/frontier evidence; produced by the prior reliability suite
split_mnist__rate00__replay_adaptive__seed0,split_mnist,split_mnist,replay_adaptive,mlp,symmetric,0.0,0,python run_reliability_suite.py (legacy MNIST corpus),results/reliability_teacher/runs/split_mnist__rate00__replay_adaptive__seed0.json,reused_legacy,,,MNIST sanity/frontier evidence; produced by the prior reliability suite
split_mnist__rate00__replay_adaptive__seed1,split_mnist,split_mnist,replay_adaptive,mlp,symmetric,0.0,1,python run_reliability_suite.py (legacy MNIST corpus),results/reliability_teacher/runs/split_mnist__rate00__replay_adaptive__seed1.json,reused_legacy,,,MNIST sanity/frontier evidence; produced by the prior reliability suite
split_mnist__rate00__replay_adaptive__seed2,split_mnist,split_mnist,replay_adaptive,mlp,symmetric,0.0,2,python run_reliability_suite.py (legacy MNIST corpus),results/reliability_teacher/runs/split_mnist__rate00__replay_adaptive__seed2.json,reused_legacy,,,MNIST sanity/frontier evidence; produced by the prior reliability suite
split_mnist__rate00__replay_agree__seed0,split_mnist,split_mnist,replay_agree,mlp,symmetric,0.0,0,python run_reliability_suite.py (legacy MNIST corpus),results/reliability_teacher/runs/split_mnist__rate00__replay_agree__seed0.json,reused_legacy,,,MNIST sanity/frontier evidence; produced by the prior reliability suite
split_mnist__rate00__replay_agree__seed1,split_mnist,split_mnist,replay_agree,mlp,symmetric,0.0,1,python run_reliability_suite.py (legacy MNIST corpus),results/reliability_teacher/runs/split_mnist__rate00__replay_agree__seed1.json,reused_legacy,,,MNIST sanity/frontier evidence; produced by the prior reliability suite
split_mnist__rate00__replay_agree__seed2,split_mnist,split_mnist,replay_agree,mlp,symmetric,0.0,2,python run_reliability_suite.py (legacy MNIST corpus),results/reliability_teacher/runs/split_mnist__rate00__replay_agree__seed2.json,reused_legacy,,,MNIST sanity/frontier evidence; produced by the prior reliability suite
split_mnist__rate00__replay_teacher__seed0,split_mnist,split_mnist,gate_teacher,mlp,symmetric,0.0,0,python run_reliability_suite.py (legacy MNIST corpus),results/reliability_teacher/runs/split_mnist__rate00__replay_teacher__seed0.json,reused_legacy,,,MNIST sanity/frontier evidence; produced by the prior reliability suite
split_mnist__rate00__replay_teacher__seed1,split_mnist,split_mnist,gate_teacher,mlp,symmetric,0.0,1,python run_reliability_suite.py (legacy MNIST corpus),results/reliability_teacher/runs/split_mnist__rate00__replay_teacher__seed1.json,reused_legacy,,,MNIST sanity/frontier evidence; produced by the prior reliability suite
split_mnist__rate00__replay_teacher__seed2,split_mnist,split_mnist,gate_teacher,mlp,symmetric,0.0,2,python run_reliability_suite.py (legacy MNIST corpus),results/reliability_teacher/runs/split_mnist__rate00__replay_teacher__seed2.json,reused_legacy,,,MNIST sanity/frontier evidence; produced by the prior reliability suite
split_mnist__rate00__replay_teacher_m95__seed0,split_mnist,split_mnist,replay_teacher_m95,mlp,symmetric,0.0,0,python run_reliability_suite.py (legacy MNIST corpus),results/reliability_teacher/runs/split_mnist__rate00__replay_teacher_m95__seed0.json,reused_legacy,,,MNIST sanity/frontier evidence; produced by the prior reliability suite
split_mnist__rate00__replay_teacher_m95__seed1,split_mnist,split_mnist,replay_teacher_m95,mlp,symmetric,0.0,1,python run_reliability_suite.py (legacy MNIST corpus),results/reliability_teacher/runs/split_mnist__rate00__replay_teacher_m95__seed1.json,reused_legacy,,,MNIST sanity/frontier evidence; produced by the prior reliability suite
split_mnist__rate00__replay_teacher_m95__seed2,split_mnist,split_mnist,replay_teacher_m95,mlp,symmetric,0.0,2,python run_reliability_suite.py (legacy MNIST corpus),results/reliability_teacher/runs/split_mnist__rate00__replay_teacher_m95__seed2.json,reused_legacy,,,MNIST sanity/frontier evidence; produced by the prior reliability suite
split_mnist__rate00__replay_teacher_m999__seed0,split_mnist,split_mnist,gate_teacher,mlp,symmetric,0.0,0,python run_reliability_suite.py (legacy MNIST corpus),results/reliability_teacher/runs/split_mnist__rate00__replay_teacher_m999__seed0.json,reused_legacy,,,MNIST sanity/frontier evidence; produced by the prior reliability suite
split_mnist__rate00__replay_teacher_m999__seed1,split_mnist,split_mnist,gate_teacher,mlp,symmetric,0.0,1,python run_reliability_suite.py (legacy MNIST corpus),results/reliability_teacher/runs/split_mnist__rate00__replay_teacher_m999__seed1.json,reused_legacy,,,MNIST sanity/frontier evidence; produced by the prior reliability suite
split_mnist__rate00__replay_teacher_m999__seed2,split_mnist,split_mnist,gate_teacher,mlp,symmetric,0.0,2,python run_reliability_suite.py (legacy MNIST corpus),results/reliability_teacher/runs/split_mnist__rate00__replay_teacher_m999__seed2.json,reused_legacy,,,MNIST sanity/frontier evidence; produced by the prior reliability suite
split_mnist__rate20__replay_adaptive__seed0,split_mnist,split_mnist,replay_adaptive,mlp,symmetric,0.2,0,python run_reliability_suite.py (legacy MNIST corpus),results/reliability_teacher/runs/split_mnist__rate20__replay_adaptive__seed0.json,reused_legacy,,,MNIST sanity/frontier evidence; produced by the prior reliability suite
split_mnist__rate20__replay_adaptive__seed1,split_mnist,split_mnist,replay_adaptive,mlp,symmetric,0.2,1,python run_reliability_suite.py (legacy MNIST corpus),results/reliability_teacher/runs/split_mnist__rate20__replay_adaptive__seed1.json,reused_legacy,,,MNIST sanity/frontier evidence; produced by the prior reliability suite
split_mnist__rate20__replay_adaptive__seed2,split_mnist,split_mnist,replay_adaptive,mlp,symmetric,0.2,2,python run_reliability_suite.py (legacy MNIST corpus),results/reliability_teacher/runs/split_mnist__rate20__replay_adaptive__seed2.json,reused_legacy,,,MNIST sanity/frontier evidence; produced by the prior reliability suite
split_mnist__rate20__replay_agree__seed0,split_mnist,split_mnist,replay_agree,mlp,symmetric,0.2,0,python run_reliability_suite.py (legacy MNIST corpus),results/reliability_teacher/runs/split_mnist__rate20__replay_agree__seed0.json,reused_legacy,,,MNIST sanity/frontier evidence; produced by the prior reliability suite
split_mnist__rate20__replay_agree__seed1,split_mnist,split_mnist,replay_agree,mlp,symmetric,0.2,1,python run_reliability_suite.py (legacy MNIST corpus),results/reliability_teacher/runs/split_mnist__rate20__replay_agree__seed1.json,reused_legacy,,,MNIST sanity/frontier evidence; produced by the prior reliability suite
split_mnist__rate20__replay_agree__seed2,split_mnist,split_mnist,replay_agree,mlp,symmetric,0.2,2,python run_reliability_suite.py (legacy MNIST corpus),results/reliability_teacher/runs/split_mnist__rate20__replay_agree__seed2.json,reused_legacy,,,MNIST sanity/frontier evidence; produced by the prior reliability suite
split_mnist__rate20__replay_teacher__seed0,split_mnist,split_mnist,gate_teacher,mlp,symmetric,0.2,0,python run_reliability_suite.py (legacy MNIST corpus),results/reliability_teacher/runs/split_mnist__rate20__replay_teacher__seed0.json,reused_legacy,,,MNIST sanity/frontier evidence; produced by the prior reliability suite
split_mnist__rate20__replay_teacher__seed1,split_mnist,split_mnist,gate_teacher,mlp,symmetric,0.2,1,python run_reliability_suite.py (legacy MNIST corpus),results/reliability_teacher/runs/split_mnist__rate20__replay_teacher__seed1.json,reused_legacy,,,MNIST sanity/frontier evidence; produced by the prior reliability suite
split_mnist__rate20__replay_teacher__seed2,split_mnist,split_mnist,gate_teacher,mlp,symmetric,0.2,2,python run_reliability_suite.py (legacy MNIST corpus),results/reliability_teacher/runs/split_mnist__rate20__replay_teacher__seed2.json,reused_legacy,,,MNIST sanity/frontier evidence; produced by the prior reliability suite
split_mnist__rate20__replay_teacher_m95__seed0,split_mnist,split_mnist,replay_teacher_m95,mlp,symmetric,0.2,0,python run_reliability_suite.py (legacy MNIST corpus),results/reliability_teacher/runs/split_mnist__rate20__replay_teacher_m95__seed0.json,reused_legacy,,,MNIST sanity/frontier evidence; produced by the prior reliability suite
split_mnist__rate20__replay_teacher_m95__seed1,split_mnist,split_mnist,replay_teacher_m95,mlp,symmetric,0.2,1,python run_reliability_suite.py (legacy MNIST corpus),results/reliability_teacher/runs/split_mnist__rate20__replay_teacher_m95__seed1.json,reused_legacy,,,MNIST sanity/frontier evidence; produced by the prior reliability suite
split_mnist__rate20__replay_teacher_m95__seed2,split_mnist,split_mnist,replay_teacher_m95,mlp,symmetric,0.2,2,python run_reliability_suite.py (legacy MNIST corpus),results/reliability_teacher/runs/split_mnist__rate20__replay_teacher_m95__seed2.json,reused_legacy,,,MNIST sanity/frontier evidence; produced by the prior reliability suite
split_mnist__rate20__replay_teacher_m999__seed0,split_mnist,split_mnist,gate_teacher,mlp,symmetric,0.2,0,python run_reliability_suite.py (legacy MNIST corpus),results/reliability_teacher/runs/split_mnist__rate20__replay_teacher_m999__seed0.json,reused_legacy,,,MNIST sanity/frontier evidence; produced by the prior reliability suite
split_mnist__rate20__replay_teacher_m999__seed1,split_mnist,split_mnist,gate_teacher,mlp,symmetric,0.2,1,python run_reliability_suite.py (legacy MNIST corpus),results/reliability_teacher/runs/split_mnist__rate20__replay_teacher_m999__seed1.json,reused_legacy,,,MNIST sanity/frontier evidence; produced by the prior reliability suite
split_mnist__rate20__replay_teacher_m999__seed2,split_mnist,split_mnist,gate_teacher,mlp,symmetric,0.2,2,python run_reliability_suite.py (legacy MNIST corpus),results/reliability_teacher/runs/split_mnist__rate20__replay_teacher_m999__seed2.json,reused_legacy,,,MNIST sanity/frontier evidence; produced by the prior reliability suite
split_mnist__rate40__replay_adaptive__seed0,split_mnist,split_mnist,replay_adaptive,mlp,symmetric,0.4,0,python run_reliability_suite.py (legacy MNIST corpus),results/reliability_teacher/runs/split_mnist__rate40__replay_adaptive__seed0.json,reused_legacy,,,MNIST sanity/frontier evidence; produced by the prior reliability suite
split_mnist__rate40__replay_adaptive__seed1,split_mnist,split_mnist,replay_adaptive,mlp,symmetric,0.4,1,python run_reliability_suite.py (legacy MNIST corpus),results/reliability_teacher/runs/split_mnist__rate40__replay_adaptive__seed1.json,reused_legacy,,,MNIST sanity/frontier evidence; produced by the prior reliability suite
split_mnist__rate40__replay_adaptive__seed2,split_mnist,split_mnist,replay_adaptive,mlp,symmetric,0.4,2,python run_reliability_suite.py (legacy MNIST corpus),results/reliability_teacher/runs/split_mnist__rate40__replay_adaptive__seed2.json,reused_legacy,,,MNIST sanity/frontier evidence; produced by the prior reliability suite
split_mnist__rate40__replay_agree__seed0,split_mnist,split_mnist,replay_agree,mlp,symmetric,0.4,0,python run_reliability_suite.py (legacy MNIST corpus),results/reliability_teacher/runs/split_mnist__rate40__replay_agree__seed0.json,reused_legacy,,,MNIST sanity/frontier evidence; produced by the prior reliability suite
split_mnist__rate40__replay_agree__seed1,split_mnist,split_mnist,replay_agree,mlp,symmetric,0.4,1,python run_reliability_suite.py (legacy MNIST corpus),results/reliability_teacher/runs/split_mnist__rate40__replay_agree__seed1.json,reused_legacy,,,MNIST sanity/frontier evidence; produced by the prior reliability suite
split_mnist__rate40__replay_agree__seed2,split_mnist,split_mnist,replay_agree,mlp,symmetric,0.4,2,python run_reliability_suite.py (legacy MNIST corpus),results/reliability_teacher/runs/split_mnist__rate40__replay_agree__seed2.json,reused_legacy,,,MNIST sanity/frontier evidence; produced by the prior reliability suite
split_mnist__rate40__replay_coteach__seed0,split_mnist,split_mnist,gate_coteach,mlp,symmetric,0.4,0,python run_reliability_suite.py (legacy MNIST corpus),results/reliability_teacher/runs/split_mnist__rate40__replay_coteach__seed0.json,reused_legacy,,,MNIST sanity/frontier evidence; produced by the prior reliability suite
split_mnist__rate40__replay_coteach__seed1,split_mnist,split_mnist,gate_coteach,mlp,symmetric,0.4,1,python run_reliability_suite.py (legacy MNIST corpus),results/reliability_teacher/runs/split_mnist__rate40__replay_coteach__seed1.json,reused_legacy,,,MNIST sanity/frontier evidence; produced by the prior reliability suite
split_mnist__rate40__replay_coteach__seed2,split_mnist,split_mnist,gate_coteach,mlp,symmetric,0.4,2,python run_reliability_suite.py (legacy MNIST corpus),results/reliability_teacher/runs/split_mnist__rate40__replay_coteach__seed2.json,reused_legacy,,,MNIST sanity/frontier evidence; produced by the prior reliability suite
split_mnist__rate40__replay_early5__seed0,split_mnist,split_mnist,replay_early5,mlp,symmetric,0.4,0,python run_reliability_suite.py (legacy MNIST corpus),results/reliability_teacher/runs/split_mnist__rate40__replay_early5__seed0.json,reused_legacy,,,MNIST sanity/frontier evidence; produced by the prior reliability suite
split_mnist__rate40__replay_early5__seed1,split_mnist,split_mnist,replay_early5,mlp,symmetric,0.4,1,python run_reliability_suite.py (legacy MNIST corpus),results/reliability_teacher/runs/split_mnist__rate40__replay_early5__seed1.json,reused_legacy,,,MNIST sanity/frontier evidence; produced by the prior reliability suite
split_mnist__rate40__replay_early5__seed2,split_mnist,split_mnist,replay_early5,mlp,symmetric,0.4,2,python run_reliability_suite.py (legacy MNIST corpus),results/reliability_teacher/runs/split_mnist__rate40__replay_early5__seed2.json,reused_legacy,,,MNIST sanity/frontier evidence; produced by the prior reliability suite
split_mnist__rate40__replay_early__seed0,split_mnist,split_mnist,replay_early,mlp,symmetric,0.4,0,python run_reliability_suite.py (legacy MNIST corpus),results/reliability_teacher/runs/split_mnist__rate40__replay_early__seed0.json,reused_legacy,,,MNIST sanity/frontier evidence; produced by the prior reliability suite
split_mnist__rate40__replay_early__seed1,split_mnist,split_mnist,replay_early,mlp,symmetric,0.4,1,python run_reliability_suite.py (legacy MNIST corpus),results/reliability_teacher/runs/split_mnist__rate40__replay_early__seed1.json,reused_legacy,,,MNIST sanity/frontier evidence; produced by the prior reliability suite
split_mnist__rate40__replay_early__seed2,split_mnist,split_mnist,replay_early,mlp,symmetric,0.4,2,python run_reliability_suite.py (legacy MNIST corpus),results/reliability_teacher/runs/split_mnist__rate40__replay_early__seed2.json,reused_legacy,,,MNIST sanity/frontier evidence; produced by the prior reliability suite
split_mnist__rate40__replay_teacher__seed0,split_mnist,split_mnist,gate_teacher,mlp,symmetric,0.4,0,python run_reliability_suite.py (legacy MNIST corpus),results/reliability_teacher/runs/split_mnist__rate40__replay_teacher__seed0.json,reused_legacy,,,MNIST sanity/frontier evidence; produced by the prior reliability suite
split_mnist__rate40__replay_teacher__seed1,split_mnist,split_mnist,gate_teacher,mlp,symmetric,0.4,1,python run_reliability_suite.py (legacy MNIST corpus),results/reliability_teacher/runs/split_mnist__rate40__replay_teacher__seed1.json,reused_legacy,,,MNIST sanity/frontier evidence; produced by the prior reliability suite
split_mnist__rate40__replay_teacher__seed2,split_mnist,split_mnist,gate_teacher,mlp,symmetric,0.4,2,python run_reliability_suite.py (legacy MNIST corpus),results/reliability_teacher/runs/split_mnist__rate40__replay_teacher__seed2.json,reused_legacy,,,MNIST sanity/frontier evidence; produced by the prior reliability suite
split_mnist__rate40__replay_teacher_m95__seed0,split_mnist,split_mnist,replay_teacher_m95,mlp,symmetric,0.4,0,python run_reliability_suite.py (legacy MNIST corpus),results/reliability_teacher/runs/split_mnist__rate40__replay_teacher_m95__seed0.json,reused_legacy,,,MNIST sanity/frontier evidence; produced by the prior reliability suite
split_mnist__rate40__replay_teacher_m95__seed1,split_mnist,split_mnist,replay_teacher_m95,mlp,symmetric,0.4,1,python run_reliability_suite.py (legacy MNIST corpus),results/reliability_teacher/runs/split_mnist__rate40__replay_teacher_m95__seed1.json,reused_legacy,,,MNIST sanity/frontier evidence; produced by the prior reliability suite
split_mnist__rate40__replay_teacher_m95__seed2,split_mnist,split_mnist,replay_teacher_m95,mlp,symmetric,0.4,2,python run_reliability_suite.py (legacy MNIST corpus),results/reliability_teacher/runs/split_mnist__rate40__replay_teacher_m95__seed2.json,reused_legacy,,,MNIST sanity/frontier evidence; produced by the prior reliability suite
split_mnist__rate40__replay_teacher_m999__seed0,split_mnist,split_mnist,gate_teacher,mlp,symmetric,0.4,0,python run_reliability_suite.py (legacy MNIST corpus),results/reliability_teacher/runs/split_mnist__rate40__replay_teacher_m999__seed0.json,reused_legacy,,,MNIST sanity/frontier evidence; produced by the prior reliability suite
split_mnist__rate40__replay_teacher_m999__seed1,split_mnist,split_mnist,gate_teacher,mlp,symmetric,0.4,1,python run_reliability_suite.py (legacy MNIST corpus),results/reliability_teacher/runs/split_mnist__rate40__replay_teacher_m999__seed1.json,reused_legacy,,,MNIST sanity/frontier evidence; produced by the prior reliability suite
split_mnist__rate40__replay_teacher_m999__seed2,split_mnist,split_mnist,gate_teacher,mlp,symmetric,0.4,2,python run_reliability_suite.py (legacy MNIST corpus),results/reliability_teacher/runs/split_mnist__rate40__replay_teacher_m999__seed2.json,reused_legacy,,,MNIST sanity/frontier evidence; produced by the prior reliability suite
split_mnist__rate40_asym__replay__seed0,split_mnist,split_mnist,er,mlp,asymmetric,0.4,0,python run_reliability_suite.py (legacy MNIST corpus),results/reliability_teacher/runs/split_mnist__rate40_asym__replay__seed0.json,reused_legacy,,,MNIST sanity/frontier evidence; produced by the prior reliability suite
split_mnist__rate40_asym__replay__seed1,split_mnist,split_mnist,er,mlp,asymmetric,0.4,1,python run_reliability_suite.py (legacy MNIST corpus),results/reliability_teacher/runs/split_mnist__rate40_asym__replay__seed1.json,reused_legacy,,,MNIST sanity/frontier evidence; produced by the prior reliability suite
split_mnist__rate40_asym__replay__seed2,split_mnist,split_mnist,er,mlp,asymmetric,0.4,2,python run_reliability_suite.py (legacy MNIST corpus),results/reliability_teacher/runs/split_mnist__rate40_asym__replay__seed2.json,reused_legacy,,,MNIST sanity/frontier evidence; produced by the prior reliability suite
split_mnist__rate40_asym__replay_adaptive__seed0,split_mnist,split_mnist,replay_adaptive,mlp,asymmetric,0.4,0,python run_reliability_suite.py (legacy MNIST corpus),results/reliability_teacher/runs/split_mnist__rate40_asym__replay_adaptive__seed0.json,reused_legacy,,,MNIST sanity/frontier evidence; produced by the prior reliability suite
split_mnist__rate40_asym__replay_adaptive__seed1,split_mnist,split_mnist,replay_adaptive,mlp,asymmetric,0.4,1,python run_reliability_suite.py (legacy MNIST corpus),results/reliability_teacher/runs/split_mnist__rate40_asym__replay_adaptive__seed1.json,reused_legacy,,,MNIST sanity/frontier evidence; produced by the prior reliability suite
split_mnist__rate40_asym__replay_adaptive__seed2,split_mnist,split_mnist,replay_adaptive,mlp,asymmetric,0.4,2,python run_reliability_suite.py (legacy MNIST corpus),results/reliability_teacher/runs/split_mnist__rate40_asym__replay_adaptive__seed2.json,reused_legacy,,,MNIST sanity/frontier evidence; produced by the prior reliability suite
split_mnist__rate40_asym__replay_agree__seed0,split_mnist,split_mnist,replay_agree,mlp,asymmetric,0.4,0,python run_reliability_suite.py (legacy MNIST corpus),results/reliability_teacher/runs/split_mnist__rate40_asym__replay_agree__seed0.json,reused_legacy,,,MNIST sanity/frontier evidence; produced by the prior reliability suite
split_mnist__rate40_asym__replay_agree__seed1,split_mnist,split_mnist,replay_agree,mlp,asymmetric,0.4,1,python run_reliability_suite.py (legacy MNIST corpus),results/reliability_teacher/runs/split_mnist__rate40_asym__replay_agree__seed1.json,reused_legacy,,,MNIST sanity/frontier evidence; produced by the prior reliability suite
split_mnist__rate40_asym__replay_agree__seed2,split_mnist,split_mnist,replay_agree,mlp,asymmetric,0.4,2,python run_reliability_suite.py (legacy MNIST corpus),results/reliability_teacher/runs/split_mnist__rate40_asym__replay_agree__seed2.json,reused_legacy,,,MNIST sanity/frontier evidence; produced by the prior reliability suite
split_mnist__rate40_asym__replay_conf__seed0,split_mnist,split_mnist,gate_conf,mlp,asymmetric,0.4,0,python run_reliability_suite.py (legacy MNIST corpus),results/reliability_teacher/runs/split_mnist__rate40_asym__replay_conf__seed0.json,reused_legacy,,,MNIST sanity/frontier evidence; produced by the prior reliability suite
split_mnist__rate40_asym__replay_conf__seed1,split_mnist,split_mnist,gate_conf,mlp,asymmetric,0.4,1,python run_reliability_suite.py (legacy MNIST corpus),results/reliability_teacher/runs/split_mnist__rate40_asym__replay_conf__seed1.json,reused_legacy,,,MNIST sanity/frontier evidence; produced by the prior reliability suite
split_mnist__rate40_asym__replay_conf__seed2,split_mnist,split_mnist,gate_conf,mlp,asymmetric,0.4,2,python run_reliability_suite.py (legacy MNIST corpus),results/reliability_teacher/runs/split_mnist__rate40_asym__replay_conf__seed2.json,reused_legacy,,,MNIST sanity/frontier evidence; produced by the prior reliability suite
split_mnist__rate40_asym__replay_error__seed0,split_mnist,split_mnist,gate_loss,mlp,asymmetric,0.4,0,python run_reliability_suite.py (legacy MNIST corpus),results/reliability_teacher/runs/split_mnist__rate40_asym__replay_error__seed0.json,reused_legacy,,,MNIST sanity/frontier evidence; produced by the prior reliability suite
split_mnist__rate40_asym__replay_error__seed1,split_mnist,split_mnist,gate_loss,mlp,asymmetric,0.4,1,python run_reliability_suite.py (legacy MNIST corpus),results/reliability_teacher/runs/split_mnist__rate40_asym__replay_error__seed1.json,reused_legacy,,,MNIST sanity/frontier evidence; produced by the prior reliability suite
split_mnist__rate40_asym__replay_error__seed2,split_mnist,split_mnist,gate_loss,mlp,asymmetric,0.4,2,python run_reliability_suite.py (legacy MNIST corpus),results/reliability_teacher/runs/split_mnist__rate40_asym__replay_error__seed2.json,reused_legacy,,,MNIST sanity/frontier evidence; produced by the prior reliability suite
split_mnist__rate40_asym__replay_teacher__seed0,split_mnist,split_mnist,gate_teacher,mlp,asymmetric,0.4,0,python run_reliability_suite.py (legacy MNIST corpus),results/reliability_teacher/runs/split_mnist__rate40_asym__replay_teacher__seed0.json,reused_legacy,,,MNIST sanity/frontier evidence; produced by the prior reliability suite
split_mnist__rate40_asym__replay_teacher__seed1,split_mnist,split_mnist,gate_teacher,mlp,asymmetric,0.4,1,python run_reliability_suite.py (legacy MNIST corpus),results/reliability_teacher/runs/split_mnist__rate40_asym__replay_teacher__seed1.json,reused_legacy,,,MNIST sanity/frontier evidence; produced by the prior reliability suite
split_mnist__rate40_asym__replay_teacher__seed2,split_mnist,split_mnist,gate_teacher,mlp,asymmetric,0.4,2,python run_reliability_suite.py (legacy MNIST corpus),results/reliability_teacher/runs/split_mnist__rate40_asym__replay_teacher__seed2.json,reused_legacy,,,MNIST sanity/frontier evidence; produced by the prior reliability suite
split_mnist__rate40_asym__replay_teacher_m95__seed0,split_mnist,split_mnist,replay_teacher_m95,mlp,asymmetric,0.4,0,python run_reliability_suite.py (legacy MNIST corpus),results/reliability_teacher/runs/split_mnist__rate40_asym__replay_teacher_m95__seed0.json,reused_legacy,,,MNIST sanity/frontier evidence; produced by the prior reliability suite
split_mnist__rate40_asym__replay_teacher_m95__seed1,split_mnist,split_mnist,replay_teacher_m95,mlp,asymmetric,0.4,1,python run_reliability_suite.py (legacy MNIST corpus),results/reliability_teacher/runs/split_mnist__rate40_asym__replay_teacher_m95__seed1.json,reused_legacy,,,MNIST sanity/frontier evidence; produced by the prior reliability suite
split_mnist__rate40_asym__replay_teacher_m95__seed2,split_mnist,split_mnist,replay_teacher_m95,mlp,asymmetric,0.4,2,python run_reliability_suite.py (legacy MNIST corpus),results/reliability_teacher/runs/split_mnist__rate40_asym__replay_teacher_m95__seed2.json,reused_legacy,,,MNIST sanity/frontier evidence; produced by the prior reliability suite
split_mnist__rate40_asym__replay_teacher_m999__seed0,split_mnist,split_mnist,gate_teacher,mlp,asymmetric,0.4,0,python run_reliability_suite.py (legacy MNIST corpus),results/reliability_teacher/runs/split_mnist__rate40_asym__replay_teacher_m999__seed0.json,reused_legacy,,,MNIST sanity/frontier evidence; produced by the prior reliability suite
split_mnist__rate40_asym__replay_teacher_m999__seed1,split_mnist,split_mnist,gate_teacher,mlp,asymmetric,0.4,1,python run_reliability_suite.py (legacy MNIST corpus),results/reliability_teacher/runs/split_mnist__rate40_asym__replay_teacher_m999__seed1.json,reused_legacy,,,MNIST sanity/frontier evidence; produced by the prior reliability suite
split_mnist__rate40_asym__replay_teacher_m999__seed2,split_mnist,split_mnist,gate_teacher,mlp,asymmetric,0.4,2,python run_reliability_suite.py (legacy MNIST corpus),results/reliability_teacher/runs/split_mnist__rate40_asym__replay_teacher_m999__seed2.json,reused_legacy,,,MNIST sanity/frontier evidence; produced by the prior reliability suite
split_mnist__rate60__replay_adaptive__seed0,split_mnist,split_mnist,replay_adaptive,mlp,symmetric,0.6,0,python run_reliability_suite.py (legacy MNIST corpus),results/reliability_teacher/runs/split_mnist__rate60__replay_adaptive__seed0.json,reused_legacy,,,MNIST sanity/frontier evidence; produced by the prior reliability suite
split_mnist__rate60__replay_adaptive__seed1,split_mnist,split_mnist,replay_adaptive,mlp,symmetric,0.6,1,python run_reliability_suite.py (legacy MNIST corpus),results/reliability_teacher/runs/split_mnist__rate60__replay_adaptive__seed1.json,reused_legacy,,,MNIST sanity/frontier evidence; produced by the prior reliability suite
split_mnist__rate60__replay_adaptive__seed2,split_mnist,split_mnist,replay_adaptive,mlp,symmetric,0.6,2,python run_reliability_suite.py (legacy MNIST corpus),results/reliability_teacher/runs/split_mnist__rate60__replay_adaptive__seed2.json,reused_legacy,,,MNIST sanity/frontier evidence; produced by the prior reliability suite
split_mnist__rate60__replay_agree__seed0,split_mnist,split_mnist,replay_agree,mlp,symmetric,0.6,0,python run_reliability_suite.py (legacy MNIST corpus),results/reliability_teacher/runs/split_mnist__rate60__replay_agree__seed0.json,reused_legacy,,,MNIST sanity/frontier evidence; produced by the prior reliability suite
split_mnist__rate60__replay_agree__seed1,split_mnist,split_mnist,replay_agree,mlp,symmetric,0.6,1,python run_reliability_suite.py (legacy MNIST corpus),results/reliability_teacher/runs/split_mnist__rate60__replay_agree__seed1.json,reused_legacy,,,MNIST sanity/frontier evidence; produced by the prior reliability suite
split_mnist__rate60__replay_agree__seed2,split_mnist,split_mnist,replay_agree,mlp,symmetric,0.6,2,python run_reliability_suite.py (legacy MNIST corpus),results/reliability_teacher/runs/split_mnist__rate60__replay_agree__seed2.json,reused_legacy,,,MNIST sanity/frontier evidence; produced by the prior reliability suite
split_mnist__rate60__replay_coteach__seed0,split_mnist,split_mnist,gate_coteach,mlp,symmetric,0.6,0,python run_reliability_suite.py (legacy MNIST corpus),results/reliability_teacher/runs/split_mnist__rate60__replay_coteach__seed0.json,reused_legacy,,,MNIST sanity/frontier evidence; produced by the prior reliability suite
split_mnist__rate60__replay_coteach__seed1,split_mnist,split_mnist,gate_coteach,mlp,symmetric,0.6,1,python run_reliability_suite.py (legacy MNIST corpus),results/reliability_teacher/runs/split_mnist__rate60__replay_coteach__seed1.json,reused_legacy,,,MNIST sanity/frontier evidence; produced by the prior reliability suite
split_mnist__rate60__replay_coteach__seed2,split_mnist,split_mnist,gate_coteach,mlp,symmetric,0.6,2,python run_reliability_suite.py (legacy MNIST corpus),results/reliability_teacher/runs/split_mnist__rate60__replay_coteach__seed2.json,reused_legacy,,,MNIST sanity/frontier evidence; produced by the prior reliability suite
split_mnist__rate60__replay_early5__seed0,split_mnist,split_mnist,replay_early5,mlp,symmetric,0.6,0,python run_reliability_suite.py (legacy MNIST corpus),results/reliability_teacher/runs/split_mnist__rate60__replay_early5__seed0.json,reused_legacy,,,MNIST sanity/frontier evidence; produced by the prior reliability suite
split_mnist__rate60__replay_early5__seed1,split_mnist,split_mnist,replay_early5,mlp,symmetric,0.6,1,python run_reliability_suite.py (legacy MNIST corpus),results/reliability_teacher/runs/split_mnist__rate60__replay_early5__seed1.json,reused_legacy,,,MNIST sanity/frontier evidence; produced by the prior reliability suite
split_mnist__rate60__replay_early5__seed2,split_mnist,split_mnist,replay_early5,mlp,symmetric,0.6,2,python run_reliability_suite.py (legacy MNIST corpus),results/reliability_teacher/runs/split_mnist__rate60__replay_early5__seed2.json,reused_legacy,,,MNIST sanity/frontier evidence; produced by the prior reliability suite
split_mnist__rate60__replay_early__seed0,split_mnist,split_mnist,replay_early,mlp,symmetric,0.6,0,python run_reliability_suite.py (legacy MNIST corpus),results/reliability_teacher/runs/split_mnist__rate60__replay_early__seed0.json,reused_legacy,,,MNIST sanity/frontier evidence; produced by the prior reliability suite
split_mnist__rate60__replay_early__seed1,split_mnist,split_mnist,replay_early,mlp,symmetric,0.6,1,python run_reliability_suite.py (legacy MNIST corpus),results/reliability_teacher/runs/split_mnist__rate60__replay_early__seed1.json,reused_legacy,,,MNIST sanity/frontier evidence; produced by the prior reliability suite
split_mnist__rate60__replay_early__seed2,split_mnist,split_mnist,replay_early,mlp,symmetric,0.6,2,python run_reliability_suite.py (legacy MNIST corpus),results/reliability_teacher/runs/split_mnist__rate60__replay_early__seed2.json,reused_legacy,,,MNIST sanity/frontier evidence; produced by the prior reliability suite
split_mnist__rate60__replay_teacher__seed0,split_mnist,split_mnist,gate_teacher,mlp,symmetric,0.6,0,python run_reliability_suite.py (legacy MNIST corpus),results/reliability_teacher/runs/split_mnist__rate60__replay_teacher__seed0.json,reused_legacy,,,MNIST sanity/frontier evidence; produced by the prior reliability suite
split_mnist__rate60__replay_teacher__seed1,split_mnist,split_mnist,gate_teacher,mlp,symmetric,0.6,1,python run_reliability_suite.py (legacy MNIST corpus),results/reliability_teacher/runs/split_mnist__rate60__replay_teacher__seed1.json,reused_legacy,,,MNIST sanity/frontier evidence; produced by the prior reliability suite
split_mnist__rate60__replay_teacher__seed2,split_mnist,split_mnist,gate_teacher,mlp,symmetric,0.6,2,python run_reliability_suite.py (legacy MNIST corpus),results/reliability_teacher/runs/split_mnist__rate60__replay_teacher__seed2.json,reused_legacy,,,MNIST sanity/frontier evidence; produced by the prior reliability suite
split_mnist__rate60__replay_teacher_m95__seed0,split_mnist,split_mnist,replay_teacher_m95,mlp,symmetric,0.6,0,python run_reliability_suite.py (legacy MNIST corpus),results/reliability_teacher/runs/split_mnist__rate60__replay_teacher_m95__seed0.json,reused_legacy,,,MNIST sanity/frontier evidence; produced by the prior reliability suite
split_mnist__rate60__replay_teacher_m95__seed1,split_mnist,split_mnist,replay_teacher_m95,mlp,symmetric,0.6,1,python run_reliability_suite.py (legacy MNIST corpus),results/reliability_teacher/runs/split_mnist__rate60__replay_teacher_m95__seed1.json,reused_legacy,,,MNIST sanity/frontier evidence; produced by the prior reliability suite
split_mnist__rate60__replay_teacher_m95__seed2,split_mnist,split_mnist,replay_teacher_m95,mlp,symmetric,0.6,2,python run_reliability_suite.py (legacy MNIST corpus),results/reliability_teacher/runs/split_mnist__rate60__replay_teacher_m95__seed2.json,reused_legacy,,,MNIST sanity/frontier evidence; produced by the prior reliability suite
split_mnist__rate60__replay_teacher_m999__seed0,split_mnist,split_mnist,gate_teacher,mlp,symmetric,0.6,0,python run_reliability_suite.py (legacy MNIST corpus),results/reliability_teacher/runs/split_mnist__rate60__replay_teacher_m999__seed0.json,reused_legacy,,,MNIST sanity/frontier evidence; produced by the prior reliability suite
split_mnist__rate60__replay_teacher_m999__seed1,split_mnist,split_mnist,gate_teacher,mlp,symmetric,0.6,1,python run_reliability_suite.py (legacy MNIST corpus),results/reliability_teacher/runs/split_mnist__rate60__replay_teacher_m999__seed1.json,reused_legacy,,,MNIST sanity/frontier evidence; produced by the prior reliability suite
split_mnist__rate60__replay_teacher_m999__seed2,split_mnist,split_mnist,gate_teacher,mlp,symmetric,0.6,2,python run_reliability_suite.py (legacy MNIST corpus),results/reliability_teacher/runs/split_mnist__rate60__replay_teacher_m999__seed2.json,reused_legacy,,,MNIST sanity/frontier evidence; produced by the prior reliability suite
split_mnist__rate60_asym__replay__seed0,split_mnist,split_mnist,er,mlp,asymmetric,0.6,0,python run_reliability_suite.py (legacy MNIST corpus),results/reliability_teacher/runs/split_mnist__rate60_asym__replay__seed0.json,reused_legacy,,,MNIST sanity/frontier evidence; produced by the prior reliability suite
split_mnist__rate60_asym__replay__seed1,split_mnist,split_mnist,er,mlp,asymmetric,0.6,1,python run_reliability_suite.py (legacy MNIST corpus),results/reliability_teacher/runs/split_mnist__rate60_asym__replay__seed1.json,reused_legacy,,,MNIST sanity/frontier evidence; produced by the prior reliability suite
split_mnist__rate60_asym__replay__seed2,split_mnist,split_mnist,er,mlp,asymmetric,0.6,2,python run_reliability_suite.py (legacy MNIST corpus),results/reliability_teacher/runs/split_mnist__rate60_asym__replay__seed2.json,reused_legacy,,,MNIST sanity/frontier evidence; produced by the prior reliability suite
split_mnist__rate60_asym__replay_adaptive__seed0,split_mnist,split_mnist,replay_adaptive,mlp,asymmetric,0.6,0,python run_reliability_suite.py (legacy MNIST corpus),results/reliability_teacher/runs/split_mnist__rate60_asym__replay_adaptive__seed0.json,reused_legacy,,,MNIST sanity/frontier evidence; produced by the prior reliability suite
split_mnist__rate60_asym__replay_adaptive__seed1,split_mnist,split_mnist,replay_adaptive,mlp,asymmetric,0.6,1,python run_reliability_suite.py (legacy MNIST corpus),results/reliability_teacher/runs/split_mnist__rate60_asym__replay_adaptive__seed1.json,reused_legacy,,,MNIST sanity/frontier evidence; produced by the prior reliability suite
split_mnist__rate60_asym__replay_adaptive__seed2,split_mnist,split_mnist,replay_adaptive,mlp,asymmetric,0.6,2,python run_reliability_suite.py (legacy MNIST corpus),results/reliability_teacher/runs/split_mnist__rate60_asym__replay_adaptive__seed2.json,reused_legacy,,,MNIST sanity/frontier evidence; produced by the prior reliability suite
split_mnist__rate60_asym__replay_agree__seed0,split_mnist,split_mnist,replay_agree,mlp,asymmetric,0.6,0,python run_reliability_suite.py (legacy MNIST corpus),results/reliability_teacher/runs/split_mnist__rate60_asym__replay_agree__seed0.json,reused_legacy,,,MNIST sanity/frontier evidence; produced by the prior reliability suite
split_mnist__rate60_asym__replay_agree__seed1,split_mnist,split_mnist,replay_agree,mlp,asymmetric,0.6,1,python run_reliability_suite.py (legacy MNIST corpus),results/reliability_teacher/runs/split_mnist__rate60_asym__replay_agree__seed1.json,reused_legacy,,,MNIST sanity/frontier evidence; produced by the prior reliability suite
split_mnist__rate60_asym__replay_agree__seed2,split_mnist,split_mnist,replay_agree,mlp,asymmetric,0.6,2,python run_reliability_suite.py (legacy MNIST corpus),results/reliability_teacher/runs/split_mnist__rate60_asym__replay_agree__seed2.json,reused_legacy,,,MNIST sanity/frontier evidence; produced by the prior reliability suite
split_mnist__rate60_asym__replay_conf__seed0,split_mnist,split_mnist,gate_conf,mlp,asymmetric,0.6,0,python run_reliability_suite.py (legacy MNIST corpus),results/reliability_teacher/runs/split_mnist__rate60_asym__replay_conf__seed0.json,reused_legacy,,,MNIST sanity/frontier evidence; produced by the prior reliability suite
split_mnist__rate60_asym__replay_conf__seed1,split_mnist,split_mnist,gate_conf,mlp,asymmetric,0.6,1,python run_reliability_suite.py (legacy MNIST corpus),results/reliability_teacher/runs/split_mnist__rate60_asym__replay_conf__seed1.json,reused_legacy,,,MNIST sanity/frontier evidence; produced by the prior reliability suite
split_mnist__rate60_asym__replay_conf__seed2,split_mnist,split_mnist,gate_conf,mlp,asymmetric,0.6,2,python run_reliability_suite.py (legacy MNIST corpus),results/reliability_teacher/runs/split_mnist__rate60_asym__replay_conf__seed2.json,reused_legacy,,,MNIST sanity/frontier evidence; produced by the prior reliability suite
split_mnist__rate60_asym__replay_coteach__seed0,split_mnist,split_mnist,gate_coteach,mlp,asymmetric,0.6,0,python run_reliability_suite.py (legacy MNIST corpus),results/reliability_teacher/runs/split_mnist__rate60_asym__replay_coteach__seed0.json,reused_legacy,,,MNIST sanity/frontier evidence; produced by the prior reliability suite
split_mnist__rate60_asym__replay_coteach__seed1,split_mnist,split_mnist,gate_coteach,mlp,asymmetric,0.6,1,python run_reliability_suite.py (legacy MNIST corpus),results/reliability_teacher/runs/split_mnist__rate60_asym__replay_coteach__seed1.json,reused_legacy,,,MNIST sanity/frontier evidence; produced by the prior reliability suite
split_mnist__rate60_asym__replay_coteach__seed2,split_mnist,split_mnist,gate_coteach,mlp,asymmetric,0.6,2,python run_reliability_suite.py (legacy MNIST corpus),results/reliability_teacher/runs/split_mnist__rate60_asym__replay_coteach__seed2.json,reused_legacy,,,MNIST sanity/frontier evidence; produced by the prior reliability suite
split_mnist__rate60_asym__replay_early5__seed0,split_mnist,split_mnist,replay_early5,mlp,asymmetric,0.6,0,python run_reliability_suite.py (legacy MNIST corpus),results/reliability_teacher/runs/split_mnist__rate60_asym__replay_early5__seed0.json,reused_legacy,,,MNIST sanity/frontier evidence; produced by the prior reliability suite
split_mnist__rate60_asym__replay_early5__seed1,split_mnist,split_mnist,replay_early5,mlp,asymmetric,0.6,1,python run_reliability_suite.py (legacy MNIST corpus),results/reliability_teacher/runs/split_mnist__rate60_asym__replay_early5__seed1.json,reused_legacy,,,MNIST sanity/frontier evidence; produced by the prior reliability suite
split_mnist__rate60_asym__replay_early5__seed2,split_mnist,split_mnist,replay_early5,mlp,asymmetric,0.6,2,python run_reliability_suite.py (legacy MNIST corpus),results/reliability_teacher/runs/split_mnist__rate60_asym__replay_early5__seed2.json,reused_legacy,,,MNIST sanity/frontier evidence; produced by the prior reliability suite
split_mnist__rate60_asym__replay_early__seed0,split_mnist,split_mnist,replay_early,mlp,asymmetric,0.6,0,python run_reliability_suite.py (legacy MNIST corpus),results/reliability_teacher/runs/split_mnist__rate60_asym__replay_early__seed0.json,reused_legacy,,,MNIST sanity/frontier evidence; produced by the prior reliability suite
split_mnist__rate60_asym__replay_early__seed1,split_mnist,split_mnist,replay_early,mlp,asymmetric,0.6,1,python run_reliability_suite.py (legacy MNIST corpus),results/reliability_teacher/runs/split_mnist__rate60_asym__replay_early__seed1.json,reused_legacy,,,MNIST sanity/frontier evidence; produced by the prior reliability suite
split_mnist__rate60_asym__replay_early__seed2,split_mnist,split_mnist,replay_early,mlp,asymmetric,0.6,2,python run_reliability_suite.py (legacy MNIST corpus),results/reliability_teacher/runs/split_mnist__rate60_asym__replay_early__seed2.json,reused_legacy,,,MNIST sanity/frontier evidence; produced by the prior reliability suite
split_mnist__rate60_asym__replay_error__seed0,split_mnist,split_mnist,gate_loss,mlp,asymmetric,0.6,0,python run_reliability_suite.py (legacy MNIST corpus),results/reliability_teacher/runs/split_mnist__rate60_asym__replay_error__seed0.json,reused_legacy,,,MNIST sanity/frontier evidence; produced by the prior reliability suite
split_mnist__rate60_asym__replay_error__seed1,split_mnist,split_mnist,gate_loss,mlp,asymmetric,0.6,1,python run_reliability_suite.py (legacy MNIST corpus),results/reliability_teacher/runs/split_mnist__rate60_asym__replay_error__seed1.json,reused_legacy,,,MNIST sanity/frontier evidence; produced by the prior reliability suite
split_mnist__rate60_asym__replay_error__seed2,split_mnist,split_mnist,gate_loss,mlp,asymmetric,0.6,2,python run_reliability_suite.py (legacy MNIST corpus),results/reliability_teacher/runs/split_mnist__rate60_asym__replay_error__seed2.json,reused_legacy,,,MNIST sanity/frontier evidence; produced by the prior reliability suite
split_mnist__rate60_asym__replay_teacher__seed0,split_mnist,split_mnist,gate_teacher,mlp,asymmetric,0.6,0,python run_reliability_suite.py (legacy MNIST corpus),results/reliability_teacher/runs/split_mnist__rate60_asym__replay_teacher__seed0.json,reused_legacy,,,MNIST sanity/frontier evidence; produced by the prior reliability suite
split_mnist__rate60_asym__replay_teacher__seed1,split_mnist,split_mnist,gate_teacher,mlp,asymmetric,0.6,1,python run_reliability_suite.py (legacy MNIST corpus),results/reliability_teacher/runs/split_mnist__rate60_asym__replay_teacher__seed1.json,reused_legacy,,,MNIST sanity/frontier evidence; produced by the prior reliability suite
split_mnist__rate60_asym__replay_teacher__seed2,split_mnist,split_mnist,gate_teacher,mlp,asymmetric,0.6,2,python run_reliability_suite.py (legacy MNIST corpus),results/reliability_teacher/runs/split_mnist__rate60_asym__replay_teacher__seed2.json,reused_legacy,,,MNIST sanity/frontier evidence; produced by the prior reliability suite
split_mnist__rate60_asym__replay_teacher_m95__seed0,split_mnist,split_mnist,replay_teacher_m95,mlp,asymmetric,0.6,0,python run_reliability_suite.py (legacy MNIST corpus),results/reliability_teacher/runs/split_mnist__rate60_asym__replay_teacher_m95__seed0.json,reused_legacy,,,MNIST sanity/frontier evidence; produced by the prior reliability suite
split_mnist__rate60_asym__replay_teacher_m95__seed1,split_mnist,split_mnist,replay_teacher_m95,mlp,asymmetric,0.6,1,python run_reliability_suite.py (legacy MNIST corpus),results/reliability_teacher/runs/split_mnist__rate60_asym__replay_teacher_m95__seed1.json,reused_legacy,,,MNIST sanity/frontier evidence; produced by the prior reliability suite
split_mnist__rate60_asym__replay_teacher_m95__seed2,split_mnist,split_mnist,replay_teacher_m95,mlp,asymmetric,0.6,2,python run_reliability_suite.py (legacy MNIST corpus),results/reliability_teacher/runs/split_mnist__rate60_asym__replay_teacher_m95__seed2.json,reused_legacy,,,MNIST sanity/frontier evidence; produced by the prior reliability suite
split_mnist__rate60_asym__replay_teacher_m999__seed0,split_mnist,split_mnist,gate_teacher,mlp,asymmetric,0.6,0,python run_reliability_suite.py (legacy MNIST corpus),results/reliability_teacher/runs/split_mnist__rate60_asym__replay_teacher_m999__seed0.json,reused_legacy,,,MNIST sanity/frontier evidence; produced by the prior reliability suite
split_mnist__rate60_asym__replay_teacher_m999__seed1,split_mnist,split_mnist,gate_teacher,mlp,asymmetric,0.6,1,python run_reliability_suite.py (legacy MNIST corpus),results/reliability_teacher/runs/split_mnist__rate60_asym__replay_teacher_m999__seed1.json,reused_legacy,,,MNIST sanity/frontier evidence; produced by the prior reliability suite
split_mnist__rate60_asym__replay_teacher_m999__seed2,split_mnist,split_mnist,gate_teacher,mlp,asymmetric,0.6,2,python run_reliability_suite.py (legacy MNIST corpus),results/reliability_teacher/runs/split_mnist__rate60_asym__replay_teacher_m999__seed2.json,reused_legacy,,,MNIST sanity/frontier evidence; produced by the prior reliability suite
split_mnist__rate80__replay_adaptive__seed0,split_mnist,split_mnist,replay_adaptive,mlp,symmetric,0.8,0,python run_reliability_suite.py (legacy MNIST corpus),results/reliability_teacher/runs/split_mnist__rate80__replay_adaptive__seed0.json,reused_legacy,,,MNIST sanity/frontier evidence; produced by the prior reliability suite
split_mnist__rate80__replay_adaptive__seed1,split_mnist,split_mnist,replay_adaptive,mlp,symmetric,0.8,1,python run_reliability_suite.py (legacy MNIST corpus),results/reliability_teacher/runs/split_mnist__rate80__replay_adaptive__seed1.json,reused_legacy,,,MNIST sanity/frontier evidence; produced by the prior reliability suite
split_mnist__rate80__replay_adaptive__seed2,split_mnist,split_mnist,replay_adaptive,mlp,symmetric,0.8,2,python run_reliability_suite.py (legacy MNIST corpus),results/reliability_teacher/runs/split_mnist__rate80__replay_adaptive__seed2.json,reused_legacy,,,MNIST sanity/frontier evidence; produced by the prior reliability suite
split_mnist__rate80__replay_agree__seed0,split_mnist,split_mnist,replay_agree,mlp,symmetric,0.8,0,python run_reliability_suite.py (legacy MNIST corpus),results/reliability_teacher/runs/split_mnist__rate80__replay_agree__seed0.json,reused_legacy,,,MNIST sanity/frontier evidence; produced by the prior reliability suite
split_mnist__rate80__replay_agree__seed1,split_mnist,split_mnist,replay_agree,mlp,symmetric,0.8,1,python run_reliability_suite.py (legacy MNIST corpus),results/reliability_teacher/runs/split_mnist__rate80__replay_agree__seed1.json,reused_legacy,,,MNIST sanity/frontier evidence; produced by the prior reliability suite
split_mnist__rate80__replay_agree__seed2,split_mnist,split_mnist,replay_agree,mlp,symmetric,0.8,2,python run_reliability_suite.py (legacy MNIST corpus),results/reliability_teacher/runs/split_mnist__rate80__replay_agree__seed2.json,reused_legacy,,,MNIST sanity/frontier evidence; produced by the prior reliability suite
split_mnist__rate80__replay_coteach__seed0,split_mnist,split_mnist,gate_coteach,mlp,symmetric,0.8,0,python run_reliability_suite.py (legacy MNIST corpus),results/reliability_teacher/runs/split_mnist__rate80__replay_coteach__seed0.json,reused_legacy,,,MNIST sanity/frontier evidence; produced by the prior reliability suite
split_mnist__rate80__replay_coteach__seed1,split_mnist,split_mnist,gate_coteach,mlp,symmetric,0.8,1,python run_reliability_suite.py (legacy MNIST corpus),results/reliability_teacher/runs/split_mnist__rate80__replay_coteach__seed1.json,reused_legacy,,,MNIST sanity/frontier evidence; produced by the prior reliability suite
split_mnist__rate80__replay_coteach__seed2,split_mnist,split_mnist,gate_coteach,mlp,symmetric,0.8,2,python run_reliability_suite.py (legacy MNIST corpus),results/reliability_teacher/runs/split_mnist__rate80__replay_coteach__seed2.json,reused_legacy,,,MNIST sanity/frontier evidence; produced by the prior reliability suite
split_mnist__rate80__replay_early5__seed0,split_mnist,split_mnist,replay_early5,mlp,symmetric,0.8,0,python run_reliability_suite.py (legacy MNIST corpus),results/reliability_teacher/runs/split_mnist__rate80__replay_early5__seed0.json,reused_legacy,,,MNIST sanity/frontier evidence; produced by the prior reliability suite
split_mnist__rate80__replay_early5__seed1,split_mnist,split_mnist,replay_early5,mlp,symmetric,0.8,1,python run_reliability_suite.py (legacy MNIST corpus),results/reliability_teacher/runs/split_mnist__rate80__replay_early5__seed1.json,reused_legacy,,,MNIST sanity/frontier evidence; produced by the prior reliability suite
split_mnist__rate80__replay_early5__seed2,split_mnist,split_mnist,replay_early5,mlp,symmetric,0.8,2,python run_reliability_suite.py (legacy MNIST corpus),results/reliability_teacher/runs/split_mnist__rate80__replay_early5__seed2.json,reused_legacy,,,MNIST sanity/frontier evidence; produced by the prior reliability suite
split_mnist__rate80__replay_early__seed0,split_mnist,split_mnist,replay_early,mlp,symmetric,0.8,0,python run_reliability_suite.py (legacy MNIST corpus),results/reliability_teacher/runs/split_mnist__rate80__replay_early__seed0.json,reused_legacy,,,MNIST sanity/frontier evidence; produced by the prior reliability suite
split_mnist__rate80__replay_early__seed1,split_mnist,split_mnist,replay_early,mlp,symmetric,0.8,1,python run_reliability_suite.py (legacy MNIST corpus),results/reliability_teacher/runs/split_mnist__rate80__replay_early__seed1.json,reused_legacy,,,MNIST sanity/frontier evidence; produced by the prior reliability suite
split_mnist__rate80__replay_early__seed2,split_mnist,split_mnist,replay_early,mlp,symmetric,0.8,2,python run_reliability_suite.py (legacy MNIST corpus),results/reliability_teacher/runs/split_mnist__rate80__replay_early__seed2.json,reused_legacy,,,MNIST sanity/frontier evidence; produced by the prior reliability suite
split_mnist__rate80__replay_teacher__seed0,split_mnist,split_mnist,gate_teacher,mlp,symmetric,0.8,0,python run_reliability_suite.py (legacy MNIST corpus),results/reliability_teacher/runs/split_mnist__rate80__replay_teacher__seed0.json,reused_legacy,,,MNIST sanity/frontier evidence; produced by the prior reliability suite
split_mnist__rate80__replay_teacher__seed1,split_mnist,split_mnist,gate_teacher,mlp,symmetric,0.8,1,python run_reliability_suite.py (legacy MNIST corpus),results/reliability_teacher/runs/split_mnist__rate80__replay_teacher__seed1.json,reused_legacy,,,MNIST sanity/frontier evidence; produced by the prior reliability suite
split_mnist__rate80__replay_teacher__seed2,split_mnist,split_mnist,gate_teacher,mlp,symmetric,0.8,2,python run_reliability_suite.py (legacy MNIST corpus),results/reliability_teacher/runs/split_mnist__rate80__replay_teacher__seed2.json,reused_legacy,,,MNIST sanity/frontier evidence; produced by the prior reliability suite
split_mnist__rate80__replay_teacher_m95__seed0,split_mnist,split_mnist,replay_teacher_m95,mlp,symmetric,0.8,0,python run_reliability_suite.py (legacy MNIST corpus),results/reliability_teacher/runs/split_mnist__rate80__replay_teacher_m95__seed0.json,reused_legacy,,,MNIST sanity/frontier evidence; produced by the prior reliability suite
split_mnist__rate80__replay_teacher_m95__seed1,split_mnist,split_mnist,replay_teacher_m95,mlp,symmetric,0.8,1,python run_reliability_suite.py (legacy MNIST corpus),results/reliability_teacher/runs/split_mnist__rate80__replay_teacher_m95__seed1.json,reused_legacy,,,MNIST sanity/frontier evidence; produced by the prior reliability suite
split_mnist__rate80__replay_teacher_m95__seed2,split_mnist,split_mnist,replay_teacher_m95,mlp,symmetric,0.8,2,python run_reliability_suite.py (legacy MNIST corpus),results/reliability_teacher/runs/split_mnist__rate80__replay_teacher_m95__seed2.json,reused_legacy,,,MNIST sanity/frontier evidence; produced by the prior reliability suite
split_mnist__rate80__replay_teacher_m999__seed0,split_mnist,split_mnist,gate_teacher,mlp,symmetric,0.8,0,python run_reliability_suite.py (legacy MNIST corpus),results/reliability_teacher/runs/split_mnist__rate80__replay_teacher_m999__seed0.json,reused_legacy,,,MNIST sanity/frontier evidence; produced by the prior reliability suite
split_mnist__rate80__replay_teacher_m999__seed1,split_mnist,split_mnist,gate_teacher,mlp,symmetric,0.8,1,python run_reliability_suite.py (legacy MNIST corpus),results/reliability_teacher/runs/split_mnist__rate80__replay_teacher_m999__seed1.json,reused_legacy,,,MNIST sanity/frontier evidence; produced by the prior reliability suite
split_mnist__rate80__replay_teacher_m999__seed2,split_mnist,split_mnist,gate_teacher,mlp,symmetric,0.8,2,python run_reliability_suite.py (legacy MNIST corpus),results/reliability_teacher/runs/split_mnist__rate80__replay_teacher_m999__seed2.json,reused_legacy,,,MNIST sanity/frontier evidence; produced by the prior reliability suite
permuted_mnist__rate40__replay_losstraj__seed0,permuted_mnist,permuted_mnist,gate_spr,mlp,symmetric,0.4,0,python run_reliability_suite.py (legacy MNIST corpus),results/reliability_oracle/runs/permuted_mnist__rate40__replay_losstraj__seed0.json,reused_legacy,,,MNIST sanity/frontier evidence; produced by the prior reliability suite
permuted_mnist__rate40__replay_losstraj__seed1,permuted_mnist,permuted_mnist,gate_spr,mlp,symmetric,0.4,1,python run_reliability_suite.py (legacy MNIST corpus),results/reliability_oracle/runs/permuted_mnist__rate40__replay_losstraj__seed1.json,reused_legacy,,,MNIST sanity/frontier evidence; produced by the prior reliability suite
permuted_mnist__rate40__replay_oracle__seed0,permuted_mnist,permuted_mnist,oracle,mlp,symmetric,0.4,0,python run_reliability_suite.py (legacy MNIST corpus),results/reliability_oracle/runs/permuted_mnist__rate40__replay_oracle__seed0.json,reused_legacy,,,MNIST sanity/frontier evidence; produced by the prior reliability suite
permuted_mnist__rate40__replay_oracle__seed1,permuted_mnist,permuted_mnist,oracle,mlp,symmetric,0.4,1,python run_reliability_suite.py (legacy MNIST corpus),results/reliability_oracle/runs/permuted_mnist__rate40__replay_oracle__seed1.json,reused_legacy,,,MNIST sanity/frontier evidence; produced by the prior reliability suite
permuted_mnist__rate60__replay_losstraj__seed0,permuted_mnist,permuted_mnist,gate_spr,mlp,symmetric,0.6,0,python run_reliability_suite.py (legacy MNIST corpus),results/reliability_oracle/runs/permuted_mnist__rate60__replay_losstraj__seed0.json,reused_legacy,,,MNIST sanity/frontier evidence; produced by the prior reliability suite
permuted_mnist__rate60__replay_losstraj__seed1,permuted_mnist,permuted_mnist,gate_spr,mlp,symmetric,0.6,1,python run_reliability_suite.py (legacy MNIST corpus),results/reliability_oracle/runs/permuted_mnist__rate60__replay_losstraj__seed1.json,reused_legacy,,,MNIST sanity/frontier evidence; produced by the prior reliability suite
permuted_mnist__rate60__replay_oracle__seed0,permuted_mnist,permuted_mnist,oracle,mlp,symmetric,0.6,0,python run_reliability_suite.py (legacy MNIST corpus),results/reliability_oracle/runs/permuted_mnist__rate60__replay_oracle__seed0.json,reused_legacy,,,MNIST sanity/frontier evidence; produced by the prior reliability suite
permuted_mnist__rate60__replay_oracle__seed1,permuted_mnist,permuted_mnist,oracle,mlp,symmetric,0.6,1,python run_reliability_suite.py (legacy MNIST corpus),results/reliability_oracle/runs/permuted_mnist__rate60__replay_oracle__seed1.json,reused_legacy,,,MNIST sanity/frontier evidence; produced by the prior reliability suite
split_mnist__rate40__replay_losstraj__seed0,split_mnist,split_mnist,gate_spr,mlp,symmetric,0.4,0,python run_reliability_suite.py (legacy MNIST corpus),results/reliability_oracle/runs/split_mnist__rate40__replay_losstraj__seed0.json,reused_legacy,,,MNIST sanity/frontier evidence; produced by the prior reliability suite
split_mnist__rate40__replay_losstraj__seed1,split_mnist,split_mnist,gate_spr,mlp,symmetric,0.4,1,python run_reliability_suite.py (legacy MNIST corpus),results/reliability_oracle/runs/split_mnist__rate40__replay_losstraj__seed1.json,reused_legacy,,,MNIST sanity/frontier evidence; produced by the prior reliability suite
split_mnist__rate40__replay_oracle__seed0,split_mnist,split_mnist,oracle,mlp,symmetric,0.4,0,python run_reliability_suite.py (legacy MNIST corpus),results/reliability_oracle/runs/split_mnist__rate40__replay_oracle__seed0.json,reused_legacy,,,MNIST sanity/frontier evidence; produced by the prior reliability suite
split_mnist__rate40__replay_oracle__seed1,split_mnist,split_mnist,oracle,mlp,symmetric,0.4,1,python run_reliability_suite.py (legacy MNIST corpus),results/reliability_oracle/runs/split_mnist__rate40__replay_oracle__seed1.json,reused_legacy,,,MNIST sanity/frontier evidence; produced by the prior reliability suite
split_mnist__rate60__replay_losstraj__seed0,split_mnist,split_mnist,gate_spr,mlp,symmetric,0.6,0,python run_reliability_suite.py (legacy MNIST corpus),results/reliability_oracle/runs/split_mnist__rate60__replay_losstraj__seed0.json,reused_legacy,,,MNIST sanity/frontier evidence; produced by the prior reliability suite
split_mnist__rate60__replay_losstraj__seed1,split_mnist,split_mnist,gate_spr,mlp,symmetric,0.6,1,python run_reliability_suite.py (legacy MNIST corpus),results/reliability_oracle/runs/split_mnist__rate60__replay_losstraj__seed1.json,reused_legacy,,,MNIST sanity/frontier evidence; produced by the prior reliability suite
split_mnist__rate60__replay_oracle__seed0,split_mnist,split_mnist,oracle,mlp,symmetric,0.6,0,python run_reliability_suite.py (legacy MNIST corpus),results/reliability_oracle/runs/split_mnist__rate60__replay_oracle__seed0.json,reused_legacy,,,MNIST sanity/frontier evidence; produced by the prior reliability suite
split_mnist__rate60__replay_oracle__seed1,split_mnist,split_mnist,oracle,mlp,symmetric,0.6,1,python run_reliability_suite.py (legacy MNIST corpus),results/reliability_oracle/runs/split_mnist__rate60__replay_oracle__seed1.json,reused_legacy,,,MNIST sanity/frontier evidence; produced by the prior reliability suite
seq_cifar100__sym20__er__seed0,seq_cifar100,split_cifar100,er,resnet18,symmetric,0.2,0,python scripts/run_nn_submission.py --datasets seq_cifar100 --conditions sym20 --methods er --seeds 0,results/neural_networks_submission/configs/seq_cifar100__sym20__er__seed0.json,done,2026-06-20 17:51:02,2026-06-20 17:52:45,"acc=[0.026, 0.0, 0.0, 0.0, 0.027, 0.042, 0.08, 0.0, 0.0, 0.0]"
permuted_mnist__clean__ewc__seed0,permuted_mnist,permuted_mnist,ewc,mlp,symmetric,0.0,0,python scripts/run_nn_submission.py --datasets permuted_mnist --conditions clean --methods ewc --seeds 0,results/neural_networks_submission/configs/permuted_mnist__clean__ewc__seed0.json,done,2026-06-20 17:53:48,2026-06-20 17:53:59,"acc=[0.9026, 0.8805, 0.8737, 0.8867, 0.9187]"
permuted_mnist__clean__ewc__seed1,permuted_mnist,permuted_mnist,ewc,mlp,symmetric,0.0,1,python scripts/run_nn_submission.py --datasets permuted_mnist --conditions clean --methods ewc --seeds 1,results/neural_networks_submission/configs/permuted_mnist__clean__ewc__seed1.json,done,2026-06-20 17:53:59,2026-06-20 17:54:08,"acc=[0.8687, 0.8588, 0.8587, 0.8937, 0.9219]"
permuted_mnist__clean__ewc__seed2,permuted_mnist,permuted_mnist,ewc,mlp,symmetric,0.0,2,python scripts/run_nn_submission.py --datasets permuted_mnist --conditions clean --methods ewc --seeds 2,results/neural_networks_submission/configs/permuted_mnist__clean__ewc__seed2.json,done,2026-06-20 17:54:08,2026-06-20 17:54:17,"acc=[0.8477, 0.8652, 0.862, 0.894, 0.9287]"
permuted_mnist__clean__ewc__seed3,permuted_mnist,permuted_mnist,ewc,mlp,symmetric,0.0,3,python scripts/run_nn_submission.py --datasets permuted_mnist --conditions clean --methods ewc --seeds 3,results/neural_networks_submission/configs/permuted_mnist__clean__ewc__seed3.json,done,2026-06-20 17:54:17,2026-06-20 17:54:27,"acc=[0.7946, 0.8695, 0.8293, 0.9024, 0.9265]"
permuted_mnist__clean__ewc__seed4,permuted_mnist,permuted_mnist,ewc,mlp,symmetric,0.0,4,python scripts/run_nn_submission.py --datasets permuted_mnist --conditions clean --methods ewc --seeds 4,results/neural_networks_submission/configs/permuted_mnist__clean__ewc__seed4.json,done,2026-06-20 17:54:27,2026-06-20 17:54:36,"acc=[0.8759, 0.9087, 0.8967, 0.8914, 0.9239]"
permuted_mnist__clean__si__seed0,permuted_mnist,permuted_mnist,si,mlp,symmetric,0.0,0,python scripts/run_nn_submission.py --datasets permuted_mnist --conditions clean --methods si --seeds 0,results/neural_networks_submission/configs/permuted_mnist__clean__si__seed0.json,done,2026-06-20 17:54:36,2026-06-20 17:54:41,"acc=[0.8222, 0.8453, 0.8758, 0.9095, 0.9255]"
permuted_mnist__clean__si__seed1,permuted_mnist,permuted_mnist,si,mlp,symmetric,0.0,1,python scripts/run_nn_submission.py --datasets permuted_mnist --conditions clean --methods si --seeds 1,results/neural_networks_submission/configs/permuted_mnist__clean__si__seed1.json,done,2026-06-20 17:54:41,2026-06-20 17:54:46,"acc=[0.6636, 0.7805, 0.825, 0.91, 0.9328]"
permuted_mnist__clean__si__seed2,permuted_mnist,permuted_mnist,si,mlp,symmetric,0.0,2,python scripts/run_nn_submission.py --datasets permuted_mnist --conditions clean --methods si --seeds 2,results/neural_networks_submission/configs/permuted_mnist__clean__si__seed2.json,done,2026-06-20 17:54:46,2026-06-20 17:54:51,"acc=[0.558, 0.8074, 0.8511, 0.8849, 0.9212]"
permuted_mnist__clean__si__seed3,permuted_mnist,permuted_mnist,si,mlp,symmetric,0.0,3,python scripts/run_nn_submission.py --datasets permuted_mnist --conditions clean --methods si --seeds 3,results/neural_networks_submission/configs/permuted_mnist__clean__si__seed3.json,done,2026-06-20 17:54:51,2026-06-20 17:54:56,"acc=[0.6733, 0.8672, 0.8618, 0.8869, 0.9242]"
permuted_mnist__clean__si__seed4,permuted_mnist,permuted_mnist,si,mlp,symmetric,0.0,4,python scripts/run_nn_submission.py --datasets permuted_mnist --conditions clean --methods si --seeds 4,results/neural_networks_submission/configs/permuted_mnist__clean__si__seed4.json,done,2026-06-20 17:54:56,2026-06-20 17:55:01,"acc=[0.719, 0.843, 0.8925, 0.882, 0.9235]"
permuted_mnist__clean__er__seed0,permuted_mnist,permuted_mnist,er,mlp,symmetric,0.0,0,python scripts/run_nn_submission.py --datasets permuted_mnist --conditions clean --methods er --seeds 0,results/neural_networks_submission/configs/permuted_mnist__clean__er__seed0.json,done,2026-06-20 17:55:01,2026-06-20 17:55:07,"acc=[0.8626, 0.8947, 0.8969, 0.9212, 0.9253]"
permuted_mnist__clean__er__seed1,permuted_mnist,permuted_mnist,er,mlp,symmetric,0.0,1,python scripts/run_nn_submission.py --datasets permuted_mnist --conditions clean --methods er --seeds 1,results/neural_networks_submission/configs/permuted_mnist__clean__er__seed1.json,done,2026-06-20 17:55:07,2026-06-20 17:55:14,"acc=[0.851, 0.8939, 0.905, 0.9194, 0.9302]"
seq_cifar100__sym20__er__seed0,seq_cifar100,split_cifar100,er,resnet18,symmetric,0.2,0,python scripts/run_nn_submission.py --datasets seq_cifar100 --conditions sym20 --methods er --seeds 0,results/neural_networks_submission/configs/seq_cifar100__sym20__er__seed0.json,done,2026-06-20 18:20:01,2026-06-20 18:27:21,"acc=[0.046, 0.042, 0.023, 0.01, 0.022, 0.022, 0.053, 0.061, 0.023, 0.396]"
seq_cifar10__sym20__er__seed3,seq_cifar10,split_cifar10,er,resnet18,symmetric,0.2,3,python scripts/run_nn_submission.py --datasets seq_cifar10 --conditions sym20 --methods er --seeds 3,results/neural_networks_submission/configs/seq_cifar10__sym20__er__seed3.json,done,2026-06-20 19:05:45,2026-06-20 19:08:56,"acc=[0.189, 0.056, 0.027, 0.165, 0.54]"
seq_cifar10__sym20__derpp__seed3,seq_cifar10,split_cifar10,derpp,resnet18,symmetric,0.2,3,python scripts/run_nn_submission.py --datasets seq_cifar10 --conditions sym20 --methods derpp --seeds 3,results/neural_networks_submission/configs/seq_cifar10__sym20__derpp__seed3.json,done,2026-06-20 19:08:56,2026-06-20 19:12:35,"acc=[0.101, 0.031, 0.156, 0.305, 0.539]"
seq_cifar10__sym20__gate_loss__seed3,seq_cifar10,split_cifar10,gate_loss,resnet18,symmetric,0.2,3,python scripts/run_nn_submission.py --datasets seq_cifar10 --conditions sym20 --methods gate_loss --seeds 3,results/neural_networks_submission/configs/seq_cifar10__sym20__gate_loss__seed3.json,done,2026-06-20 19:12:35,2026-06-20 19:16:19,"acc=[0.104, 0.045, 0.075, 0.095, 0.716]"
seq_cifar10__sym20__gate_conf__seed3,seq_cifar10,split_cifar10,gate_conf,resnet18,symmetric,0.2,3,python scripts/run_nn_submission.py --datasets seq_cifar10 --conditions sym20 --methods gate_conf --seeds 3,results/neural_networks_submission/configs/seq_cifar10__sym20__gate_conf__seed3.json,done,2026-06-20 19:16:19,2026-06-20 19:20:07,"acc=[0.298, 0.018, 0.045, 0.169, 0.429]"
seq_cifar10__sym20__oracle__seed3,seq_cifar10,split_cifar10,oracle,resnet18,symmetric,0.2,3,python scripts/run_nn_submission.py --datasets seq_cifar10 --conditions sym20 --methods oracle --seeds 3,results/neural_networks_submission/configs/seq_cifar10__sym20__oracle__seed3.json,done,2026-06-20 19:20:07,2026-06-20 19:23:17,"acc=[0.103, 0.047, 0.15, 0.137, 0.637]"
seq_cifar10__sym60__er__seed3,seq_cifar10,split_cifar10,er,resnet18,symmetric,0.6,3,python scripts/run_nn_submission.py --datasets seq_cifar10 --conditions sym60 --methods er --seeds 3,results/neural_networks_submission/configs/seq_cifar10__sym60__er__seed3.json,done,2026-06-20 19:23:17,2026-06-20 19:26:24,"acc=[0.124, 0.084, 0.175, 0.172, 0.152]"
seq_cifar10__sym60__derpp__seed3,seq_cifar10,split_cifar10,derpp,resnet18,symmetric,0.6,3,python scripts/run_nn_submission.py --datasets seq_cifar10 --conditions sym60 --methods derpp --seeds 3,results/neural_networks_submission/configs/seq_cifar10__sym60__derpp__seed3.json,done,2026-06-20 19:26:24,2026-06-20 19:30:10,"acc=[0.17, 0.061, 0.076, 0.179, 0.253]"
seq_cifar10__sym60__gate_loss__seed3,seq_cifar10,split_cifar10,gate_loss,resnet18,symmetric,0.6,3,python scripts/run_nn_submission.py --datasets seq_cifar10 --conditions sym60 --methods gate_loss --seeds 3,results/neural_networks_submission/configs/seq_cifar10__sym60__gate_loss__seed3.json,done,2026-06-20 19:30:10,2026-06-20 19:33:55,"acc=[0.128, 0.129, 0.078, 0.089, 0.328]"
seq_cifar10__sym60__gate_conf__seed3,seq_cifar10,split_cifar10,gate_conf,resnet18,symmetric,0.6,3,python scripts/run_nn_submission.py --datasets seq_cifar10 --conditions sym60 --methods gate_conf --seeds 3,results/neural_networks_submission/configs/seq_cifar10__sym60__gate_conf__seed3.json,done,2026-06-20 19:33:55,2026-06-20 19:37:40,"acc=[0.087, 0.111, 0.063, 0.109, 0.359]"
seq_cifar10__sym60__oracle__seed3,seq_cifar10,split_cifar10,oracle,resnet18,symmetric,0.6,3,python scripts/run_nn_submission.py --datasets seq_cifar10 --conditions sym60 --methods oracle --seeds 3,results/neural_networks_submission/configs/seq_cifar10__sym60__oracle__seed3.json,done,2026-06-20 19:37:40,2026-06-20 19:40:47,"acc=[0.042, 0.021, 0.073, 0.288, 0.258]"
seq_cifar10__asym40__er__seed3,seq_cifar10,split_cifar10,er,resnet18,asymmetric,0.4,3,python scripts/run_nn_submission.py --datasets seq_cifar10 --conditions asym40 --methods er --seeds 3,results/neural_networks_submission/configs/seq_cifar10__asym40__er__seed3.json,done,2026-06-20 19:40:47,2026-06-20 19:44:03,"acc=[0.055, 0.143, 0.183, 0.073, 0.276]"
seq_cifar10__asym40__derpp__seed3,seq_cifar10,split_cifar10,derpp,resnet18,asymmetric,0.4,3,python scripts/run_nn_submission.py --datasets seq_cifar10 --conditions asym40 --methods derpp --seeds 3,results/neural_networks_submission/configs/seq_cifar10__asym40__derpp__seed3.json,done,2026-06-20 19:44:03,2026-06-20 19:47:52,"acc=[0.147, 0.003, 0.0, 0.001, 0.514]"
seq_cifar10__asym40__gate_loss__seed3,seq_cifar10,split_cifar10,gate_loss,resnet18,asymmetric,0.4,3,python scripts/run_nn_submission.py --datasets seq_cifar10 --conditions asym40 --methods gate_loss --seeds 3,results/neural_networks_submission/configs/seq_cifar10__asym40__gate_loss__seed3.json,done,2026-06-20 19:47:52,2026-06-20 19:51:38,"acc=[0.06, 0.104, 0.09, 0.0, 0.415]"
seq_cifar10__asym40__gate_conf__seed3,seq_cifar10,split_cifar10,gate_conf,resnet18,asymmetric,0.4,3,python scripts/run_nn_submission.py --datasets seq_cifar10 --conditions asym40 --methods gate_conf --seeds 3,results/neural_networks_submission/configs/seq_cifar10__asym40__gate_conf__seed3.json,done,2026-06-20 19:51:38,2026-06-20 19:55:21,"acc=[0.019, 0.066, 0.077, 0.084, 0.479]"
seq_cifar10__asym40__oracle__seed3,seq_cifar10,split_cifar10,oracle,resnet18,asymmetric,0.4,3,python scripts/run_nn_submission.py --datasets seq_cifar10 --conditions asym40 --methods oracle --seeds 3,results/neural_networks_submission/configs/seq_cifar10__asym40__oracle__seed3.json,done,2026-06-20 19:55:21,2026-06-20 19:58:34,"acc=[0.001, 0.0, 0.065, 0.092, 0.763]"
split_cifar10__sym20__er__seed3,split_cifar10,split_cifar10,er,resnet18,symmetric,0.2,3,python scripts/run_nn_submission.py --datasets split_cifar10 --conditions sym20 --methods er --seeds 3,results/neural_networks_submission/configs/split_cifar10__sym20__er__seed3.json,done,2026-06-20 19:58:34,2026-06-20 20:02:01,"acc=[0.7095, 0.5725, 0.653, 0.6365, 0.7165]"
split_cifar10__sym20__derpp__seed3,split_cifar10,split_cifar10,derpp,resnet18,symmetric,0.2,3,python scripts/run_nn_submission.py --datasets split_cifar10 --conditions sym20 --methods derpp --seeds 3,results/neural_networks_submission/configs/split_cifar10__sym20__derpp__seed3.json,done,2026-06-20 20:02:01,2026-06-20 20:06:01,"acc=[0.6845, 0.5545, 0.6975, 0.777, 0.7865]"
split_cifar10__sym20__gate_loss__seed3,split_cifar10,split_cifar10,gate_loss,resnet18,symmetric,0.2,3,python scripts/run_nn_submission.py --datasets split_cifar10 --conditions sym20 --methods gate_loss --seeds 3,results/neural_networks_submission/configs/split_cifar10__sym20__gate_loss__seed3.json,done,2026-06-20 20:06:01,2026-06-20 20:10:04,"acc=[0.783, 0.6065, 0.662, 0.7295, 0.7575]"
split_cifar10__sym20__gate_conf__seed3,split_cifar10,split_cifar10,gate_conf,resnet18,symmetric,0.2,3,python scripts/run_nn_submission.py --datasets split_cifar10 --conditions sym20 --methods gate_conf --seeds 3,results/neural_networks_submission/configs/split_cifar10__sym20__gate_conf__seed3.json,done,2026-06-20 20:10:04,2026-06-20 20:14:07,"acc=[0.6295, 0.5265, 0.6535, 0.693, 0.7525]"
split_cifar10__sym20__oracle__seed3,split_cifar10,split_cifar10,oracle,resnet18,symmetric,0.2,3,python scripts/run_nn_submission.py --datasets split_cifar10 --conditions sym20 --methods oracle --seeds 3,results/neural_networks_submission/configs/split_cifar10__sym20__oracle__seed3.json,done,2026-06-20 20:14:07,2026-06-20 20:17:31,"acc=[0.8245, 0.649, 0.734, 0.8495, 0.714]"
split_cifar10__sym60__er__seed3,split_cifar10,split_cifar10,er,resnet18,symmetric,0.6,3,python scripts/run_nn_submission.py --datasets split_cifar10 --conditions sym60 --methods er --seeds 3,results/neural_networks_submission/configs/split_cifar10__sym60__er__seed3.json,done,2026-06-20 20:17:31,2026-06-20 20:21:01,"acc=[0.459, 0.423, 0.4885, 0.4905, 0.3835]"
split_cifar10__sym60__derpp__seed3,split_cifar10,split_cifar10,derpp,resnet18,symmetric,0.6,3,python scripts/run_nn_submission.py --datasets split_cifar10 --conditions sym60 --methods derpp --seeds 3,results/neural_networks_submission/configs/split_cifar10__sym60__derpp__seed3.json,done,2026-06-20 20:21:01,2026-06-20 20:25:05,"acc=[0.427, 0.436, 0.478, 0.444, 0.4475]"
split_cifar10__sym60__gate_loss__seed3,split_cifar10,split_cifar10,gate_loss,resnet18,symmetric,0.6,3,python scripts/run_nn_submission.py --datasets split_cifar10 --conditions sym60 --methods gate_loss --seeds 3,results/neural_networks_submission/configs/split_cifar10__sym60__gate_loss__seed3.json,done,2026-06-20 20:25:05,2026-06-20 20:29:04,"acc=[0.3495, 0.3975, 0.398, 0.377, 0.5335]"
split_cifar10__sym60__gate_conf__seed3,split_cifar10,split_cifar10,gate_conf,resnet18,symmetric,0.6,3,python scripts/run_nn_submission.py --datasets split_cifar10 --conditions sym60 --methods gate_conf --seeds 3,results/neural_networks_submission/configs/split_cifar10__sym60__gate_conf__seed3.json,done,2026-06-20 20:29:04,2026-06-20 20:33:01,"acc=[0.442, 0.465, 0.4735, 0.4255, 0.458]"
split_cifar10__sym60__oracle__seed3,split_cifar10,split_cifar10,oracle,resnet18,symmetric,0.6,3,python scripts/run_nn_submission.py --datasets split_cifar10 --conditions sym60 --methods oracle --seeds 3,results/neural_networks_submission/configs/split_cifar10__sym60__oracle__seed3.json,done,2026-06-20 20:33:01,2026-06-20 20:36:28,"acc=[0.8125, 0.673, 0.632, 0.727, 0.4315]"
split_cifar10__asym40__er__seed3,split_cifar10,split_cifar10,er,resnet18,asymmetric,0.4,3,python scripts/run_nn_submission.py --datasets split_cifar10 --conditions asym40 --methods er --seeds 3,results/neural_networks_submission/configs/split_cifar10__asym40__er__seed3.json,done,2026-06-20 20:36:28,2026-06-20 20:39:56,"acc=[0.5535, 0.509, 0.55, 0.532, 0.55]"
split_cifar10__asym40__derpp__seed3,split_cifar10,split_cifar10,derpp,resnet18,asymmetric,0.4,3,python scripts/run_nn_submission.py --datasets split_cifar10 --conditions asym40 --methods derpp --seeds 3,results/neural_networks_submission/configs/split_cifar10__asym40__derpp__seed3.json,done,2026-06-20 20:39:56,2026-06-20 20:43:58,"acc=[0.57, 0.509, 0.589, 0.481, 0.575]"
split_cifar10__asym40__gate_loss__seed3,split_cifar10,split_cifar10,gate_loss,resnet18,asymmetric,0.4,3,python scripts/run_nn_submission.py --datasets split_cifar10 --conditions asym40 --methods gate_loss --seeds 3,results/neural_networks_submission/configs/split_cifar10__asym40__gate_loss__seed3.json,done,2026-06-20 20:43:58,2026-06-20 20:47:58,"acc=[0.6165, 0.5875, 0.5665, 0.5745, 0.656]"
split_cifar10__asym40__gate_conf__seed3,split_cifar10,split_cifar10,gate_conf,resnet18,asymmetric,0.4,3,python scripts/run_nn_submission.py --datasets split_cifar10 --conditions asym40 --methods gate_conf --seeds 3,results/neural_networks_submission/configs/split_cifar10__asym40__gate_conf__seed3.json,done,2026-06-20 20:47:58,2026-06-20 20:51:58,"acc=[0.5875, 0.5595, 0.609, 0.5815, 0.6355]"
split_cifar10__asym40__oracle__seed3,split_cifar10,split_cifar10,oracle,resnet18,asymmetric,0.4,3,python scripts/run_nn_submission.py --datasets split_cifar10 --conditions asym40 --methods oracle --seeds 3,results/neural_networks_submission/configs/split_cifar10__asym40__oracle__seed3.json,done,2026-06-20 20:51:58,2026-06-20 20:55:17,"acc=[0.8095, 0.5965, 0.727, 0.7755, 0.5325]"
seq_cifar10__sym20__er__seed4,seq_cifar10,split_cifar10,er,resnet18,symmetric,0.2,4,python scripts/run_nn_submission.py --datasets seq_cifar10 --conditions sym20 --methods er --seeds 4,results/neural_networks_submission/configs/seq_cifar10__sym20__er__seed4.json,done,2026-06-20 20:55:23,2026-06-20 20:58:38,"acc=[0.093, 0.102, 0.101, 0.238, 0.596]"
seq_cifar10__sym20__derpp__seed4,seq_cifar10,split_cifar10,derpp,resnet18,symmetric,0.2,4,python scripts/run_nn_submission.py --datasets seq_cifar10 --conditions sym20 --methods derpp --seeds 4,results/neural_networks_submission/configs/seq_cifar10__sym20__derpp__seed4.json,done,2026-06-20 20:58:38,2026-06-20 21:02:29,"acc=[0.117, 0.034, 0.158, 0.126, 0.678]"
seq_cifar10__sym20__gate_loss__seed4,seq_cifar10,split_cifar10,gate_loss,resnet18,symmetric,0.2,4,python scripts/run_nn_submission.py --datasets seq_cifar10 --conditions sym20 --methods gate_loss --seeds 4,results/neural_networks_submission/configs/seq_cifar10__sym20__gate_loss__seed4.json,done,2026-06-20 21:02:29,2026-06-20 21:06:13,"acc=[0.188, 0.103, 0.096, 0.265, 0.426]"
seq_cifar10__sym20__gate_conf__seed4,seq_cifar10,split_cifar10,gate_conf,resnet18,symmetric,0.2,4,python scripts/run_nn_submission.py --datasets seq_cifar10 --conditions sym20 --methods gate_conf --seeds 4,results/neural_networks_submission/configs/seq_cifar10__sym20__gate_conf__seed4.json,done,2026-06-20 21:06:13,2026-06-20 21:10:00,"acc=[0.113, 0.075, 0.06, 0.175, 0.569]"
seq_cifar10__sym20__oracle__seed4,seq_cifar10,split_cifar10,oracle,resnet18,symmetric,0.2,4,python scripts/run_nn_submission.py --datasets seq_cifar10 --conditions sym20 --methods oracle --seeds 4,results/neural_networks_submission/configs/seq_cifar10__sym20__oracle__seed4.json,done,2026-06-20 21:10:00,2026-06-20 21:13:13,"acc=[0.099, 0.059, 0.114, 0.327, 0.627]"
seq_cifar10__sym60__er__seed4,seq_cifar10,split_cifar10,er,resnet18,symmetric,0.6,4,python scripts/run_nn_submission.py --datasets seq_cifar10 --conditions sym60 --methods er --seeds 4,results/neural_networks_submission/configs/seq_cifar10__sym60__er__seed4.json,done,2026-06-20 21:13:13,2026-06-20 21:16:31,"acc=[0.105, 0.065, 0.082, 0.104, 0.33]"
seq_cifar10__sym60__derpp__seed4,seq_cifar10,split_cifar10,derpp,resnet18,symmetric,0.6,4,python scripts/run_nn_submission.py --datasets seq_cifar10 --conditions sym60 --methods derpp --seeds 4,results/neural_networks_submission/configs/seq_cifar10__sym60__derpp__seed4.json,done,2026-06-20 21:16:31,2026-06-20 21:20:23,"acc=[0.139, 0.093, 0.124, 0.128, 0.338]"
seq_cifar10__sym60__gate_loss__seed4,seq_cifar10,split_cifar10,gate_loss,resnet18,symmetric,0.6,4,python scripts/run_nn_submission.py --datasets seq_cifar10 --conditions sym60 --methods gate_loss --seeds 4,results/neural_networks_submission/configs/seq_cifar10__sym60__gate_loss__seed4.json,done,2026-06-20 21:20:23,2026-06-20 21:24:11,"acc=[0.291, 0.029, 0.139, 0.089, 0.358]"
seq_cifar10__sym60__gate_conf__seed4,seq_cifar10,split_cifar10,gate_conf,resnet18,symmetric,0.6,4,python scripts/run_nn_submission.py --datasets seq_cifar10 --conditions sym60 --methods gate_conf --seeds 4,results/neural_networks_submission/configs/seq_cifar10__sym60__gate_conf__seed4.json,done,2026-06-20 21:24:11,2026-06-20 21:28:00,"acc=[0.064, 0.08, 0.177, 0.098, 0.308]"
seq_cifar10__sym60__oracle__seed4,seq_cifar10,split_cifar10,oracle,resnet18,symmetric,0.6,4,python scripts/run_nn_submission.py --datasets seq_cifar10 --conditions sym60 --methods oracle --seeds 4,results/neural_networks_submission/configs/seq_cifar10__sym60__oracle__seed4.json,done,2026-06-20 21:28:00,2026-06-20 21:31:17,"acc=[0.034, 0.14, 0.168, 0.203, 0.475]"
seq_cifar10__asym40__er__seed4,seq_cifar10,split_cifar10,er,resnet18,asymmetric,0.4,4,python scripts/run_nn_submission.py --datasets seq_cifar10 --conditions asym40 --methods er --seeds 4,results/neural_networks_submission/configs/seq_cifar10__asym40__er__seed4.json,done,2026-06-20 21:31:17,2026-06-20 21:34:36,"acc=[0.039, 0.173, 0.027, 0.078, 0.384]"
seq_cifar10__asym40__derpp__seed4,seq_cifar10,split_cifar10,derpp,resnet18,asymmetric,0.4,4,python scripts/run_nn_submission.py --datasets seq_cifar10 --conditions asym40 --methods derpp --seeds 4,results/neural_networks_submission/configs/seq_cifar10__asym40__derpp__seed4.json,done,2026-06-20 21:34:36,2026-06-20 21:38:27,"acc=[0.148, 0.014, 0.008, 0.0, 0.495]"
seq_cifar10__asym40__gate_loss__seed4,seq_cifar10,split_cifar10,gate_loss,resnet18,asymmetric,0.4,4,python scripts/run_nn_submission.py --datasets seq_cifar10 --conditions asym40 --methods gate_loss --seeds 4,results/neural_networks_submission/configs/seq_cifar10__asym40__gate_loss__seed4.json,done,2026-06-20 21:38:27,2026-06-20 21:42:15,"acc=[0.028, 0.015, 0.0, 0.0, 0.422]"
seq_cifar10__asym40__gate_conf__seed4,seq_cifar10,split_cifar10,gate_conf,resnet18,asymmetric,0.4,4,python scripts/run_nn_submission.py --datasets seq_cifar10 --conditions asym40 --methods gate_conf --seeds 4,results/neural_networks_submission/configs/seq_cifar10__asym40__gate_conf__seed4.json,done,2026-06-20 21:42:15,2026-06-20 21:46:09,"acc=[0.128, 0.12, 0.256, 0.044, 0.396]"
seq_cifar10__asym40__oracle__seed4,seq_cifar10,split_cifar10,oracle,resnet18,asymmetric,0.4,4,python scripts/run_nn_submission.py --datasets seq_cifar10 --conditions asym40 --methods oracle --seeds 4,results/neural_networks_submission/configs/seq_cifar10__asym40__oracle__seed4.json,done,2026-06-20 21:46:09,2026-06-20 21:49:22,"acc=[0.042, 0.0, 0.003, 0.136, 0.663]"
split_cifar10__sym20__er__seed4,split_cifar10,split_cifar10,er,resnet18,symmetric,0.2,4,python scripts/run_nn_submission.py --datasets split_cifar10 --conditions sym20 --methods er --seeds 4,results/neural_networks_submission/configs/split_cifar10__sym20__er__seed4.json,done,2026-06-20 21:49:22,2026-06-20 21:52:52,"acc=[0.665, 0.5585, 0.6835, 0.6515, 0.7905]"
split_cifar10__sym20__derpp__seed4,split_cifar10,split_cifar10,derpp,resnet18,symmetric,0.2,4,python scripts/run_nn_submission.py --datasets split_cifar10 --conditions sym20 --methods derpp --seeds 4,results/neural_networks_submission/configs/split_cifar10__sym20__derpp__seed4.json,done,2026-06-20 21:52:52,2026-06-20 21:56:55,"acc=[0.7175, 0.5995, 0.637, 0.767, 0.746]"
split_cifar10__sym20__gate_loss__seed4,split_cifar10,split_cifar10,gate_loss,resnet18,symmetric,0.2,4,python scripts/run_nn_submission.py --datasets split_cifar10 --conditions sym20 --methods gate_loss --seeds 4,results/neural_networks_submission/configs/split_cifar10__sym20__gate_loss__seed4.json,done,2026-06-20 21:56:55,2026-06-20 22:01:03,"acc=[0.826, 0.6385, 0.7115, 0.8125, 0.7915]"
split_cifar10__sym20__gate_conf__seed4,split_cifar10,split_cifar10,gate_conf,resnet18,symmetric,0.2,4,python scripts/run_nn_submission.py --datasets split_cifar10 --conditions sym20 --methods gate_conf --seeds 4,results/neural_networks_submission/configs/split_cifar10__sym20__gate_conf__seed4.json,done,2026-06-20 22:01:03,2026-06-20 22:05:12,"acc=[0.766, 0.616, 0.6795, 0.654, 0.743]"
split_cifar10__sym20__oracle__seed4,split_cifar10,split_cifar10,oracle,resnet18,symmetric,0.2,4,python scripts/run_nn_submission.py --datasets split_cifar10 --conditions sym20 --methods oracle --seeds 4,results/neural_networks_submission/configs/split_cifar10__sym20__oracle__seed4.json,done,2026-06-20 22:05:12,2026-06-20 22:08:40,"acc=[0.85, 0.6835, 0.684, 0.8475, 0.7675]"
split_cifar10__sym60__er__seed4,split_cifar10,split_cifar10,er,resnet18,symmetric,0.6,4,python scripts/run_nn_submission.py --datasets split_cifar10 --conditions sym60 --methods er --seeds 4,results/neural_networks_submission/configs/split_cifar10__sym60__er__seed4.json,done,2026-06-20 22:08:40,2026-06-20 22:12:09,"acc=[0.4405, 0.485, 0.5105, 0.421, 0.4155]"
split_cifar10__sym60__derpp__seed4,split_cifar10,split_cifar10,derpp,resnet18,symmetric,0.6,4,python scripts/run_nn_submission.py --datasets split_cifar10 --conditions sym60 --methods derpp --seeds 4,results/neural_networks_submission/configs/split_cifar10__sym60__derpp__seed4.json,done,2026-06-20 22:12:09,2026-06-20 22:16:10,"acc=[0.488, 0.464, 0.4945, 0.386, 0.4215]"
split_cifar10__sym60__gate_loss__seed4,split_cifar10,split_cifar10,gate_loss,resnet18,symmetric,0.6,4,python scripts/run_nn_submission.py --datasets split_cifar10 --conditions sym60 --methods gate_loss --seeds 4,results/neural_networks_submission/configs/split_cifar10__sym60__gate_loss__seed4.json,done,2026-06-20 22:16:10,2026-06-20 22:20:13,"acc=[0.478, 0.4675, 0.4535, 0.4365, 0.458]"
split_cifar10__sym60__gate_conf__seed4,split_cifar10,split_cifar10,gate_conf,resnet18,symmetric,0.6,4,python scripts/run_nn_submission.py --datasets split_cifar10 --conditions sym60 --methods gate_conf --seeds 4,results/neural_networks_submission/configs/split_cifar10__sym60__gate_conf__seed4.json,done,2026-06-20 22:20:13,2026-06-20 22:24:16,"acc=[0.481, 0.4535, 0.479, 0.421, 0.373]"
split_cifar10__sym60__oracle__seed4,split_cifar10,split_cifar10,oracle,resnet18,symmetric,0.6,4,python scripts/run_nn_submission.py --datasets split_cifar10 --conditions sym60 --methods oracle --seeds 4,results/neural_networks_submission/configs/split_cifar10__sym60__oracle__seed4.json,done,2026-06-20 22:24:16,2026-06-20 22:27:43,"acc=[0.802, 0.61, 0.663, 0.612, 0.464]"
split_cifar10__asym40__er__seed4,split_cifar10,split_cifar10,er,resnet18,asymmetric,0.4,4,python scripts/run_nn_submission.py --datasets split_cifar10 --conditions asym40 --methods er --seeds 4,results/neural_networks_submission/configs/split_cifar10__asym40__er__seed4.json,done,2026-06-20 22:27:43,2026-06-20 22:31:15,"acc=[0.5835, 0.537, 0.4975, 0.554, 0.603]"
split_cifar10__asym40__derpp__seed4,split_cifar10,split_cifar10,derpp,resnet18,asymmetric,0.4,4,python scripts/run_nn_submission.py --datasets split_cifar10 --conditions asym40 --methods derpp --seeds 4,results/neural_networks_submission/configs/split_cifar10__asym40__derpp__seed4.json,done,2026-06-20 22:31:15,2026-06-20 22:35:20,"acc=[0.59, 0.5365, 0.504, 0.569, 0.5355]"
split_cifar10__asym40__gate_loss__seed4,split_cifar10,split_cifar10,gate_loss,resnet18,asymmetric,0.4,4,python scripts/run_nn_submission.py --datasets split_cifar10 --conditions asym40 --methods gate_loss --seeds 4,results/neural_networks_submission/configs/split_cifar10__asym40__gate_loss__seed4.json,done,2026-06-20 22:35:20,2026-06-20 22:39:23,"acc=[0.5525, 0.519, 0.5195, 0.6, 0.618]"
split_cifar10__asym40__gate_conf__seed4,split_cifar10,split_cifar10,gate_conf,resnet18,asymmetric,0.4,4,python scripts/run_nn_submission.py --datasets split_cifar10 --conditions asym40 --methods gate_conf --seeds 4,results/neural_networks_submission/configs/split_cifar10__asym40__gate_conf__seed4.json,done,2026-06-20 22:39:23,2026-06-20 22:43:26,"acc=[0.539, 0.5165, 0.5145, 0.514, 0.629]"
split_cifar10__asym40__oracle__seed4,split_cifar10,split_cifar10,oracle,resnet18,asymmetric,0.4,4,python scripts/run_nn_submission.py --datasets split_cifar10 --conditions asym40 --methods oracle --seeds 4,results/neural_networks_submission/configs/split_cifar10__asym40__oracle__seed4.json,done,2026-06-20 22:43:26,2026-06-20 22:46:53,"acc=[0.787, 0.6595, 0.7205, 0.7525, 0.666]"
cifar10n__c10n_worse__er__seed0,cifar10n,cifar10n_worse,er,resnet18,cifar10n:worse,realistic,0,python scripts/run_nn_submission.py --datasets cifar10n --conditions c10n_worse --methods er --seeds 0,results/neural_networks_submission/configs/cifar10n__c10n_worse__er__seed0.json,done,2026-06-20 22:46:59,2026-06-20 22:54:09,"acc=[0.234, 0.15, 0.089, 0.233, 0.407]"
cifar10n__c10n_worse__er__seed1,cifar10n,cifar10n_worse,er,resnet18,cifar10n:worse,realistic,1,python scripts/run_nn_submission.py --datasets cifar10n --conditions c10n_worse --methods er --seeds 1,results/neural_networks_submission/configs/cifar10n__c10n_worse__er__seed1.json,done,2026-06-20 22:46:59,2026-06-20 22:54:09,"acc=[0.292, 0.11, 0.134, 0.087, 0.548]"
cifar10n__c10n_worse__derpp__seed1,cifar10n,cifar10n_worse,derpp,resnet18,cifar10n:worse,realistic,1,python scripts/run_nn_submission.py --datasets cifar10n --conditions c10n_worse --methods derpp --seeds 1,results/neural_networks_submission/configs/cifar10n__c10n_worse__derpp__seed1.json,done,2026-06-20 22:54:09,2026-06-20 23:02:30,"acc=[0.255, 0.059, 0.058, 0.251, 0.712]"
cifar10n__c10n_worse__derpp__seed0,cifar10n,cifar10n_worse,derpp,resnet18,cifar10n:worse,realistic,0,python scripts/run_nn_submission.py --datasets cifar10n --conditions c10n_worse --methods derpp --seeds 0,results/neural_networks_submission/configs/cifar10n__c10n_worse__derpp__seed0.json,done,2026-06-20 22:54:09,2026-06-20 23:02:30,"acc=[0.227, 0.043, 0.041, 0.09, 0.678]"
cifar10n__c10n_worse__gate_loss__seed1,cifar10n,cifar10n_worse,gate_loss,resnet18,cifar10n:worse,realistic,1,python scripts/run_nn_submission.py --datasets cifar10n --conditions c10n_worse --methods gate_loss --seeds 1,results/neural_networks_submission/configs/cifar10n__c10n_worse__gate_loss__seed1.json,done,2026-06-20 23:02:30,2026-06-20 23:10:48,"acc=[0.542, 0.054, 0.02, 0.218, 0.39]"
cifar10n__c10n_worse__gate_loss__seed0,cifar10n,cifar10n_worse,gate_loss,resnet18,cifar10n:worse,realistic,0,python scripts/run_nn_submission.py --datasets cifar10n --conditions c10n_worse --methods gate_loss --seeds 0,results/neural_networks_submission/configs/cifar10n__c10n_worse__gate_loss__seed0.json,done,2026-06-20 23:02:30,2026-06-20 23:10:48,"acc=[0.501, 0.063, 0.12, 0.123, 0.357]"
cifar10n__c10n_worse__gate_conf__seed0,cifar10n,cifar10n_worse,gate_conf,resnet18,cifar10n:worse,realistic,0,python scripts/run_nn_submission.py --datasets cifar10n --conditions c10n_worse --methods gate_conf --seeds 0,results/neural_networks_submission/configs/cifar10n__c10n_worse__gate_conf__seed0.json,done,2026-06-20 23:10:48,2026-06-20 23:19:06,"acc=[0.188, 0.118, 0.102, 0.257, 0.456]"
cifar10n__c10n_worse__gate_conf__seed1,cifar10n,cifar10n_worse,gate_conf,resnet18,cifar10n:worse,realistic,1,python scripts/run_nn_submission.py --datasets cifar10n --conditions c10n_worse --methods gate_conf --seeds 1,results/neural_networks_submission/configs/cifar10n__c10n_worse__gate_conf__seed1.json,done,2026-06-20 23:10:48,2026-06-20 23:19:06,"acc=[0.137, 0.191, 0.058, 0.296, 0.484]"
cifar10n__c10n_worse__oracle__seed0,cifar10n,cifar10n_worse,oracle,resnet18,cifar10n:worse,realistic,0,python scripts/run_nn_submission.py --datasets cifar10n --conditions c10n_worse --methods oracle --seeds 0,results/neural_networks_submission/configs/cifar10n__c10n_worse__oracle__seed0.json,done,2026-06-20 23:19:06,2026-06-20 23:26:06,"acc=[0.003, 0.033, 0.178, 0.141, 0.752]"
cifar10n__c10n_worse__oracle__seed1,cifar10n,cifar10n_worse,oracle,resnet18,cifar10n:worse,realistic,1,python scripts/run_nn_submission.py --datasets cifar10n --conditions c10n_worse --methods oracle --seeds 1,results/neural_networks_submission/configs/cifar10n__c10n_worse__oracle__seed1.json,done,2026-06-20 23:19:06,2026-06-20 23:26:06,"acc=[0.409, 0.04, 0.092, 0.197, 0.543]"
cifar10n__c10n_aggre__er__seed0,cifar10n,cifar10n_aggre,er,resnet18,cifar10n:aggre,realistic,0,python scripts/run_nn_submission.py --datasets cifar10n --conditions c10n_aggre --methods er --seeds 0,results/neural_networks_submission/configs/cifar10n__c10n_aggre__er__seed0.json,done,2026-06-20 23:26:06,2026-06-20 23:33:18,"acc=[0.074, 0.123, 0.048, 0.104, 0.7]"
cifar10n__c10n_aggre__er__seed1,cifar10n,cifar10n_aggre,er,resnet18,cifar10n:aggre,realistic,1,python scripts/run_nn_submission.py --datasets cifar10n --conditions c10n_aggre --methods er --seeds 1,results/neural_networks_submission/configs/cifar10n__c10n_aggre__er__seed1.json,done,2026-06-20 23:26:06,2026-06-20 23:33:19,"acc=[0.207, 0.05, 0.016, 0.164, 0.731]"
cifar10n__c10n_aggre__derpp__seed0,cifar10n,cifar10n_aggre,derpp,resnet18,cifar10n:aggre,realistic,0,python scripts/run_nn_submission.py --datasets cifar10n --conditions c10n_aggre --methods derpp --seeds 0,results/neural_networks_submission/configs/cifar10n__c10n_aggre__derpp__seed0.json,done,2026-06-20 23:33:18,2026-06-20 23:41:32,"acc=[0.144, 0.001, 0.0, 0.001, 0.874]"
cifar10n__c10n_aggre__derpp__seed1,cifar10n,cifar10n_aggre,derpp,resnet18,cifar10n:aggre,realistic,1,python scripts/run_nn_submission.py --datasets cifar10n --conditions c10n_aggre --methods derpp --seeds 1,results/neural_networks_submission/configs/cifar10n__c10n_aggre__derpp__seed1.json,done,2026-06-20 23:33:19,2026-06-20 23:41:32,"acc=[0.275, 0.004, 0.001, 0.033, 0.72]"
cifar10n__c10n_aggre__gate_loss__seed0,cifar10n,cifar10n_aggre,gate_loss,resnet18,cifar10n:aggre,realistic,0,python scripts/run_nn_submission.py --datasets cifar10n --conditions c10n_aggre --methods gate_loss --seeds 0,results/neural_networks_submission/configs/cifar10n__c10n_aggre__gate_loss__seed0.json,done,2026-06-20 23:41:32,2026-06-20 23:49:40,"acc=[0.02, 0.092, 0.028, 0.127, 0.815]"
cifar10n__c10n_aggre__gate_loss__seed1,cifar10n,cifar10n_aggre,gate_loss,resnet18,cifar10n:aggre,realistic,1,python scripts/run_nn_submission.py --datasets cifar10n --conditions c10n_aggre --methods gate_loss --seeds 1,results/neural_networks_submission/configs/cifar10n__c10n_aggre__gate_loss__seed1.json,done,2026-06-20 23:41:32,2026-06-20 23:49:40,"acc=[0.087, 0.063, 0.137, 0.149, 0.769]"
cifar10n__c10n_aggre__gate_conf__seed0,cifar10n,cifar10n_aggre,gate_conf,resnet18,cifar10n:aggre,realistic,0,python scripts/run_nn_submission.py --datasets cifar10n --conditions c10n_aggre --methods gate_conf --seeds 0,results/neural_networks_submission/configs/cifar10n__c10n_aggre__gate_conf__seed0.json,done,2026-06-20 23:49:40,2026-06-20 23:57:47,"acc=[0.125, 0.009, 0.027, 0.127, 0.763]"
cifar10n__c10n_aggre__gate_conf__seed1,cifar10n,cifar10n_aggre,gate_conf,resnet18,cifar10n:aggre,realistic,1,python scripts/run_nn_submission.py --datasets cifar10n --conditions c10n_aggre --methods gate_conf --seeds 1,results/neural_networks_submission/configs/cifar10n__c10n_aggre__gate_conf__seed1.json,done,2026-06-20 23:49:40,2026-06-20 23:57:47,"acc=[0.155, 0.18, 0.036, 0.219, 0.712]"
cifar10n__c10n_aggre__oracle__seed1,cifar10n,cifar10n_aggre,oracle,resnet18,cifar10n:aggre,realistic,1,python scripts/run_nn_submission.py --datasets cifar10n --conditions c10n_aggre --methods oracle --seeds 1,results/neural_networks_submission/configs/cifar10n__c10n_aggre__oracle__seed1.json,done,2026-06-20 23:57:47,2026-06-21 00:04:41,"acc=[0.023, 0.006, 0.027, 0.017, 0.869]"
cifar10n__c10n_aggre__oracle__seed0,cifar10n,cifar10n_aggre,oracle,resnet18,cifar10n:aggre,realistic,0,python scripts/run_nn_submission.py --datasets cifar10n --conditions c10n_aggre --methods oracle --seeds 0,results/neural_networks_submission/configs/cifar10n__c10n_aggre__oracle__seed0.json,done,2026-06-20 23:57:47,2026-06-21 00:04:41,"acc=[0.022, 0.049, 0.045, 0.007, 0.83]"
cifar10n__c10n_worse__er__seed2,cifar10n,cifar10n_worse,er,resnet18,cifar10n:worse,realistic,2,python scripts/run_nn_submission.py --datasets cifar10n --conditions c10n_worse --methods er --seeds 2,results/neural_networks_submission/configs/cifar10n__c10n_worse__er__seed2.json,done,2026-06-21 00:04:47,2026-06-21 00:11:46,"acc=[0.241, 0.141, 0.043, 0.137, 0.582]"
cifar10n__c10n_worse__er__seed3,cifar10n,cifar10n_worse,er,resnet18,cifar10n:worse,realistic,3,python scripts/run_nn_submission.py --datasets cifar10n --conditions c10n_worse --methods er --seeds 3,results/neural_networks_submission/configs/cifar10n__c10n_worse__er__seed3.json,done,2026-06-21 00:04:47,2026-06-21 00:11:46,"acc=[0.176, 0.068, 0.063, 0.261, 0.575]"
cifar10n__c10n_worse__derpp__seed3,cifar10n,cifar10n_worse,derpp,resnet18,cifar10n:worse,realistic,3,python scripts/run_nn_submission.py --datasets cifar10n --conditions c10n_worse --methods derpp --seeds 3,results/neural_networks_submission/configs/cifar10n__c10n_worse__derpp__seed3.json,done,2026-06-21 00:11:46,2026-06-21 00:20:03,"acc=[0.3, 0.157, 0.048, 0.082, 0.49]"
cifar10n__c10n_worse__derpp__seed2,cifar10n,cifar10n_worse,derpp,resnet18,cifar10n:worse,realistic,2,python scripts/run_nn_submission.py --datasets cifar10n --conditions c10n_worse --methods derpp --seeds 2,results/neural_networks_submission/configs/cifar10n__c10n_worse__derpp__seed2.json,done,2026-06-21 00:11:46,2026-06-21 00:20:03,"acc=[0.28, 0.151, 0.04, 0.1, 0.559]"
cifar10n__c10n_worse__gate_loss__seed3,cifar10n,cifar10n_worse,gate_loss,resnet18,cifar10n:worse,realistic,3,python scripts/run_nn_submission.py --datasets cifar10n --conditions c10n_worse --methods gate_loss --seeds 3,results/neural_networks_submission/configs/cifar10n__c10n_worse__gate_loss__seed3.json,done,2026-06-21 00:20:03,2026-06-21 00:28:11,"acc=[0.262, 0.078, 0.083, 0.231, 0.415]"
cifar10n__c10n_worse__gate_loss__seed2,cifar10n,cifar10n_worse,gate_loss,resnet18,cifar10n:worse,realistic,2,python scripts/run_nn_submission.py --datasets cifar10n --conditions c10n_worse --methods gate_loss --seeds 2,results/neural_networks_submission/configs/cifar10n__c10n_worse__gate_loss__seed2.json,done,2026-06-21 00:20:03,2026-06-21 00:28:11,"acc=[0.281, 0.042, 0.083, 0.163, 0.507]"
cifar10n__c10n_worse__gate_conf__seed3,cifar10n,cifar10n_worse,gate_conf,resnet18,cifar10n:worse,realistic,3,python scripts/run_nn_submission.py --datasets cifar10n --conditions c10n_worse --methods gate_conf --seeds 3,results/neural_networks_submission/configs/cifar10n__c10n_worse__gate_conf__seed3.json,done,2026-06-21 00:28:11,2026-06-21 00:36:22,"acc=[0.101, 0.109, 0.068, 0.157, 0.695]"
cifar10n__c10n_worse__gate_conf__seed2,cifar10n,cifar10n_worse,gate_conf,resnet18,cifar10n:worse,realistic,2,python scripts/run_nn_submission.py --datasets cifar10n --conditions c10n_worse --methods gate_conf --seeds 2,results/neural_networks_submission/configs/cifar10n__c10n_worse__gate_conf__seed2.json,done,2026-06-21 00:28:11,2026-06-21 00:36:22,"acc=[0.209, 0.09, 0.112, 0.254, 0.52]"
cifar10n__c10n_worse__oracle__seed2,cifar10n,cifar10n_worse,oracle,resnet18,cifar10n:worse,realistic,2,python scripts/run_nn_submission.py --datasets cifar10n --conditions c10n_worse --methods oracle --seeds 2,results/neural_networks_submission/configs/cifar10n__c10n_worse__oracle__seed2.json,done,2026-06-21 00:36:22,2026-06-21 00:43:12,"acc=[0.028, 0.126, 0.189, 0.07, 0.622]"
cifar10n__c10n_worse__oracle__seed3,cifar10n,cifar10n_worse,oracle,resnet18,cifar10n:worse,realistic,3,python scripts/run_nn_submission.py --datasets cifar10n --conditions c10n_worse --methods oracle --seeds 3,results/neural_networks_submission/configs/cifar10n__c10n_worse__oracle__seed3.json,done,2026-06-21 00:36:22,2026-06-21 00:43:12,"acc=[0.025, 0.151, 0.022, 0.265, 0.642]"
cifar10n__c10n_aggre__er__seed3,cifar10n,cifar10n_aggre,er,resnet18,cifar10n:aggre,realistic,3,python scripts/run_nn_submission.py --datasets cifar10n --conditions c10n_aggre --methods er --seeds 3,results/neural_networks_submission/configs/cifar10n__c10n_aggre__er__seed3.json,done,2026-06-21 00:43:12,2026-06-21 00:50:07,"acc=[0.256, 0.007, 0.028, 0.07, 0.701]"
cifar10n__c10n_aggre__er__seed2,cifar10n,cifar10n_aggre,er,resnet18,cifar10n:aggre,realistic,2,python scripts/run_nn_submission.py --datasets cifar10n --conditions c10n_aggre --methods er --seeds 2,results/neural_networks_submission/configs/cifar10n__c10n_aggre__er__seed2.json,done,2026-06-21 00:43:12,2026-06-21 00:50:07,"acc=[0.171, 0.009, 0.041, 0.349, 0.826]"
cifar10n__c10n_aggre__derpp__seed2,cifar10n,cifar10n_aggre,derpp,resnet18,cifar10n:aggre,realistic,2,python scripts/run_nn_submission.py --datasets cifar10n --conditions c10n_aggre --methods derpp --seeds 2,results/neural_networks_submission/configs/cifar10n__c10n_aggre__derpp__seed2.json,done,2026-06-21 00:50:07,2026-06-21 00:58:12,"acc=[0.098, 0.0, 0.0, 0.012, 0.824]"
cifar10n__c10n_aggre__derpp__seed3,cifar10n,cifar10n_aggre,derpp,resnet18,cifar10n:aggre,realistic,3,python scripts/run_nn_submission.py --datasets cifar10n --conditions c10n_aggre --methods derpp --seeds 3,results/neural_networks_submission/configs/cifar10n__c10n_aggre__derpp__seed3.json,done,2026-06-21 00:50:07,2026-06-21 00:58:12,"acc=[0.413, 0.004, 0.0, 0.0, 0.731]"
cifar10n__c10n_aggre__gate_loss__seed2,cifar10n,cifar10n_aggre,gate_loss,resnet18,cifar10n:aggre,realistic,2,python scripts/run_nn_submission.py --datasets cifar10n --conditions c10n_aggre --methods gate_loss --seeds 2,results/neural_networks_submission/configs/cifar10n__c10n_aggre__gate_loss__seed2.json,done,2026-06-21 00:58:12,2026-06-21 01:06:07,"acc=[0.027, 0.099, 0.003, 0.001, 0.883]"
cifar10n__c10n_aggre__gate_loss__seed3,cifar10n,cifar10n_aggre,gate_loss,resnet18,cifar10n:aggre,realistic,3,python scripts/run_nn_submission.py --datasets cifar10n --conditions c10n_aggre --methods gate_loss --seeds 3,results/neural_networks_submission/configs/cifar10n__c10n_aggre__gate_loss__seed3.json,done,2026-06-21 00:58:12,2026-06-21 01:06:07,"acc=[0.253, 0.045, 0.017, 0.218, 0.726]"
cifar10n__c10n_aggre__gate_conf__seed2,cifar10n,cifar10n_aggre,gate_conf,resnet18,cifar10n:aggre,realistic,2,python scripts/run_nn_submission.py --datasets cifar10n --conditions c10n_aggre --methods gate_conf --seeds 2,results/neural_networks_submission/configs/cifar10n__c10n_aggre__gate_conf__seed2.json,done,2026-06-21 01:06:07,2026-06-21 01:14:03,"acc=[0.1, 0.118, 0.061, 0.084, 0.755]"
cifar10n__c10n_aggre__gate_conf__seed3,cifar10n,cifar10n_aggre,gate_conf,resnet18,cifar10n:aggre,realistic,3,python scripts/run_nn_submission.py --datasets cifar10n --conditions c10n_aggre --methods gate_conf --seeds 3,results/neural_networks_submission/configs/cifar10n__c10n_aggre__gate_conf__seed3.json,done,2026-06-21 01:06:07,2026-06-21 01:14:03,"acc=[0.281, 0.031, 0.008, 0.089, 0.713]"
cifar10n__c10n_aggre__oracle__seed2,cifar10n,cifar10n_aggre,oracle,resnet18,cifar10n:aggre,realistic,2,python scripts/run_nn_submission.py --datasets cifar10n --conditions c10n_aggre --methods oracle --seeds 2,results/neural_networks_submission/configs/cifar10n__c10n_aggre__oracle__seed2.json,done,2026-06-21 01:14:03,2026-06-21 01:20:43,"acc=[0.004, 0.02, 0.006, 0.081, 0.855]"
cifar10n__c10n_aggre__oracle__seed3,cifar10n,cifar10n_aggre,oracle,resnet18,cifar10n:aggre,realistic,3,python scripts/run_nn_submission.py --datasets cifar10n --conditions c10n_aggre --methods oracle --seeds 3,results/neural_networks_submission/configs/cifar10n__c10n_aggre__oracle__seed3.json,done,2026-06-21 01:14:03,2026-06-21 01:20:43,"acc=[0.07, 0.062, 0.025, 0.077, 0.776]"
cifar10n__c10n_worse__er__seed4,cifar10n,cifar10n_worse,er,resnet18,cifar10n:worse,realistic,4,python scripts/run_nn_submission.py --datasets cifar10n --conditions c10n_worse --methods er --seeds 4,results/neural_networks_submission/configs/cifar10n__c10n_worse__er__seed4.json,done,2026-06-21 01:20:49,2026-06-21 01:23:58,"acc=[0.211, 0.067, 0.141, 0.151, 0.649]"
cifar10n__c10n_worse__derpp__seed4,cifar10n,cifar10n_worse,derpp,resnet18,cifar10n:worse,realistic,4,python scripts/run_nn_submission.py --datasets cifar10n --conditions c10n_worse --methods derpp --seeds 4,results/neural_networks_submission/configs/cifar10n__c10n_worse__derpp__seed4.json,done,2026-06-21 01:23:58,2026-06-21 01:27:35,"acc=[0.265, 0.056, 0.062, 0.192, 0.653]"
cifar10n__c10n_worse__gate_loss__seed4,cifar10n,cifar10n_worse,gate_loss,resnet18,cifar10n:worse,realistic,4,python scripts/run_nn_submission.py --datasets cifar10n --conditions c10n_worse --methods gate_loss --seeds 4,results/neural_networks_submission/configs/cifar10n__c10n_worse__gate_loss__seed4.json,done,2026-06-21 01:27:35,2026-06-21 01:31:11,"acc=[0.274, 0.165, 0.091, 0.176, 0.544]"
cifar10n__c10n_worse__gate_conf__seed4,cifar10n,cifar10n_worse,gate_conf,resnet18,cifar10n:worse,realistic,4,python scripts/run_nn_submission.py --datasets cifar10n --conditions c10n_worse --methods gate_conf --seeds 4,results/neural_networks_submission/configs/cifar10n__c10n_worse__gate_conf__seed4.json,done,2026-06-21 01:31:11,2026-06-21 01:34:47,"acc=[0.249, 0.097, 0.074, 0.249, 0.476]"
cifar10n__c10n_worse__oracle__seed4,cifar10n,cifar10n_worse,oracle,resnet18,cifar10n:worse,realistic,4,python scripts/run_nn_submission.py --datasets cifar10n --conditions c10n_worse --methods oracle --seeds 4,results/neural_networks_submission/configs/cifar10n__c10n_worse__oracle__seed4.json,done,2026-06-21 01:34:47,2026-06-21 01:37:49,"acc=[0.094, 0.17, 0.02, 0.245, 0.54]"
cifar10n__c10n_aggre__er__seed4,cifar10n,cifar10n_aggre,er,resnet18,cifar10n:aggre,realistic,4,python scripts/run_nn_submission.py --datasets cifar10n --conditions c10n_aggre --methods er --seeds 4,results/neural_networks_submission/configs/cifar10n__c10n_aggre__er__seed4.json,done,2026-06-21 01:37:49,2026-06-21 01:40:54,"acc=[0.104, 0.066, 0.063, 0.131, 0.791]"
cifar10n__c10n_aggre__derpp__seed4,cifar10n,cifar10n_aggre,derpp,resnet18,cifar10n:aggre,realistic,4,python scripts/run_nn_submission.py --datasets cifar10n --conditions c10n_aggre --methods derpp --seeds 4,results/neural_networks_submission/configs/cifar10n__c10n_aggre__derpp__seed4.json,done,2026-06-21 01:40:54,2026-06-21 01:44:32,"acc=[0.204, 0.008, 0.0, 0.0, 0.881]"
cifar10n__c10n_aggre__gate_loss__seed4,cifar10n,cifar10n_aggre,gate_loss,resnet18,cifar10n:aggre,realistic,4,python scripts/run_nn_submission.py --datasets cifar10n --conditions c10n_aggre --methods gate_loss --seeds 4,results/neural_networks_submission/configs/cifar10n__c10n_aggre__gate_loss__seed4.json,done,2026-06-21 01:44:32,2026-06-21 01:48:09,"acc=[0.046, 0.031, 0.082, 0.338, 0.799]"
cifar10n__c10n_aggre__gate_conf__seed4,cifar10n,cifar10n_aggre,gate_conf,resnet18,cifar10n:aggre,realistic,4,python scripts/run_nn_submission.py --datasets cifar10n --conditions c10n_aggre --methods gate_conf --seeds 4,results/neural_networks_submission/configs/cifar10n__c10n_aggre__gate_conf__seed4.json,done,2026-06-21 01:48:09,2026-06-21 01:51:45,"acc=[0.025, 0.114, 0.104, 0.055, 0.756]"
cifar10n__c10n_aggre__oracle__seed4,cifar10n,cifar10n_aggre,oracle,resnet18,cifar10n:aggre,realistic,4,python scripts/run_nn_submission.py --datasets cifar10n --conditions c10n_aggre --methods oracle --seeds 4,results/neural_networks_submission/configs/cifar10n__c10n_aggre__oracle__seed4.json,done,2026-06-21 01:51:45,2026-06-21 01:54:47,"acc=[0.069, 0.003, 0.016, 0.061, 0.849]"
seq_cifar100__sym20__er__seed1,seq_cifar100,split_cifar100,er,resnet18,symmetric,0.2,1,python scripts/run_nn_submission.py --datasets seq_cifar100 --conditions sym20 --methods er --seeds 1,results/neural_networks_submission/configs/seq_cifar100__sym20__er__seed1.json,done,2026-06-21 01:54:51,2026-06-21 02:10:57,"acc=[0.024, 0.02, 0.033, 0.016, 0.041, 0.029, 0.015, 0.031, 0.045, 0.489]"
seq_cifar100__sym20__derpp__seed0,seq_cifar100,split_cifar100,derpp,resnet18,symmetric,0.2,0,python scripts/run_nn_submission.py --datasets seq_cifar100 --conditions sym20 --methods derpp --seeds 0,results/neural_networks_submission/configs/seq_cifar100__sym20__derpp__seed0.json,done,2026-06-21 01:54:51,2026-06-21 02:11:09,"acc=[0.069, 0.043, 0.028, 0.003, 0.033, 0.015, 0.067, 0.046, 0.062, 0.562]"
seq_cifar100__sym20__derpp__seed1,seq_cifar100,split_cifar100,derpp,resnet18,symmetric,0.2,1,python scripts/run_nn_submission.py --datasets seq_cifar100 --conditions sym20 --methods derpp --seeds 1,results/neural_networks_submission/configs/seq_cifar100__sym20__derpp__seed1.json,done,2026-06-21 02:10:57,2026-06-21 02:28:18,"acc=[0.065, 0.025, 0.032, 0.013, 0.041, 0.009, 0.032, 0.05, 0.037, 0.574]"
seq_cifar100__sym20__gate_loss__seed0,seq_cifar100,split_cifar100,gate_loss,resnet18,symmetric,0.2,0,python scripts/run_nn_submission.py --datasets seq_cifar100 --conditions sym20 --methods gate_loss --seeds 0,results/neural_networks_submission/configs/seq_cifar100__sym20__gate_loss__seed0.json,done,2026-06-21 02:11:09,2026-06-21 02:28:32,"acc=[0.126, 0.033, 0.075, 0.028, 0.082, 0.082, 0.064, 0.018, 0.057, 0.22]"
seq_cifar100__sym20__gate_loss__seed1,seq_cifar100,split_cifar100,gate_loss,resnet18,symmetric,0.2,1,python scripts/run_nn_submission.py --datasets seq_cifar100 --conditions sym20 --methods gate_loss --seeds 1,results/neural_networks_submission/configs/seq_cifar100__sym20__gate_loss__seed1.json,done,2026-06-21 02:28:18,2026-06-21 02:45:35,"acc=[0.087, 0.039, 0.089, 0.036, 0.121, 0.049, 0.114, 0.074, 0.016, 0.287]"
seq_cifar100__sym20__gate_conf__seed0,seq_cifar100,split_cifar100,gate_conf,resnet18,symmetric,0.2,0,python scripts/run_nn_submission.py --datasets seq_cifar100 --conditions sym20 --methods gate_conf --seeds 0,results/neural_networks_submission/configs/seq_cifar100__sym20__gate_conf__seed0.json,done,2026-06-21 02:28:32,2026-06-21 02:45:52,"acc=[0.034, 0.022, 0.003, 0.016, 0.03, 0.027, 0.072, 0.026, 0.029, 0.447]"
seq_cifar100__sym20__gate_conf__seed1,seq_cifar100,split_cifar100,gate_conf,resnet18,symmetric,0.2,1,python scripts/run_nn_submission.py --datasets seq_cifar100 --conditions sym20 --methods gate_conf --seeds 1,results/neural_networks_submission/configs/seq_cifar100__sym20__gate_conf__seed1.json,done,2026-06-21 02:45:35,2026-06-21 03:01:44,"acc=[0.031, 0.03, 0.037, 0.012, 0.022, 0.013, 0.046, 0.014, 0.047, 0.438]"
seq_cifar100__sym20__oracle__seed0,seq_cifar100,split_cifar100,oracle,resnet18,symmetric,0.2,0,python scripts/run_nn_submission.py --datasets seq_cifar100 --conditions sym20 --methods oracle --seeds 0,results/neural_networks_submission/configs/seq_cifar100__sym20__oracle__seed0.json,done,2026-06-21 02:45:52,2026-06-21 03:01:49,"acc=[0.034, 0.036, 0.093, 0.026, 0.042, 0.058, 0.056, 0.026, 0.059, 0.232]"
seq_cifar100__sym20__oracle__seed1,seq_cifar100,split_cifar100,oracle,resnet18,symmetric,0.2,1,python scripts/run_nn_submission.py --datasets seq_cifar100 --conditions sym20 --methods oracle --seeds 1,results/neural_networks_submission/configs/seq_cifar100__sym20__oracle__seed1.json,done,2026-06-21 03:01:44,2026-06-21 03:16:27,"acc=[0.051, 0.046, 0.073, 0.008, 0.061, 0.059, 0.048, 0.026, 0.025, 0.344]"
seq_cifar100__sym60__er__seed0,seq_cifar100,split_cifar100,er,resnet18,symmetric,0.6,0,python scripts/run_nn_submission.py --datasets seq_cifar100 --conditions sym60 --methods er --seeds 0,results/neural_networks_submission/configs/seq_cifar100__sym60__er__seed0.json,done,2026-06-21 03:01:49,2026-06-21 03:16:34,"acc=[0.023, 0.019, 0.018, 0.009, 0.011, 0.022, 0.019, 0.014, 0.041, 0.179]"
seq_cifar100__sym60__er__seed1,seq_cifar100,split_cifar100,er,resnet18,symmetric,0.6,1,python scripts/run_nn_submission.py --datasets seq_cifar100 --conditions sym60 --methods er --seeds 1,results/neural_networks_submission/configs/seq_cifar100__sym60__er__seed1.json,done,2026-06-21 03:16:27,2026-06-21 03:32:40,"acc=[0.027, 0.021, 0.011, 0.009, 0.016, 0.022, 0.022, 0.015, 0.011, 0.19]"
seq_cifar100__sym60__derpp__seed0,seq_cifar100,split_cifar100,derpp,resnet18,symmetric,0.6,0,python scripts/run_nn_submission.py --datasets seq_cifar100 --conditions sym60 --methods derpp --seeds 0,results/neural_networks_submission/configs/seq_cifar100__sym60__derpp__seed0.json,done,2026-06-21 03:16:34,2026-06-21 03:32:40,"acc=[0.038, 0.02, 0.024, 0.011, 0.026, 0.021, 0.023, 0.018, 0.039, 0.27]"
seq_cifar100__sym60__gate_loss__seed0,seq_cifar100,split_cifar100,gate_loss,resnet18,symmetric,0.6,0,python scripts/run_nn_submission.py --datasets seq_cifar100 --conditions sym60 --methods gate_loss --seeds 0,results/neural_networks_submission/configs/seq_cifar100__sym60__gate_loss__seed0.json,done,2026-06-21 03:32:40,2026-06-21 03:50:02,"acc=[0.017, 0.042, 0.062, 0.013, 0.066, 0.023, 0.064, 0.051, 0.01, 0.059]"
seq_cifar100__sym60__derpp__seed1,seq_cifar100,split_cifar100,derpp,resnet18,symmetric,0.6,1,python scripts/run_nn_submission.py --datasets seq_cifar100 --conditions sym60 --methods derpp --seeds 1,results/neural_networks_submission/configs/seq_cifar100__sym60__derpp__seed1.json,done,2026-06-21 03:32:40,2026-06-21 03:50:02,"acc=[0.048, 0.024, 0.014, 0.011, 0.02, 0.014, 0.029, 0.019, 0.018, 0.285]"
seq_cifar100__sym60__gate_loss__seed1,seq_cifar100,split_cifar100,gate_loss,resnet18,symmetric,0.6,1,python scripts/run_nn_submission.py --datasets seq_cifar100 --conditions sym60 --methods gate_loss --seeds 1,results/neural_networks_submission/configs/seq_cifar100__sym60__gate_loss__seed1.json,done,2026-06-21 03:50:02,2026-06-21 04:07:17,"acc=[0.019, 0.006, 0.048, 0.013, 0.05, 0.044, 0.042, 0.026, 0.052, 0.111]"
seq_cifar100__sym60__gate_conf__seed0,seq_cifar100,split_cifar100,gate_conf,resnet18,symmetric,0.6,0,python scripts/run_nn_submission.py --datasets seq_cifar100 --conditions sym60 --methods gate_conf --seeds 0,results/neural_networks_submission/configs/seq_cifar100__sym60__gate_conf__seed0.json,done,2026-06-21 03:50:02,2026-06-21 04:07:17,"acc=[0.003, 0.014, 0.027, 0.013, 0.016, 0.026, 0.028, 0.009, 0.026, 0.194]"
seq_cifar100__sym60__oracle__seed0,seq_cifar100,split_cifar100,oracle,resnet18,symmetric,0.6,0,python scripts/run_nn_submission.py --datasets seq_cifar100 --conditions sym60 --methods oracle --seeds 0,results/neural_networks_submission/configs/seq_cifar100__sym60__oracle__seed0.json,done,2026-06-21 04:07:17,2026-06-21 04:23:19,"acc=[0.066, 0.041, 0.069, 0.034, 0.035, 0.022, 0.053, 0.029, 0.021, 0.075]"
seq_cifar100__sym60__gate_conf__seed1,seq_cifar100,split_cifar100,gate_conf,resnet18,symmetric,0.6,1,python scripts/run_nn_submission.py --datasets seq_cifar100 --conditions sym60 --methods gate_conf --seeds 1,results/neural_networks_submission/configs/seq_cifar100__sym60__gate_conf__seed1.json,done,2026-06-21 04:07:17,2026-06-21 04:23:19,"acc=[0.001, 0.012, 0.013, 0.006, 0.005, 0.041, 0.012, 0.019, 0.019, 0.141]"
seq_cifar100__sym60__oracle__seed1,seq_cifar100,split_cifar100,oracle,resnet18,symmetric,0.6,1,python scripts/run_nn_submission.py --datasets seq_cifar100 --conditions sym60 --methods oracle --seeds 1,results/neural_networks_submission/configs/seq_cifar100__sym60__oracle__seed1.json,done,2026-06-21 04:23:19,2026-06-21 04:30:04,"acc=[0.056, 0.044, 0.053, 0.033, 0.033, 0.026, 0.055, 0.041, 0.01, 0.108]"
seq_cifar100__sym20__er__seed2,seq_cifar100,split_cifar100,er,resnet18,symmetric,0.2,2,python scripts/run_nn_submission.py --datasets seq_cifar100 --conditions sym20 --methods er --seeds 2,results/neural_networks_submission/configs/seq_cifar100__sym20__er__seed2.json,done,2026-06-21 04:30:08,2026-06-21 04:36:58,"acc=[0.026, 0.025, 0.011, 0.019, 0.025, 0.02, 0.036, 0.038, 0.025, 0.465]"
seq_cifar100__sym20__derpp__seed2,seq_cifar100,split_cifar100,derpp,resnet18,symmetric,0.2,2,python scripts/run_nn_submission.py --datasets seq_cifar100 --conditions sym20 --methods derpp --seeds 2,results/neural_networks_submission/configs/seq_cifar100__sym20__derpp__seed2.json,done,2026-06-21 04:36:58,2026-06-21 04:44:55,"acc=[0.048, 0.023, 0.011, 0.015, 0.029, 0.024, 0.039, 0.041, 0.039, 0.583]"
seq_cifar100__sym20__gate_loss__seed2,seq_cifar100,split_cifar100,gate_loss,resnet18,symmetric,0.2,2,python scripts/run_nn_submission.py --datasets seq_cifar100 --conditions sym20 --methods gate_loss --seeds 2,results/neural_networks_submission/configs/seq_cifar100__sym20__gate_loss__seed2.json,done,2026-06-21 04:44:55,2026-06-21 04:52:49,"acc=[0.041, 0.044, 0.069, 0.063, 0.063, 0.022, 0.128, 0.058, 0.029, 0.226]"
seq_cifar100__sym20__gate_conf__seed2,seq_cifar100,split_cifar100,gate_conf,resnet18,symmetric,0.2,2,python scripts/run_nn_submission.py --datasets seq_cifar100 --conditions sym20 --methods gate_conf --seeds 2,results/neural_networks_submission/configs/seq_cifar100__sym20__gate_conf__seed2.json,done,2026-06-21 04:52:49,2026-06-21 05:00:43,"acc=[0.02, 0.008, 0.026, 0.007, 0.029, 0.029, 0.043, 0.021, 0.017, 0.408]"
seq_cifar100__sym20__oracle__seed2,seq_cifar100,split_cifar100,oracle,resnet18,symmetric,0.2,2,python scripts/run_nn_submission.py --datasets seq_cifar100 --conditions sym20 --methods oracle --seeds 2,results/neural_networks_submission/configs/seq_cifar100__sym20__oracle__seed2.json,done,2026-06-21 05:00:43,2026-06-21 05:07:28,"acc=[0.019, 0.039, 0.021, 0.008, 0.056, 0.033, 0.054, 0.048, 0.022, 0.423]"
seq_cifar100__sym60__er__seed2,seq_cifar100,split_cifar100,er,resnet18,symmetric,0.6,2,python scripts/run_nn_submission.py --datasets seq_cifar100 --conditions sym60 --methods er --seeds 2,results/neural_networks_submission/configs/seq_cifar100__sym60__er__seed2.json,done,2026-06-21 05:07:28,2026-06-21 05:14:19,"acc=[0.008, 0.024, 0.01, 0.007, 0.019, 0.008, 0.017, 0.044, 0.015, 0.205]"
seq_cifar100__sym60__derpp__seed2,seq_cifar100,split_cifar100,derpp,resnet18,symmetric,0.6,2,python scripts/run_nn_submission.py --datasets seq_cifar100 --conditions sym60 --methods derpp --seeds 2,results/neural_networks_submission/configs/seq_cifar100__sym60__derpp__seed2.json,done,2026-06-21 05:14:19,2026-06-21 05:22:17,"acc=[0.035, 0.03, 0.006, 0.006, 0.024, 0.002, 0.032, 0.015, 0.037, 0.291]"
seq_cifar100__sym60__gate_loss__seed2,seq_cifar100,split_cifar100,gate_loss,resnet18,symmetric,0.6,2,python scripts/run_nn_submission.py --datasets seq_cifar100 --conditions sym60 --methods gate_loss --seeds 2,results/neural_networks_submission/configs/seq_cifar100__sym60__gate_loss__seed2.json,done,2026-06-21 05:22:17,2026-06-21 05:30:09,"acc=[0.028, 0.027, 0.053, 0.016, 0.063, 0.055, 0.028, 0.048, 0.006, 0.154]"
seq_cifar100__sym60__gate_conf__seed2,seq_cifar100,split_cifar100,gate_conf,resnet18,symmetric,0.6,2,python scripts/run_nn_submission.py --datasets seq_cifar100 --conditions sym60 --methods gate_conf --seeds 2,results/neural_networks_submission/configs/seq_cifar100__sym60__gate_conf__seed2.json,done,2026-06-21 05:30:09,2026-06-21 05:38:01,"acc=[0.003, 0.015, 0.009, 0.01, 0.018, 0.018, 0.023, 0.023, 0.012, 0.202]"
seq_cifar100__sym60__oracle__seed2,seq_cifar100,split_cifar100,oracle,resnet18,symmetric,0.6,2,python scripts/run_nn_submission.py --datasets seq_cifar100 --conditions sym60 --methods oracle --seeds 2,results/neural_networks_submission/configs/seq_cifar100__sym60__oracle__seed2.json,done,2026-06-21 05:38:01,2026-06-21 05:44:47,"acc=[0.051, 0.036, 0.026, 0.026, 0.05, 0.054, 0.108, 0.017, 0.016, 0.102]"
cifar10n__c10n_worse__gate_coteach__seed0,cifar10n,cifar10n_worse,gate_coteach,resnet18,cifar10n:worse,realistic,0,python scripts/run_nn_submission.py --datasets cifar10n --conditions c10n_worse --methods gate_coteach --seeds 0,results/neural_networks_submission/configs/cifar10n__c10n_worse__gate_coteach__seed0.json,done,2026-06-21 09:51:06,2026-06-21 09:56:53,"acc=[0.403, 0.074, 0.053, 0.075, 0.343]"
cifar10n__c10n_worse__gate_coteach__seed1,cifar10n,cifar10n_worse,gate_coteach,resnet18,cifar10n:worse,realistic,1,python scripts/run_nn_submission.py --datasets cifar10n --conditions c10n_worse --methods gate_coteach --seeds 1,results/neural_networks_submission/configs/cifar10n__c10n_worse__gate_coteach__seed1.json,done,2026-06-21 09:56:53,2026-06-21 10:02:40,"acc=[0.096, 0.106, 0.307, 0.199, 0.431]"
cifar10n__c10n_worse__gate_coteach__seed2,cifar10n,cifar10n_worse,gate_coteach,resnet18,cifar10n:worse,realistic,2,python scripts/run_nn_submission.py --datasets cifar10n --conditions c10n_worse --methods gate_coteach --seeds 2,results/neural_networks_submission/configs/cifar10n__c10n_worse__gate_coteach__seed2.json,done,2026-06-21 10:02:40,2026-06-21 10:08:25,"acc=[0.348, 0.134, 0.045, 0.116, 0.374]"
cifar10n__c10n_worse__gate_coteach__seed3,cifar10n,cifar10n_worse,gate_coteach,resnet18,cifar10n:worse,realistic,3,python scripts/run_nn_submission.py --datasets cifar10n --conditions c10n_worse --methods gate_coteach --seeds 3,results/neural_networks_submission/configs/cifar10n__c10n_worse__gate_coteach__seed3.json,done,2026-06-21 10:08:25,2026-06-21 10:13:57,"acc=[0.075, 0.193, 0.083, 0.393, 0.443]"
cifar10n__c10n_worse__gate_coteach__seed4,cifar10n,cifar10n_worse,gate_coteach,resnet18,cifar10n:worse,realistic,4,python scripts/run_nn_submission.py --datasets cifar10n --conditions c10n_worse --methods gate_coteach --seeds 4,results/neural_networks_submission/configs/cifar10n__c10n_worse__gate_coteach__seed4.json,done,2026-06-21 10:13:57,2026-06-21 10:19:30,"acc=[0.302, 0.116, 0.212, 0.196, 0.495]"
cifar10n__c10n_aggre__gate_coteach__seed0,cifar10n,cifar10n_aggre,gate_coteach,resnet18,cifar10n:aggre,realistic,0,python scripts/run_nn_submission.py --datasets cifar10n --conditions c10n_aggre --methods gate_coteach --seeds 0,results/neural_networks_submission/configs/cifar10n__c10n_aggre__gate_coteach__seed0.json,done,2026-06-21 10:19:30,2026-06-21 10:24:57,"acc=[0.015, 0.0, 0.006, 0.023, 0.759]"
cifar10n__c10n_aggre__gate_coteach__seed1,cifar10n,cifar10n_aggre,gate_coteach,resnet18,cifar10n:aggre,realistic,1,python scripts/run_nn_submission.py --datasets cifar10n --conditions c10n_aggre --methods gate_coteach --seeds 1,results/neural_networks_submission/configs/cifar10n__c10n_aggre__gate_coteach__seed1.json,done,2026-06-21 10:24:57,2026-06-21 10:30:21,"acc=[0.021, 0.015, 0.096, 0.156, 0.673]"
cifar10n__c10n_aggre__gate_coteach__seed2,cifar10n,cifar10n_aggre,gate_coteach,resnet18,cifar10n:aggre,realistic,2,python scripts/run_nn_submission.py --datasets cifar10n --conditions c10n_aggre --methods gate_coteach --seeds 2,results/neural_networks_submission/configs/cifar10n__c10n_aggre__gate_coteach__seed2.json,done,2026-06-21 10:30:21,2026-06-21 10:35:44,"acc=[0.065, 0.017, 0.082, 0.114, 0.751]"
cifar10n__c10n_aggre__gate_coteach__seed3,cifar10n,cifar10n_aggre,gate_coteach,resnet18,cifar10n:aggre,realistic,3,python scripts/run_nn_submission.py --datasets cifar10n --conditions c10n_aggre --methods gate_coteach --seeds 3,results/neural_networks_submission/configs/cifar10n__c10n_aggre__gate_coteach__seed3.json,done,2026-06-21 10:35:44,2026-06-21 10:41:03,"acc=[0.055, 0.0, 0.045, 0.013, 0.887]"
cifar10n__c10n_aggre__gate_coteach__seed4,cifar10n,cifar10n_aggre,gate_coteach,resnet18,cifar10n:aggre,realistic,4,python scripts/run_nn_submission.py --datasets cifar10n --conditions c10n_aggre --methods gate_coteach --seeds 4,results/neural_networks_submission/configs/cifar10n__c10n_aggre__gate_coteach__seed4.json,done,2026-06-21 10:41:03,2026-06-21 10:46:21,"acc=[0.044, 0.12, 0.023, 0.139, 0.833]"
permuted_mnist__sym20__arc_lite__seed0,permuted_mnist,permuted_mnist,arc_lite,mlp,symmetric,0.2,0,python scripts/run_nn_submission.py --datasets permuted_mnist --conditions sym20 --methods arc_lite --seeds 0,results\neural_networks_submission\configs\permuted_mnist__sym20__arc_lite__seed0.json,done,2026-07-03 16:34:45,2026-07-03 16:34:55,"acc=[0.1726, 0.1883, 0.1878, 0.165, 0.1885]"
permuted_mnist__sym20__arc_lite__seed0,permuted_mnist,permuted_mnist,arc_lite,mlp,symmetric,0.2,0,python scripts/run_nn_submission.py --datasets permuted_mnist --conditions sym20 --methods arc_lite --seeds 0,results\neural_networks_submission\configs\permuted_mnist__sym20__arc_lite__seed0.json,done,2026-07-03 16:34:17,2026-07-03 16:34:55,"acc=[0.1726, 0.1883, 0.1878, 0.165, 0.1885]"
permuted_mnist__sym20__arc_full__seed0,permuted_mnist,permuted_mnist,arc_full,mlp,symmetric,0.2,0,python scripts/run_nn_submission.py --datasets permuted_mnist --conditions sym20 --methods arc_full --seeds 0,results\neural_networks_submission\configs\permuted_mnist__sym20__arc_full__seed0.json,done,2026-07-03 16:34:55,2026-07-03 16:35:00,"acc=[0.2081, 0.1822, 0.2817, 0.3249, 0.1977]"
permuted_mnist__sym20__arc_full__seed0,permuted_mnist,permuted_mnist,arc_full,mlp,symmetric,0.2,0,python scripts/run_nn_submission.py --datasets permuted_mnist --conditions sym20 --methods arc_full --seeds 0,results\neural_networks_submission\configs\permuted_mnist__sym20__arc_full__seed0.json,done,2026-07-03 16:34:55,2026-07-03 16:35:00,"acc=[0.2081, 0.1822, 0.2817, 0.3249, 0.1977]"
split_cifar10__sym20__arc_lite__seed0,split_cifar10,split_cifar10,arc_lite,resnet18,symmetric,0.2,0,python scripts/run_nn_submission.py --datasets split_cifar10 --conditions sym20 --methods arc_lite --seeds 0,results\neural_networks_submission\configs\split_cifar10__sym20__arc_lite__seed0.json,done,2026-07-03 16:40:08,2026-07-03 16:40:29,"acc=[0.6295, 0.5, 0.498, 0.491, 0.515]"
split_cifar10__sym20__arc_full__seed0,split_cifar10,split_cifar10,arc_full,resnet18,symmetric,0.2,0,python scripts/run_nn_submission.py --datasets split_cifar10 --conditions sym20 --methods arc_full --seeds 0,results\neural_networks_submission\configs\split_cifar10__sym20__arc_full__seed0.json,done,2026-07-03 16:40:29,2026-07-03 16:40:41,"acc=[0.5485, 0.5, 0.5, 0.5, 0.4995]"
split_cifar10__sym60__arc_lite__seed0,split_cifar10,split_cifar10,arc_lite,resnet18,symmetric,0.6,0,python scripts/run_nn_submission.py --datasets split_cifar10 --conditions sym60 --methods arc_lite --seeds 0,results\neural_networks_submission\configs\split_cifar10__sym60__arc_lite__seed0.json,done,2026-07-03 16:40:41,2026-07-03 16:40:57,"acc=[0.5, 0.531, 0.3965, 0.364, 0.5605]"
split_cifar10__sym60__arc_full__seed0,split_cifar10,split_cifar10,arc_full,resnet18,symmetric,0.6,0,python scripts/run_nn_submission.py --datasets split_cifar10 --conditions sym60 --methods arc_full --seeds 0,results\neural_networks_submission\configs\split_cifar10__sym60__arc_full__seed0.json,done,2026-07-03 16:40:57,2026-07-03 16:41:09,"acc=[0.4945, 0.501, 0.5, 0.5, 0.5075]"
split_cifar10__clean__er__seed0,split_cifar10,split_cifar10,er,resnet18,symmetric,0.0,0,python scripts/run_nn_submission.py --datasets split_cifar10 --conditions clean --methods er --seeds 0,,failed,2026-07-05 12:31:12,2026-07-05 12:31:18,"CUDA error: device-side assert triggered
Search for `cudaErrorAssert' in https://docs.nvidia.com/cuda/cuda-runtime-api/group__CUDART__TYPES.html for more information.
CUDA kernel errors might be async"
split_cifar10__clean__er__seed1,split_cifar10,split_cifar10,er,resnet18,symmetric,0.0,1,python scripts/run_nn_submission.py --datasets split_cifar10 --conditions clean --methods er --seeds 1,,failed,2026-07-05 12:31:18,2026-07-05 12:31:20,"CUDA error: device-side assert triggered
Search for `cudaErrorAssert' in https://docs.nvidia.com/cuda/cuda-runtime-api/group__CUDART__TYPES.html for more information.
CUDA kernel errors might be async"
split_cifar10__clean__er__seed2,split_cifar10,split_cifar10,er,resnet18,symmetric,0.0,2,python scripts/run_nn_submission.py --datasets split_cifar10 --conditions clean --methods er --seeds 2,,failed,2026-07-05 12:31:20,2026-07-05 12:31:23,"CUDA error: device-side assert triggered
Search for `cudaErrorAssert' in https://docs.nvidia.com/cuda/cuda-runtime-api/group__CUDART__TYPES.html for more information.
CUDA kernel errors might be async"
split_cifar10__clean__er__seed3,split_cifar10,split_cifar10,er,resnet18,symmetric,0.0,3,python scripts/run_nn_submission.py --datasets split_cifar10 --conditions clean --methods er --seeds 3,,failed,2026-07-05 12:31:23,2026-07-05 12:31:26,"CUDA error: device-side assert triggered
Search for `cudaErrorAssert' in https://docs.nvidia.com/cuda/cuda-runtime-api/group__CUDART__TYPES.html for more information.
CUDA kernel errors might be async"
split_cifar10__clean__er__seed4,split_cifar10,split_cifar10,er,resnet18,symmetric,0.0,4,python scripts/run_nn_submission.py --datasets split_cifar10 --conditions clean --methods er --seeds 4,,failed,2026-07-05 12:31:26,2026-07-05 12:31:28,"CUDA error: device-side assert triggered
Search for `cudaErrorAssert' in https://docs.nvidia.com/cuda/cuda-runtime-api/group__CUDART__TYPES.html for more information.
CUDA kernel errors might be async"
split_cifar10__clean__derpp__seed0,split_cifar10,split_cifar10,derpp,resnet18,symmetric,0.0,0,python scripts/run_nn_submission.py --datasets split_cifar10 --conditions clean --methods derpp --seeds 0,,failed,2026-07-05 12:31:28,2026-07-05 12:31:28,"CUDA error: device-side assert triggered
Search for `cudaErrorAssert' in https://docs.nvidia.com/cuda/cuda-runtime-api/group__CUDART__TYPES.html for more information.
CUDA kernel errors might be async"
split_cifar10__clean__derpp__seed1,split_cifar10,split_cifar10,derpp,resnet18,symmetric,0.0,1,python scripts/run_nn_submission.py --datasets split_cifar10 --conditions clean --methods derpp --seeds 1,,failed,2026-07-05 12:31:28,2026-07-05 12:31:28,"CUDA error: device-side assert triggered
Search for `cudaErrorAssert' in https://docs.nvidia.com/cuda/cuda-runtime-api/group__CUDART__TYPES.html for more information.
CUDA kernel errors might be async"
split_cifar10__clean__derpp__seed2,split_cifar10,split_cifar10,derpp,resnet18,symmetric,0.0,2,python scripts/run_nn_submission.py --datasets split_cifar10 --conditions clean --methods derpp --seeds 2,,failed,2026-07-05 12:31:28,2026-07-05 12:31:28,"CUDA error: device-side assert triggered
Search for `cudaErrorAssert' in https://docs.nvidia.com/cuda/cuda-runtime-api/group__CUDART__TYPES.html for more information.
CUDA kernel errors might be async"
split_cifar10__clean__derpp__seed3,split_cifar10,split_cifar10,derpp,resnet18,symmetric,0.0,3,python scripts/run_nn_submission.py --datasets split_cifar10 --conditions clean --methods derpp --seeds 3,,failed,2026-07-05 12:31:28,2026-07-05 12:31:28,"CUDA error: device-side assert triggered
Search for `cudaErrorAssert' in https://docs.nvidia.com/cuda/cuda-runtime-api/group__CUDART__TYPES.html for more information.
CUDA kernel errors might be async"
split_cifar10__clean__derpp__seed4,split_cifar10,split_cifar10,derpp,resnet18,symmetric,0.0,4,python scripts/run_nn_submission.py --datasets split_cifar10 --conditions clean --methods derpp --seeds 4,,failed,2026-07-05 12:31:28,2026-07-05 12:31:28,"CUDA error: device-side assert triggered
Search for `cudaErrorAssert' in https://docs.nvidia.com/cuda/cuda-runtime-api/group__CUDART__TYPES.html for more information.
CUDA kernel errors might be async"
split_cifar10__clean__er_ace__seed0,split_cifar10,split_cifar10,er_ace,resnet18,symmetric,0.0,0,python scripts/run_nn_submission.py --datasets split_cifar10 --conditions clean --methods er_ace --seeds 0,,failed,2026-07-05 12:31:28,2026-07-05 12:31:28,"CUDA error: device-side assert triggered
Search for `cudaErrorAssert' in https://docs.nvidia.com/cuda/cuda-runtime-api/group__CUDART__TYPES.html for more information.
CUDA kernel errors might be async"
split_cifar10__clean__er_ace__seed1,split_cifar10,split_cifar10,er_ace,resnet18,symmetric,0.0,1,python scripts/run_nn_submission.py --datasets split_cifar10 --conditions clean --methods er_ace --seeds 1,,failed,2026-07-05 12:31:28,2026-07-05 12:31:28,"CUDA error: device-side assert triggered
Search for `cudaErrorAssert' in https://docs.nvidia.com/cuda/cuda-runtime-api/group__CUDART__TYPES.html for more information.
CUDA kernel errors might be async"
split_cifar10__clean__er_ace__seed2,split_cifar10,split_cifar10,er_ace,resnet18,symmetric,0.0,2,python scripts/run_nn_submission.py --datasets split_cifar10 --conditions clean --methods er_ace --seeds 2,,failed,2026-07-05 12:31:28,2026-07-05 12:31:28,"CUDA error: device-side assert triggered
Search for `cudaErrorAssert' in https://docs.nvidia.com/cuda/cuda-runtime-api/group__CUDART__TYPES.html for more information.
CUDA kernel errors might be async"
split_cifar10__clean__er_ace__seed3,split_cifar10,split_cifar10,er_ace,resnet18,symmetric,0.0,3,python scripts/run_nn_submission.py --datasets split_cifar10 --conditions clean --methods er_ace --seeds 3,,failed,2026-07-05 12:31:28,2026-07-05 12:31:28,"CUDA error: device-side assert triggered
Search for `cudaErrorAssert' in https://docs.nvidia.com/cuda/cuda-runtime-api/group__CUDART__TYPES.html for more information.
CUDA kernel errors might be async"
split_cifar10__clean__er_ace__seed4,split_cifar10,split_cifar10,er_ace,resnet18,symmetric,0.0,4,python scripts/run_nn_submission.py --datasets split_cifar10 --conditions clean --methods er_ace --seeds 4,,failed,2026-07-05 12:31:28,2026-07-05 12:31:28,"CUDA error: device-side assert triggered
Search for `cudaErrorAssert' in https://docs.nvidia.com/cuda/cuda-runtime-api/group__CUDART__TYPES.html for more information.
CUDA kernel errors might be async"
split_cifar10__clean__irgr__seed0,split_cifar10,split_cifar10,irgr,resnet18,symmetric,0.0,0,python scripts/run_nn_submission.py --datasets split_cifar10 --conditions clean --methods irgr --seeds 0,,failed,2026-07-05 12:31:28,2026-07-05 12:31:28,"CUDA error: device-side assert triggered
Search for `cudaErrorAssert' in https://docs.nvidia.com/cuda/cuda-runtime-api/group__CUDART__TYPES.html for more information.
CUDA kernel errors might be async"
split_cifar10__clean__irgr__seed1,split_cifar10,split_cifar10,irgr,resnet18,symmetric,0.0,1,python scripts/run_nn_submission.py --datasets split_cifar10 --conditions clean --methods irgr --seeds 1,,failed,2026-07-05 12:31:28,2026-07-05 12:31:28,"CUDA error: device-side assert triggered
Search for `cudaErrorAssert' in https://docs.nvidia.com/cuda/cuda-runtime-api/group__CUDART__TYPES.html for more information.
CUDA kernel errors might be async"
split_cifar10__clean__irgr__seed2,split_cifar10,split_cifar10,irgr,resnet18,symmetric,0.0,2,python scripts/run_nn_submission.py --datasets split_cifar10 --conditions clean --methods irgr --seeds 2,,failed,2026-07-05 12:31:28,2026-07-05 12:31:28,"CUDA error: device-side assert triggered
Search for `cudaErrorAssert' in https://docs.nvidia.com/cuda/cuda-runtime-api/group__CUDART__TYPES.html for more information.
CUDA kernel errors might be async"
split_cifar10__clean__irgr__seed3,split_cifar10,split_cifar10,irgr,resnet18,symmetric,0.0,3,python scripts/run_nn_submission.py --datasets split_cifar10 --conditions clean --methods irgr --seeds 3,,failed,2026-07-05 12:31:28,2026-07-05 12:31:28,"CUDA error: device-side assert triggered
Search for `cudaErrorAssert' in https://docs.nvidia.com/cuda/cuda-runtime-api/group__CUDART__TYPES.html for more information.
CUDA kernel errors might be async"
split_cifar10__clean__irgr__seed4,split_cifar10,split_cifar10,irgr,resnet18,symmetric,0.0,4,python scripts/run_nn_submission.py --datasets split_cifar10 --conditions clean --methods irgr --seeds 4,,failed,2026-07-05 12:31:28,2026-07-05 12:31:28,"CUDA error: device-side assert triggered
Search for `cudaErrorAssert' in https://docs.nvidia.com/cuda/cuda-runtime-api/group__CUDART__TYPES.html for more information.
CUDA kernel errors might be async"
split_cifar10__clean__irgr_derpp__seed0,split_cifar10,split_cifar10,irgr_derpp,resnet18,symmetric,0.0,0,python scripts/run_nn_submission.py --datasets split_cifar10 --conditions clean --methods irgr_derpp --seeds 0,,failed,2026-07-05 12:31:28,2026-07-05 12:31:28,"CUDA error: device-side assert triggered
Search for `cudaErrorAssert' in https://docs.nvidia.com/cuda/cuda-runtime-api/group__CUDART__TYPES.html for more information.
CUDA kernel errors might be async"
split_cifar10__clean__irgr_derpp__seed1,split_cifar10,split_cifar10,irgr_derpp,resnet18,symmetric,0.0,1,python scripts/run_nn_submission.py --datasets split_cifar10 --conditions clean --methods irgr_derpp --seeds 1,,failed,2026-07-05 12:31:28,2026-07-05 12:31:28,"CUDA error: device-side assert triggered
Search for `cudaErrorAssert' in https://docs.nvidia.com/cuda/cuda-runtime-api/group__CUDART__TYPES.html for more information.
CUDA kernel errors might be async"
split_cifar10__clean__irgr_derpp__seed2,split_cifar10,split_cifar10,irgr_derpp,resnet18,symmetric,0.0,2,python scripts/run_nn_submission.py --datasets split_cifar10 --conditions clean --methods irgr_derpp --seeds 2,,failed,2026-07-05 12:31:28,2026-07-05 12:31:28,"CUDA error: device-side assert triggered
Search for `cudaErrorAssert' in https://docs.nvidia.com/cuda/cuda-runtime-api/group__CUDART__TYPES.html for more information.
CUDA kernel errors might be async"
split_cifar10__clean__irgr_derpp__seed3,split_cifar10,split_cifar10,irgr_derpp,resnet18,symmetric,0.0,3,python scripts/run_nn_submission.py --datasets split_cifar10 --conditions clean --methods irgr_derpp --seeds 3,,failed,2026-07-05 12:31:28,2026-07-05 12:31:28,"CUDA error: device-side assert triggered
Search for `cudaErrorAssert' in https://docs.nvidia.com/cuda/cuda-runtime-api/group__CUDART__TYPES.html for more information.
CUDA kernel errors might be async"
split_cifar10__clean__irgr_derpp__seed4,split_cifar10,split_cifar10,irgr_derpp,resnet18,symmetric,0.0,4,python scripts/run_nn_submission.py --datasets split_cifar10 --conditions clean --methods irgr_derpp --seeds 4,,failed,2026-07-05 12:31:28,2026-07-05 12:31:28,"CUDA error: device-side assert triggered
Search for `cudaErrorAssert' in https://docs.nvidia.com/cuda/cuda-runtime-api/group__CUDART__TYPES.html for more information.
CUDA kernel errors might be async"
split_cifar10__clean__oracle__seed0,split_cifar10,split_cifar10,oracle,resnet18,symmetric,0.0,0,python scripts/run_nn_submission.py --datasets split_cifar10 --conditions clean --methods oracle --seeds 0,,failed,2026-07-05 12:31:28,2026-07-05 12:31:28,"CUDA error: device-side assert triggered
Search for `cudaErrorAssert' in https://docs.nvidia.com/cuda/cuda-runtime-api/group__CUDART__TYPES.html for more information.
CUDA kernel errors might be async"
split_cifar10__clean__oracle__seed1,split_cifar10,split_cifar10,oracle,resnet18,symmetric,0.0,1,python scripts/run_nn_submission.py --datasets split_cifar10 --conditions clean --methods oracle --seeds 1,,failed,2026-07-05 12:31:28,2026-07-05 12:31:28,"CUDA error: device-side assert triggered
Search for `cudaErrorAssert' in https://docs.nvidia.com/cuda/cuda-runtime-api/group__CUDART__TYPES.html for more information.
CUDA kernel errors might be async"
split_cifar10__clean__oracle__seed2,split_cifar10,split_cifar10,oracle,resnet18,symmetric,0.0,2,python scripts/run_nn_submission.py --datasets split_cifar10 --conditions clean --methods oracle --seeds 2,,failed,2026-07-05 12:31:28,2026-07-05 12:31:28,"CUDA error: device-side assert triggered
Search for `cudaErrorAssert' in https://docs.nvidia.com/cuda/cuda-runtime-api/group__CUDART__TYPES.html for more information.
CUDA kernel errors might be async"
split_cifar10__clean__oracle__seed3,split_cifar10,split_cifar10,oracle,resnet18,symmetric,0.0,3,python scripts/run_nn_submission.py --datasets split_cifar10 --conditions clean --methods oracle --seeds 3,,failed,2026-07-05 12:31:28,2026-07-05 12:31:28,"CUDA error: device-side assert triggered
Search for `cudaErrorAssert' in https://docs.nvidia.com/cuda/cuda-runtime-api/group__CUDART__TYPES.html for more information.
CUDA kernel errors might be async"
split_cifar10__clean__oracle__seed4,split_cifar10,split_cifar10,oracle,resnet18,symmetric,0.0,4,python scripts/run_nn_submission.py --datasets split_cifar10 --conditions clean --methods oracle --seeds 4,,failed,2026-07-05 12:31:28,2026-07-05 12:31:28,"CUDA error: device-side assert triggered
Search for `cudaErrorAssert' in https://docs.nvidia.com/cuda/cuda-runtime-api/group__CUDART__TYPES.html for more information.
CUDA kernel errors might be async"
split_cifar10__sym40__er__seed0,split_cifar10,split_cifar10,er,resnet18,symmetric,0.4,0,python scripts/run_nn_submission.py --datasets split_cifar10 --conditions sym40 --methods er --seeds 0,,failed,2026-07-05 12:31:28,2026-07-05 12:31:31,"CUDA error: device-side assert triggered
Search for `cudaErrorAssert' in https://docs.nvidia.com/cuda/cuda-runtime-api/group__CUDART__TYPES.html for more information.
CUDA kernel errors might be async"
split_cifar10__sym40__er__seed1,split_cifar10,split_cifar10,er,resnet18,symmetric,0.4,1,python scripts/run_nn_submission.py --datasets split_cifar10 --conditions sym40 --methods er --seeds 1,,failed,2026-07-05 12:31:31,2026-07-05 12:31:33,"CUDA error: device-side assert triggered
Search for `cudaErrorAssert' in https://docs.nvidia.com/cuda/cuda-runtime-api/group__CUDART__TYPES.html for more information.
CUDA kernel errors might be async"
split_cifar10__sym40__er__seed2,split_cifar10,split_cifar10,er,resnet18,symmetric,0.4,2,python scripts/run_nn_submission.py --datasets split_cifar10 --conditions sym40 --methods er --seeds 2,,failed,2026-07-05 12:31:33,2026-07-05 12:31:36,"CUDA error: device-side assert triggered
Search for `cudaErrorAssert' in https://docs.nvidia.com/cuda/cuda-runtime-api/group__CUDART__TYPES.html for more information.
CUDA kernel errors might be async"
split_cifar10__sym40__er__seed3,split_cifar10,split_cifar10,er,resnet18,symmetric,0.4,3,python scripts/run_nn_submission.py --datasets split_cifar10 --conditions sym40 --methods er --seeds 3,,failed,2026-07-05 12:31:36,2026-07-05 12:31:38,"CUDA error: device-side assert triggered
Search for `cudaErrorAssert' in https://docs.nvidia.com/cuda/cuda-runtime-api/group__CUDART__TYPES.html for more information.
CUDA kernel errors might be async"
split_cifar10__sym40__er__seed4,split_cifar10,split_cifar10,er,resnet18,symmetric,0.4,4,python scripts/run_nn_submission.py --datasets split_cifar10 --conditions sym40 --methods er --seeds 4,,failed,2026-07-05 12:31:38,2026-07-05 12:31:41,"CUDA error: device-side assert triggered
Search for `cudaErrorAssert' in https://docs.nvidia.com/cuda/cuda-runtime-api/group__CUDART__TYPES.html for more information.
CUDA kernel errors might be async"
split_cifar10__sym40__derpp__seed0,split_cifar10,split_cifar10,derpp,resnet18,symmetric,0.4,0,python scripts/run_nn_submission.py --datasets split_cifar10 --conditions sym40 --methods derpp --seeds 0,,failed,2026-07-05 12:31:41,2026-07-05 12:31:41,"CUDA error: device-side assert triggered
Search for `cudaErrorAssert' in https://docs.nvidia.com/cuda/cuda-runtime-api/group__CUDART__TYPES.html for more information.
CUDA kernel errors might be async"
split_cifar10__sym40__derpp__seed1,split_cifar10,split_cifar10,derpp,resnet18,symmetric,0.4,1,python scripts/run_nn_submission.py --datasets split_cifar10 --conditions sym40 --methods derpp --seeds 1,,failed,2026-07-05 12:31:41,2026-07-05 12:31:41,"CUDA error: device-side assert triggered
Search for `cudaErrorAssert' in https://docs.nvidia.com/cuda/cuda-runtime-api/group__CUDART__TYPES.html for more information.
CUDA kernel errors might be async"
split_cifar10__sym40__derpp__seed2,split_cifar10,split_cifar10,derpp,resnet18,symmetric,0.4,2,python scripts/run_nn_submission.py --datasets split_cifar10 --conditions sym40 --methods derpp --seeds 2,,failed,2026-07-05 12:31:41,2026-07-05 12:31:41,"CUDA error: device-side assert triggered
Search for `cudaErrorAssert' in https://docs.nvidia.com/cuda/cuda-runtime-api/group__CUDART__TYPES.html for more information.
CUDA kernel errors might be async"
split_cifar10__sym40__derpp__seed3,split_cifar10,split_cifar10,derpp,resnet18,symmetric,0.4,3,python scripts/run_nn_submission.py --datasets split_cifar10 --conditions sym40 --methods derpp --seeds 3,,failed,2026-07-05 12:31:41,2026-07-05 12:31:41,"CUDA error: device-side assert triggered
Search for `cudaErrorAssert' in https://docs.nvidia.com/cuda/cuda-runtime-api/group__CUDART__TYPES.html for more information.
CUDA kernel errors might be async"
split_cifar10__sym40__derpp__seed4,split_cifar10,split_cifar10,derpp,resnet18,symmetric,0.4,4,python scripts/run_nn_submission.py --datasets split_cifar10 --conditions sym40 --methods derpp --seeds 4,,failed,2026-07-05 12:31:41,2026-07-05 12:31:41,"CUDA error: device-side assert triggered
Search for `cudaErrorAssert' in https://docs.nvidia.com/cuda/cuda-runtime-api/group__CUDART__TYPES.html for more information.
CUDA kernel errors might be async"
split_cifar10__sym40__er_ace__seed0,split_cifar10,split_cifar10,er_ace,resnet18,symmetric,0.4,0,python scripts/run_nn_submission.py --datasets split_cifar10 --conditions sym40 --methods er_ace --seeds 0,,failed,2026-07-05 12:31:41,2026-07-05 12:31:41,"CUDA error: device-side assert triggered
Search for `cudaErrorAssert' in https://docs.nvidia.com/cuda/cuda-runtime-api/group__CUDART__TYPES.html for more information.
CUDA kernel errors might be async"
split_cifar10__sym40__er_ace__seed1,split_cifar10,split_cifar10,er_ace,resnet18,symmetric,0.4,1,python scripts/run_nn_submission.py --datasets split_cifar10 --conditions sym40 --methods er_ace --seeds 1,,failed,2026-07-05 12:31:41,2026-07-05 12:31:41,"CUDA error: device-side assert triggered
Search for `cudaErrorAssert' in https://docs.nvidia.com/cuda/cuda-runtime-api/group__CUDART__TYPES.html for more information.
CUDA kernel errors might be async"
split_cifar10__sym40__er_ace__seed2,split_cifar10,split_cifar10,er_ace,resnet18,symmetric,0.4,2,python scripts/run_nn_submission.py --datasets split_cifar10 --conditions sym40 --methods er_ace --seeds 2,,failed,2026-07-05 12:31:41,2026-07-05 12:31:41,"CUDA error: device-side assert triggered
Search for `cudaErrorAssert' in https://docs.nvidia.com/cuda/cuda-runtime-api/group__CUDART__TYPES.html for more information.
CUDA kernel errors might be async"
split_cifar10__sym40__er_ace__seed3,split_cifar10,split_cifar10,er_ace,resnet18,symmetric,0.4,3,python scripts/run_nn_submission.py --datasets split_cifar10 --conditions sym40 --methods er_ace --seeds 3,,failed,2026-07-05 12:31:41,2026-07-05 12:31:41,"CUDA error: device-side assert triggered
Search for `cudaErrorAssert' in https://docs.nvidia.com/cuda/cuda-runtime-api/group__CUDART__TYPES.html for more information.
CUDA kernel errors might be async"
split_cifar10__sym40__er_ace__seed4,split_cifar10,split_cifar10,er_ace,resnet18,symmetric,0.4,4,python scripts/run_nn_submission.py --datasets split_cifar10 --conditions sym40 --methods er_ace --seeds 4,,failed,2026-07-05 12:31:41,2026-07-05 12:31:41,"CUDA error: device-side assert triggered
Search for `cudaErrorAssert' in https://docs.nvidia.com/cuda/cuda-runtime-api/group__CUDART__TYPES.html for more information.
CUDA kernel errors might be async"
split_cifar10__sym40__irgr__seed0,split_cifar10,split_cifar10,irgr,resnet18,symmetric,0.4,0,python scripts/run_nn_submission.py --datasets split_cifar10 --conditions sym40 --methods irgr --seeds 0,,failed,2026-07-05 12:31:41,2026-07-05 12:31:41,"CUDA error: device-side assert triggered
Search for `cudaErrorAssert' in https://docs.nvidia.com/cuda/cuda-runtime-api/group__CUDART__TYPES.html for more information.
CUDA kernel errors might be async"
split_cifar10__sym40__irgr__seed1,split_cifar10,split_cifar10,irgr,resnet18,symmetric,0.4,1,python scripts/run_nn_submission.py --datasets split_cifar10 --conditions sym40 --methods irgr --seeds 1,,failed,2026-07-05 12:31:41,2026-07-05 12:31:41,"CUDA error: device-side assert triggered
Search for `cudaErrorAssert' in https://docs.nvidia.com/cuda/cuda-runtime-api/group__CUDART__TYPES.html for more information.
CUDA kernel errors might be async"
split_cifar10__sym40__irgr__seed2,split_cifar10,split_cifar10,irgr,resnet18,symmetric,0.4,2,python scripts/run_nn_submission.py --datasets split_cifar10 --conditions sym40 --methods irgr --seeds 2,,failed,2026-07-05 12:31:41,2026-07-05 12:31:41,"CUDA error: device-side assert triggered
Search for `cudaErrorAssert' in https://docs.nvidia.com/cuda/cuda-runtime-api/group__CUDART__TYPES.html for more information.
CUDA kernel errors might be async"
split_cifar10__sym40__irgr__seed3,split_cifar10,split_cifar10,irgr,resnet18,symmetric,0.4,3,python scripts/run_nn_submission.py --datasets split_cifar10 --conditions sym40 --methods irgr --seeds 3,,failed,2026-07-05 12:31:41,2026-07-05 12:31:41,"CUDA error: device-side assert triggered
Search for `cudaErrorAssert' in https://docs.nvidia.com/cuda/cuda-runtime-api/group__CUDART__TYPES.html for more information.
CUDA kernel errors might be async"
split_cifar10__sym40__irgr__seed4,split_cifar10,split_cifar10,irgr,resnet18,symmetric,0.4,4,python scripts/run_nn_submission.py --datasets split_cifar10 --conditions sym40 --methods irgr --seeds 4,,failed,2026-07-05 12:31:41,2026-07-05 12:31:41,"CUDA error: device-side assert triggered
Search for `cudaErrorAssert' in https://docs.nvidia.com/cuda/cuda-runtime-api/group__CUDART__TYPES.html for more information.
CUDA kernel errors might be async"
split_cifar10__sym40__irgr_derpp__seed0,split_cifar10,split_cifar10,irgr_derpp,resnet18,symmetric,0.4,0,python scripts/run_nn_submission.py --datasets split_cifar10 --conditions sym40 --methods irgr_derpp --seeds 0,,failed,2026-07-05 12:31:41,2026-07-05 12:31:41,"CUDA error: device-side assert triggered
Search for `cudaErrorAssert' in https://docs.nvidia.com/cuda/cuda-runtime-api/group__CUDART__TYPES.html for more information.
CUDA kernel errors might be async"
split_cifar10__sym40__irgr_derpp__seed1,split_cifar10,split_cifar10,irgr_derpp,resnet18,symmetric,0.4,1,python scripts/run_nn_submission.py --datasets split_cifar10 --conditions sym40 --methods irgr_derpp --seeds 1,,failed,2026-07-05 12:31:41,2026-07-05 12:31:41,"CUDA error: device-side assert triggered
Search for `cudaErrorAssert' in https://docs.nvidia.com/cuda/cuda-runtime-api/group__CUDART__TYPES.html for more information.
CUDA kernel errors might be async"
split_cifar10__sym40__irgr_derpp__seed2,split_cifar10,split_cifar10,irgr_derpp,resnet18,symmetric,0.4,2,python scripts/run_nn_submission.py --datasets split_cifar10 --conditions sym40 --methods irgr_derpp --seeds 2,,failed,2026-07-05 12:31:41,2026-07-05 12:31:41,"CUDA error: device-side assert triggered
Search for `cudaErrorAssert' in https://docs.nvidia.com/cuda/cuda-runtime-api/group__CUDART__TYPES.html for more information.
CUDA kernel errors might be async"
split_cifar10__sym40__irgr_derpp__seed3,split_cifar10,split_cifar10,irgr_derpp,resnet18,symmetric,0.4,3,python scripts/run_nn_submission.py --datasets split_cifar10 --conditions sym40 --methods irgr_derpp --seeds 3,,failed,2026-07-05 12:31:41,2026-07-05 12:31:41,"CUDA error: device-side assert triggered
Search for `cudaErrorAssert' in https://docs.nvidia.com/cuda/cuda-runtime-api/group__CUDART__TYPES.html for more information.
CUDA kernel errors might be async"
split_cifar10__sym40__irgr_derpp__seed4,split_cifar10,split_cifar10,irgr_derpp,resnet18,symmetric,0.4,4,python scripts/run_nn_submission.py --datasets split_cifar10 --conditions sym40 --methods irgr_derpp --seeds 4,,failed,2026-07-05 12:31:41,2026-07-05 12:31:41,"CUDA error: device-side assert triggered
Search for `cudaErrorAssert' in https://docs.nvidia.com/cuda/cuda-runtime-api/group__CUDART__TYPES.html for more information.
CUDA kernel errors might be async"
split_cifar10__sym40__oracle__seed0,split_cifar10,split_cifar10,oracle,resnet18,symmetric,0.4,0,python scripts/run_nn_submission.py --datasets split_cifar10 --conditions sym40 --methods oracle --seeds 0,,failed,2026-07-05 12:31:41,2026-07-05 12:31:41,"CUDA error: device-side assert triggered
Search for `cudaErrorAssert' in https://docs.nvidia.com/cuda/cuda-runtime-api/group__CUDART__TYPES.html for more information.
CUDA kernel errors might be async"
split_cifar10__sym40__oracle__seed1,split_cifar10,split_cifar10,oracle,resnet18,symmetric,0.4,1,python scripts/run_nn_submission.py --datasets split_cifar10 --conditions sym40 --methods oracle --seeds 1,,failed,2026-07-05 12:31:41,2026-07-05 12:31:41,"CUDA error: device-side assert triggered
Search for `cudaErrorAssert' in https://docs.nvidia.com/cuda/cuda-runtime-api/group__CUDART__TYPES.html for more information.
CUDA kernel errors might be async"
split_cifar10__sym40__oracle__seed2,split_cifar10,split_cifar10,oracle,resnet18,symmetric,0.4,2,python scripts/run_nn_submission.py --datasets split_cifar10 --conditions sym40 --methods oracle --seeds 2,,failed,2026-07-05 12:31:41,2026-07-05 12:31:41,"CUDA error: device-side assert triggered
Search for `cudaErrorAssert' in https://docs.nvidia.com/cuda/cuda-runtime-api/group__CUDART__TYPES.html for more information.
CUDA kernel errors might be async"
split_cifar10__sym40__oracle__seed3,split_cifar10,split_cifar10,oracle,resnet18,symmetric,0.4,3,python scripts/run_nn_submission.py --datasets split_cifar10 --conditions sym40 --methods oracle --seeds 3,,failed,2026-07-05 12:31:41,2026-07-05 12:31:41,"CUDA error: device-side assert triggered
Search for `cudaErrorAssert' in https://docs.nvidia.com/cuda/cuda-runtime-api/group__CUDART__TYPES.html for more information.
CUDA kernel errors might be async"
split_cifar10__sym40__oracle__seed4,split_cifar10,split_cifar10,oracle,resnet18,symmetric,0.4,4,python scripts/run_nn_submission.py --datasets split_cifar10 --conditions sym40 --methods oracle --seeds 4,,failed,2026-07-05 12:31:41,2026-07-05 12:31:41,"CUDA error: device-side assert triggered
Search for `cudaErrorAssert' in https://docs.nvidia.com/cuda/cuda-runtime-api/group__CUDART__TYPES.html for more information.
CUDA kernel errors might be async"
split_cifar10__sym60__er__seed0,split_cifar10,split_cifar10,er,resnet18,symmetric,0.6,0,python scripts/run_nn_submission.py --datasets split_cifar10 --conditions sym60 --methods er --seeds 0,,failed,2026-07-05 12:31:41,2026-07-05 12:31:43,"CUDA error: device-side assert triggered
Search for `cudaErrorAssert' in https://docs.nvidia.com/cuda/cuda-runtime-api/group__CUDART__TYPES.html for more information.
CUDA kernel errors might be async"
split_cifar10__sym60__er__seed1,split_cifar10,split_cifar10,er,resnet18,symmetric,0.6,1,python scripts/run_nn_submission.py --datasets split_cifar10 --conditions sym60 --methods er --seeds 1,,failed,2026-07-05 12:31:43,2026-07-05 12:31:46,"CUDA error: device-side assert triggered
Search for `cudaErrorAssert' in https://docs.nvidia.com/cuda/cuda-runtime-api/group__CUDART__TYPES.html for more information.
CUDA kernel errors might be async"
split_cifar10__sym60__er__seed2,split_cifar10,split_cifar10,er,resnet18,symmetric,0.6,2,python scripts/run_nn_submission.py --datasets split_cifar10 --conditions sym60 --methods er --seeds 2,,failed,2026-07-05 12:31:46,2026-07-05 12:31:48,"CUDA error: device-side assert triggered
Search for `cudaErrorAssert' in https://docs.nvidia.com/cuda/cuda-runtime-api/group__CUDART__TYPES.html for more information.
CUDA kernel errors might be async"
split_cifar10__sym60__er__seed3,split_cifar10,split_cifar10,er,resnet18,symmetric,0.6,3,python scripts/run_nn_submission.py --datasets split_cifar10 --conditions sym60 --methods er --seeds 3,,failed,2026-07-05 12:31:48,2026-07-05 12:31:51,"CUDA error: device-side assert triggered
Search for `cudaErrorAssert' in https://docs.nvidia.com/cuda/cuda-runtime-api/group__CUDART__TYPES.html for more information.
CUDA kernel errors might be async"
split_cifar10__sym60__er__seed4,split_cifar10,split_cifar10,er,resnet18,symmetric,0.6,4,python scripts/run_nn_submission.py --datasets split_cifar10 --conditions sym60 --methods er --seeds 4,,failed,2026-07-05 12:31:51,2026-07-05 12:31:54,"CUDA error: device-side assert triggered
Search for `cudaErrorAssert' in https://docs.nvidia.com/cuda/cuda-runtime-api/group__CUDART__TYPES.html for more information.
CUDA kernel errors might be async"
split_cifar10__sym60__derpp__seed0,split_cifar10,split_cifar10,derpp,resnet18,symmetric,0.6,0,python scripts/run_nn_submission.py --datasets split_cifar10 --conditions sym60 --methods derpp --seeds 0,,failed,2026-07-05 12:31:54,2026-07-05 12:31:54,"CUDA error: device-side assert triggered
Search for `cudaErrorAssert' in https://docs.nvidia.com/cuda/cuda-runtime-api/group__CUDART__TYPES.html for more information.
CUDA kernel errors might be async"
split_cifar10__sym60__derpp__seed1,split_cifar10,split_cifar10,derpp,resnet18,symmetric,0.6,1,python scripts/run_nn_submission.py --datasets split_cifar10 --conditions sym60 --methods derpp --seeds 1,,failed,2026-07-05 12:31:54,2026-07-05 12:31:54,"CUDA error: device-side assert triggered
Search for `cudaErrorAssert' in https://docs.nvidia.com/cuda/cuda-runtime-api/group__CUDART__TYPES.html for more information.
CUDA kernel errors might be async"
split_cifar10__sym60__derpp__seed2,split_cifar10,split_cifar10,derpp,resnet18,symmetric,0.6,2,python scripts/run_nn_submission.py --datasets split_cifar10 --conditions sym60 --methods derpp --seeds 2,,failed,2026-07-05 12:31:54,2026-07-05 12:31:54,"CUDA error: device-side assert triggered
Search for `cudaErrorAssert' in https://docs.nvidia.com/cuda/cuda-runtime-api/group__CUDART__TYPES.html for more information.
CUDA kernel errors might be async"
split_cifar10__sym60__derpp__seed3,split_cifar10,split_cifar10,derpp,resnet18,symmetric,0.6,3,python scripts/run_nn_submission.py --datasets split_cifar10 --conditions sym60 --methods derpp --seeds 3,,failed,2026-07-05 12:31:54,2026-07-05 12:31:54,"CUDA error: device-side assert triggered
Search for `cudaErrorAssert' in https://docs.nvidia.com/cuda/cuda-runtime-api/group__CUDART__TYPES.html for more information.
CUDA kernel errors might be async"
split_cifar10__sym60__derpp__seed4,split_cifar10,split_cifar10,derpp,resnet18,symmetric,0.6,4,python scripts/run_nn_submission.py --datasets split_cifar10 --conditions sym60 --methods derpp --seeds 4,,failed,2026-07-05 12:31:54,2026-07-05 12:31:54,"CUDA error: device-side assert triggered
Search for `cudaErrorAssert' in https://docs.nvidia.com/cuda/cuda-runtime-api/group__CUDART__TYPES.html for more information.
CUDA kernel errors might be async"
split_cifar10__sym60__er_ace__seed0,split_cifar10,split_cifar10,er_ace,resnet18,symmetric,0.6,0,python scripts/run_nn_submission.py --datasets split_cifar10 --conditions sym60 --methods er_ace --seeds 0,,failed,2026-07-05 12:31:54,2026-07-05 12:31:54,"CUDA error: device-side assert triggered
Search for `cudaErrorAssert' in https://docs.nvidia.com/cuda/cuda-runtime-api/group__CUDART__TYPES.html for more information.
CUDA kernel errors might be async"
split_cifar10__sym60__er_ace__seed1,split_cifar10,split_cifar10,er_ace,resnet18,symmetric,0.6,1,python scripts/run_nn_submission.py --datasets split_cifar10 --conditions sym60 --methods er_ace --seeds 1,,failed,2026-07-05 12:31:54,2026-07-05 12:31:54,"CUDA error: device-side assert triggered
Search for `cudaErrorAssert' in https://docs.nvidia.com/cuda/cuda-runtime-api/group__CUDART__TYPES.html for more information.
CUDA kernel errors might be async"
split_cifar10__sym60__er_ace__seed2,split_cifar10,split_cifar10,er_ace,resnet18,symmetric,0.6,2,python scripts/run_nn_submission.py --datasets split_cifar10 --conditions sym60 --methods er_ace --seeds 2,,failed,2026-07-05 12:31:54,2026-07-05 12:31:54,"CUDA error: device-side assert triggered
Search for `cudaErrorAssert' in https://docs.nvidia.com/cuda/cuda-runtime-api/group__CUDART__TYPES.html for more information.
CUDA kernel errors might be async"
split_cifar10__sym60__er_ace__seed3,split_cifar10,split_cifar10,er_ace,resnet18,symmetric,0.6,3,python scripts/run_nn_submission.py --datasets split_cifar10 --conditions sym60 --methods er_ace --seeds 3,,failed,2026-07-05 12:31:54,2026-07-05 12:31:54,"CUDA error: device-side assert triggered
Search for `cudaErrorAssert' in https://docs.nvidia.com/cuda/cuda-runtime-api/group__CUDART__TYPES.html for more information.
CUDA kernel errors might be async"
split_cifar10__sym60__er_ace__seed4,split_cifar10,split_cifar10,er_ace,resnet18,symmetric,0.6,4,python scripts/run_nn_submission.py --datasets split_cifar10 --conditions sym60 --methods er_ace --seeds 4,,failed,2026-07-05 12:31:54,2026-07-05 12:31:54,"CUDA error: device-side assert triggered
Search for `cudaErrorAssert' in https://docs.nvidia.com/cuda/cuda-runtime-api/group__CUDART__TYPES.html for more information.
CUDA kernel errors might be async"
split_cifar10__sym60__irgr__seed0,split_cifar10,split_cifar10,irgr,resnet18,symmetric,0.6,0,python scripts/run_nn_submission.py --datasets split_cifar10 --conditions sym60 --methods irgr --seeds 0,,failed,2026-07-05 12:31:54,2026-07-05 12:31:54,"CUDA error: device-side assert triggered
Search for `cudaErrorAssert' in https://docs.nvidia.com/cuda/cuda-runtime-api/group__CUDART__TYPES.html for more information.
CUDA kernel errors might be async"
split_cifar10__sym60__irgr__seed1,split_cifar10,split_cifar10,irgr,resnet18,symmetric,0.6,1,python scripts/run_nn_submission.py --datasets split_cifar10 --conditions sym60 --methods irgr --seeds 1,,failed,2026-07-05 12:31:54,2026-07-05 12:31:54,"CUDA error: device-side assert triggered
Search for `cudaErrorAssert' in https://docs.nvidia.com/cuda/cuda-runtime-api/group__CUDART__TYPES.html for more information.
CUDA kernel errors might be async"
split_cifar10__sym60__irgr__seed2,split_cifar10,split_cifar10,irgr,resnet18,symmetric,0.6,2,python scripts/run_nn_submission.py --datasets split_cifar10 --conditions sym60 --methods irgr --seeds 2,,failed,2026-07-05 12:31:54,2026-07-05 12:31:54,"CUDA error: device-side assert triggered
Search for `cudaErrorAssert' in https://docs.nvidia.com/cuda/cuda-runtime-api/group__CUDART__TYPES.html for more information.
CUDA kernel errors might be async"
split_cifar10__sym60__irgr__seed3,split_cifar10,split_cifar10,irgr,resnet18,symmetric,0.6,3,python scripts/run_nn_submission.py --datasets split_cifar10 --conditions sym60 --methods irgr --seeds 3,,failed,2026-07-05 12:31:54,2026-07-05 12:31:54,"CUDA error: device-side assert triggered
Search for `cudaErrorAssert' in https://docs.nvidia.com/cuda/cuda-runtime-api/group__CUDART__TYPES.html for more information.
CUDA kernel errors might be async"
split_cifar10__sym60__irgr__seed4,split_cifar10,split_cifar10,irgr,resnet18,symmetric,0.6,4,python scripts/run_nn_submission.py --datasets split_cifar10 --conditions sym60 --methods irgr --seeds 4,,failed,2026-07-05 12:31:54,2026-07-05 12:31:54,"CUDA error: device-side assert triggered
Search for `cudaErrorAssert' in https://docs.nvidia.com/cuda/cuda-runtime-api/group__CUDART__TYPES.html for more information.
CUDA kernel errors might be async"
split_cifar10__sym60__irgr_derpp__seed0,split_cifar10,split_cifar10,irgr_derpp,resnet18,symmetric,0.6,0,python scripts/run_nn_submission.py --datasets split_cifar10 --conditions sym60 --methods irgr_derpp --seeds 0,,failed,2026-07-05 12:31:54,2026-07-05 12:31:54,"CUDA error: device-side assert triggered
Search for `cudaErrorAssert' in https://docs.nvidia.com/cuda/cuda-runtime-api/group__CUDART__TYPES.html for more information.
CUDA kernel errors might be async"
split_cifar10__sym60__irgr_derpp__seed1,split_cifar10,split_cifar10,irgr_derpp,resnet18,symmetric,0.6,1,python scripts/run_nn_submission.py --datasets split_cifar10 --conditions sym60 --methods irgr_derpp --seeds 1,,failed,2026-07-05 12:31:54,2026-07-05 12:31:54,"CUDA error: device-side assert triggered
Search for `cudaErrorAssert' in https://docs.nvidia.com/cuda/cuda-runtime-api/group__CUDART__TYPES.html for more information.
CUDA kernel errors might be async"
split_cifar10__sym60__irgr_derpp__seed2,split_cifar10,split_cifar10,irgr_derpp,resnet18,symmetric,0.6,2,python scripts/run_nn_submission.py --datasets split_cifar10 --conditions sym60 --methods irgr_derpp --seeds 2,,failed,2026-07-05 12:31:54,2026-07-05 12:31:54,"CUDA error: device-side assert triggered
Search for `cudaErrorAssert' in https://docs.nvidia.com/cuda/cuda-runtime-api/group__CUDART__TYPES.html for more information.
CUDA kernel errors might be async"
split_cifar10__sym60__irgr_derpp__seed3,split_cifar10,split_cifar10,irgr_derpp,resnet18,symmetric,0.6,3,python scripts/run_nn_submission.py --datasets split_cifar10 --conditions sym60 --methods irgr_derpp --seeds 3,,failed,2026-07-05 12:31:54,2026-07-05 12:31:54,"CUDA error: device-side assert triggered
Search for `cudaErrorAssert' in https://docs.nvidia.com/cuda/cuda-runtime-api/group__CUDART__TYPES.html for more information.
CUDA kernel errors might be async"
split_cifar10__sym60__irgr_derpp__seed4,split_cifar10,split_cifar10,irgr_derpp,resnet18,symmetric,0.6,4,python scripts/run_nn_submission.py --datasets split_cifar10 --conditions sym60 --methods irgr_derpp --seeds 4,,failed,2026-07-05 12:31:54,2026-07-05 12:31:54,"CUDA error: device-side assert triggered
Search for `cudaErrorAssert' in https://docs.nvidia.com/cuda/cuda-runtime-api/group__CUDART__TYPES.html for more information.
CUDA kernel errors might be async"
split_cifar10__sym60__oracle__seed0,split_cifar10,split_cifar10,oracle,resnet18,symmetric,0.6,0,python scripts/run_nn_submission.py --datasets split_cifar10 --conditions sym60 --methods oracle --seeds 0,,failed,2026-07-05 12:31:54,2026-07-05 12:31:54,"CUDA error: device-side assert triggered
Search for `cudaErrorAssert' in https://docs.nvidia.com/cuda/cuda-runtime-api/group__CUDART__TYPES.html for more information.
CUDA kernel errors might be async"
split_cifar10__sym60__oracle__seed1,split_cifar10,split_cifar10,oracle,resnet18,symmetric,0.6,1,python scripts/run_nn_submission.py --datasets split_cifar10 --conditions sym60 --methods oracle --seeds 1,,failed,2026-07-05 12:31:54,2026-07-05 12:31:54,"CUDA error: device-side assert triggered
Search for `cudaErrorAssert' in https://docs.nvidia.com/cuda/cuda-runtime-api/group__CUDART__TYPES.html for more information.
CUDA kernel errors might be async"
split_cifar10__sym60__oracle__seed2,split_cifar10,split_cifar10,oracle,resnet18,symmetric,0.6,2,python scripts/run_nn_submission.py --datasets split_cifar10 --conditions sym60 --methods oracle --seeds 2,,failed,2026-07-05 12:31:54,2026-07-05 12:31:54,"CUDA error: device-side assert triggered
Search for `cudaErrorAssert' in https://docs.nvidia.com/cuda/cuda-runtime-api/group__CUDART__TYPES.html for more information.
CUDA kernel errors might be async"
split_cifar10__sym60__oracle__seed3,split_cifar10,split_cifar10,oracle,resnet18,symmetric,0.6,3,python scripts/run_nn_submission.py --datasets split_cifar10 --conditions sym60 --methods oracle --seeds 3,,failed,2026-07-05 12:31:54,2026-07-05 12:31:54,"CUDA error: device-side assert triggered
Search for `cudaErrorAssert' in https://docs.nvidia.com/cuda/cuda-runtime-api/group__CUDART__TYPES.html for more information.
CUDA kernel errors might be async"
split_cifar10__sym60__oracle__seed4,split_cifar10,split_cifar10,oracle,resnet18,symmetric,0.6,4,python scripts/run_nn_submission.py --datasets split_cifar10 --conditions sym60 --methods oracle --seeds 4,,failed,2026-07-05 12:31:54,2026-07-05 12:31:54,"CUDA error: device-side assert triggered
Search for `cudaErrorAssert' in https://docs.nvidia.com/cuda/cuda-runtime-api/group__CUDART__TYPES.html for more information.
CUDA kernel errors might be async"
seq_cifar10__clean__er__seed0,seq_cifar10,seq_cifar10,er,resnet18,symmetric,0.0,0,python scripts/run_nn_submission.py --datasets seq_cifar10 --conditions clean --methods er --seeds 0,,failed,2026-07-05 12:31:54,2026-07-05 12:31:57,"CUDA error: device-side assert triggered
Search for `cudaErrorAssert' in https://docs.nvidia.com/cuda/cuda-runtime-api/group__CUDART__TYPES.html for more information.
CUDA kernel errors might be async"
seq_cifar10__clean__er__seed1,seq_cifar10,seq_cifar10,er,resnet18,symmetric,0.0,1,python scripts/run_nn_submission.py --datasets seq_cifar10 --conditions clean --methods er --seeds 1,,failed,2026-07-05 12:31:57,2026-07-05 12:32:00,"CUDA error: device-side assert triggered
Search for `cudaErrorAssert' in https://docs.nvidia.com/cuda/cuda-runtime-api/group__CUDART__TYPES.html for more information.
CUDA kernel errors might be async"
seq_cifar10__clean__er__seed2,seq_cifar10,seq_cifar10,er,resnet18,symmetric,0.0,2,python scripts/run_nn_submission.py --datasets seq_cifar10 --conditions clean --methods er --seeds 2,,failed,2026-07-05 12:32:00,2026-07-05 12:32:03,"CUDA error: device-side assert triggered
Search for `cudaErrorAssert' in https://docs.nvidia.com/cuda/cuda-runtime-api/group__CUDART__TYPES.html for more information.
CUDA kernel errors might be async"
seq_cifar10__clean__er__seed3,seq_cifar10,seq_cifar10,er,resnet18,symmetric,0.0,3,python scripts/run_nn_submission.py --datasets seq_cifar10 --conditions clean --methods er --seeds 3,,failed,2026-07-05 12:32:03,2026-07-05 12:32:05,"CUDA error: device-side assert triggered
Search for `cudaErrorAssert' in https://docs.nvidia.com/cuda/cuda-runtime-api/group__CUDART__TYPES.html for more information.
CUDA kernel errors might be async"
seq_cifar10__clean__er__seed4,seq_cifar10,seq_cifar10,er,resnet18,symmetric,0.0,4,python scripts/run_nn_submission.py --datasets seq_cifar10 --conditions clean --methods er --seeds 4,,failed,2026-07-05 12:32:05,2026-07-05 12:32:08,"CUDA error: device-side assert triggered
Search for `cudaErrorAssert' in https://docs.nvidia.com/cuda/cuda-runtime-api/group__CUDART__TYPES.html for more information.
CUDA kernel errors might be async"
seq_cifar10__clean__derpp__seed0,seq_cifar10,seq_cifar10,derpp,resnet18,symmetric,0.0,0,python scripts/run_nn_submission.py --datasets seq_cifar10 --conditions clean --methods derpp --seeds 0,,failed,2026-07-05 12:32:08,2026-07-05 12:32:08,"CUDA error: device-side assert triggered
Search for `cudaErrorAssert' in https://docs.nvidia.com/cuda/cuda-runtime-api/group__CUDART__TYPES.html for more information.
CUDA kernel errors might be async"
seq_cifar10__clean__derpp__seed1,seq_cifar10,seq_cifar10,derpp,resnet18,symmetric,0.0,1,python scripts/run_nn_submission.py --datasets seq_cifar10 --conditions clean --methods derpp --seeds 1,,failed,2026-07-05 12:32:08,2026-07-05 12:32:08,"CUDA error: device-side assert triggered
Search for `cudaErrorAssert' in https://docs.nvidia.com/cuda/cuda-runtime-api/group__CUDART__TYPES.html for more information.
CUDA kernel errors might be async"
seq_cifar10__clean__derpp__seed2,seq_cifar10,seq_cifar10,derpp,resnet18,symmetric,0.0,2,python scripts/run_nn_submission.py --datasets seq_cifar10 --conditions clean --methods derpp --seeds 2,,failed,2026-07-05 12:32:08,2026-07-05 12:32:08,"CUDA error: device-side assert triggered
Search for `cudaErrorAssert' in https://docs.nvidia.com/cuda/cuda-runtime-api/group__CUDART__TYPES.html for more information.
CUDA kernel errors might be async"
seq_cifar10__clean__derpp__seed3,seq_cifar10,seq_cifar10,derpp,resnet18,symmetric,0.0,3,python scripts/run_nn_submission.py --datasets seq_cifar10 --conditions clean --methods derpp --seeds 3,,failed,2026-07-05 12:32:08,2026-07-05 12:32:08,"CUDA error: device-side assert triggered
Search for `cudaErrorAssert' in https://docs.nvidia.com/cuda/cuda-runtime-api/group__CUDART__TYPES.html for more information.
CUDA kernel errors might be async"
seq_cifar10__clean__derpp__seed4,seq_cifar10,seq_cifar10,derpp,resnet18,symmetric,0.0,4,python scripts/run_nn_submission.py --datasets seq_cifar10 --conditions clean --methods derpp --seeds 4,,failed,2026-07-05 12:32:08,2026-07-05 12:32:08,"CUDA error: device-side assert triggered
Search for `cudaErrorAssert' in https://docs.nvidia.com/cuda/cuda-runtime-api/group__CUDART__TYPES.html for more information.
CUDA kernel errors might be async"
seq_cifar10__clean__er_ace__seed0,seq_cifar10,seq_cifar10,er_ace,resnet18,symmetric,0.0,0,python scripts/run_nn_submission.py --datasets seq_cifar10 --conditions clean --methods er_ace --seeds 0,,failed,2026-07-05 12:32:08,2026-07-05 12:32:08,"CUDA error: device-side assert triggered
Search for `cudaErrorAssert' in https://docs.nvidia.com/cuda/cuda-runtime-api/group__CUDART__TYPES.html for more information.
CUDA kernel errors might be async"
seq_cifar10__clean__er_ace__seed1,seq_cifar10,seq_cifar10,er_ace,resnet18,symmetric,0.0,1,python scripts/run_nn_submission.py --datasets seq_cifar10 --conditions clean --methods er_ace --seeds 1,,failed,2026-07-05 12:32:08,2026-07-05 12:32:08,"CUDA error: device-side assert triggered
Search for `cudaErrorAssert' in https://docs.nvidia.com/cuda/cuda-runtime-api/group__CUDART__TYPES.html for more information.
CUDA kernel errors might be async"
seq_cifar10__clean__er_ace__seed2,seq_cifar10,seq_cifar10,er_ace,resnet18,symmetric,0.0,2,python scripts/run_nn_submission.py --datasets seq_cifar10 --conditions clean --methods er_ace --seeds 2,,failed,2026-07-05 12:32:08,2026-07-05 12:32:08,"CUDA error: device-side assert triggered
Search for `cudaErrorAssert' in https://docs.nvidia.com/cuda/cuda-runtime-api/group__CUDART__TYPES.html for more information.
CUDA kernel errors might be async"
seq_cifar10__clean__er_ace__seed3,seq_cifar10,seq_cifar10,er_ace,resnet18,symmetric,0.0,3,python scripts/run_nn_submission.py --datasets seq_cifar10 --conditions clean --methods er_ace --seeds 3,,failed,2026-07-05 12:32:08,2026-07-05 12:32:08,"CUDA error: device-side assert triggered
Search for `cudaErrorAssert' in https://docs.nvidia.com/cuda/cuda-runtime-api/group__CUDART__TYPES.html for more information.
CUDA kernel errors might be async"
seq_cifar10__clean__er_ace__seed4,seq_cifar10,seq_cifar10,er_ace,resnet18,symmetric,0.0,4,python scripts/run_nn_submission.py --datasets seq_cifar10 --conditions clean --methods er_ace --seeds 4,,failed,2026-07-05 12:32:08,2026-07-05 12:32:08,"CUDA error: device-side assert triggered
Search for `cudaErrorAssert' in https://docs.nvidia.com/cuda/cuda-runtime-api/group__CUDART__TYPES.html for more information.
CUDA kernel errors might be async"
seq_cifar10__clean__irgr__seed0,seq_cifar10,seq_cifar10,irgr,resnet18,symmetric,0.0,0,python scripts/run_nn_submission.py --datasets seq_cifar10 --conditions clean --methods irgr --seeds 0,,failed,2026-07-05 12:32:08,2026-07-05 12:32:08,"CUDA error: device-side assert triggered
Search for `cudaErrorAssert' in https://docs.nvidia.com/cuda/cuda-runtime-api/group__CUDART__TYPES.html for more information.
CUDA kernel errors might be async"
seq_cifar10__clean__irgr__seed1,seq_cifar10,seq_cifar10,irgr,resnet18,symmetric,0.0,1,python scripts/run_nn_submission.py --datasets seq_cifar10 --conditions clean --methods irgr --seeds 1,,failed,2026-07-05 12:32:08,2026-07-05 12:32:08,"CUDA error: device-side assert triggered
Search for `cudaErrorAssert' in https://docs.nvidia.com/cuda/cuda-runtime-api/group__CUDART__TYPES.html for more information.
CUDA kernel errors might be async"
seq_cifar10__clean__irgr__seed2,seq_cifar10,seq_cifar10,irgr,resnet18,symmetric,0.0,2,python scripts/run_nn_submission.py --datasets seq_cifar10 --conditions clean --methods irgr --seeds 2,,failed,2026-07-05 12:32:08,2026-07-05 12:32:08,"CUDA error: device-side assert triggered
Search for `cudaErrorAssert' in https://docs.nvidia.com/cuda/cuda-runtime-api/group__CUDART__TYPES.html for more information.
CUDA kernel errors might be async"
seq_cifar10__clean__irgr__seed3,seq_cifar10,seq_cifar10,irgr,resnet18,symmetric,0.0,3,python scripts/run_nn_submission.py --datasets seq_cifar10 --conditions clean --methods irgr --seeds 3,,failed,2026-07-05 12:32:08,2026-07-05 12:32:08,"CUDA error: device-side assert triggered
Search for `cudaErrorAssert' in https://docs.nvidia.com/cuda/cuda-runtime-api/group__CUDART__TYPES.html for more information.
CUDA kernel errors might be async"
seq_cifar10__clean__irgr__seed4,seq_cifar10,seq_cifar10,irgr,resnet18,symmetric,0.0,4,python scripts/run_nn_submission.py --datasets seq_cifar10 --conditions clean --methods irgr --seeds 4,,failed,2026-07-05 12:32:08,2026-07-05 12:32:08,"CUDA error: device-side assert triggered
Search for `cudaErrorAssert' in https://docs.nvidia.com/cuda/cuda-runtime-api/group__CUDART__TYPES.html for more information.
CUDA kernel errors might be async"
seq_cifar10__clean__irgr_derpp__seed0,seq_cifar10,seq_cifar10,irgr_derpp,resnet18,symmetric,0.0,0,python scripts/run_nn_submission.py --datasets seq_cifar10 --conditions clean --methods irgr_derpp --seeds 0,,failed,2026-07-05 12:32:08,2026-07-05 12:32:08,"CUDA error: device-side assert triggered
Search for `cudaErrorAssert' in https://docs.nvidia.com/cuda/cuda-runtime-api/group__CUDART__TYPES.html for more information.
CUDA kernel errors might be async"
seq_cifar10__clean__irgr_derpp__seed1,seq_cifar10,seq_cifar10,irgr_derpp,resnet18,symmetric,0.0,1,python scripts/run_nn_submission.py --datasets seq_cifar10 --conditions clean --methods irgr_derpp --seeds 1,,failed,2026-07-05 12:32:08,2026-07-05 12:32:08,"CUDA error: device-side assert triggered
Search for `cudaErrorAssert' in https://docs.nvidia.com/cuda/cuda-runtime-api/group__CUDART__TYPES.html for more information.
CUDA kernel errors might be async"
seq_cifar10__clean__irgr_derpp__seed2,seq_cifar10,seq_cifar10,irgr_derpp,resnet18,symmetric,0.0,2,python scripts/run_nn_submission.py --datasets seq_cifar10 --conditions clean --methods irgr_derpp --seeds 2,,failed,2026-07-05 12:32:08,2026-07-05 12:32:08,"CUDA error: device-side assert triggered
Search for `cudaErrorAssert' in https://docs.nvidia.com/cuda/cuda-runtime-api/group__CUDART__TYPES.html for more information.
CUDA kernel errors might be async"
seq_cifar10__clean__irgr_derpp__seed3,seq_cifar10,seq_cifar10,irgr_derpp,resnet18,symmetric,0.0,3,python scripts/run_nn_submission.py --datasets seq_cifar10 --conditions clean --methods irgr_derpp --seeds 3,,failed,2026-07-05 12:32:08,2026-07-05 12:32:08,"CUDA error: device-side assert triggered
Search for `cudaErrorAssert' in https://docs.nvidia.com/cuda/cuda-runtime-api/group__CUDART__TYPES.html for more information.
CUDA kernel errors might be async"
seq_cifar10__clean__irgr_derpp__seed4,seq_cifar10,seq_cifar10,irgr_derpp,resnet18,symmetric,0.0,4,python scripts/run_nn_submission.py --datasets seq_cifar10 --conditions clean --methods irgr_derpp --seeds 4,,failed,2026-07-05 12:32:08,2026-07-05 12:32:08,"CUDA error: device-side assert triggered
Search for `cudaErrorAssert' in https://docs.nvidia.com/cuda/cuda-runtime-api/group__CUDART__TYPES.html for more information.
CUDA kernel errors might be async"
seq_cifar10__clean__oracle__seed0,seq_cifar10,seq_cifar10,oracle,resnet18,symmetric,0.0,0,python scripts/run_nn_submission.py --datasets seq_cifar10 --conditions clean --methods oracle --seeds 0,,failed,2026-07-05 12:32:08,2026-07-05 12:32:08,"CUDA error: device-side assert triggered
Search for `cudaErrorAssert' in https://docs.nvidia.com/cuda/cuda-runtime-api/group__CUDART__TYPES.html for more information.
CUDA kernel errors might be async"
seq_cifar10__clean__oracle__seed1,seq_cifar10,seq_cifar10,oracle,resnet18,symmetric,0.0,1,python scripts/run_nn_submission.py --datasets seq_cifar10 --conditions clean --methods oracle --seeds 1,,failed,2026-07-05 12:32:08,2026-07-05 12:32:08,"CUDA error: device-side assert triggered
Search for `cudaErrorAssert' in https://docs.nvidia.com/cuda/cuda-runtime-api/group__CUDART__TYPES.html for more information.
CUDA kernel errors might be async"
seq_cifar10__clean__oracle__seed2,seq_cifar10,seq_cifar10,oracle,resnet18,symmetric,0.0,2,python scripts/run_nn_submission.py --datasets seq_cifar10 --conditions clean --methods oracle --seeds 2,,failed,2026-07-05 12:32:08,2026-07-05 12:32:08,"CUDA error: device-side assert triggered
Search for `cudaErrorAssert' in https://docs.nvidia.com/cuda/cuda-runtime-api/group__CUDART__TYPES.html for more information.
CUDA kernel errors might be async"
seq_cifar10__clean__oracle__seed3,seq_cifar10,seq_cifar10,oracle,resnet18,symmetric,0.0,3,python scripts/run_nn_submission.py --datasets seq_cifar10 --conditions clean --methods oracle --seeds 3,,failed,2026-07-05 12:32:08,2026-07-05 12:32:08,"CUDA error: device-side assert triggered
Search for `cudaErrorAssert' in https://docs.nvidia.com/cuda/cuda-runtime-api/group__CUDART__TYPES.html for more information.
CUDA kernel errors might be async"
seq_cifar10__clean__oracle__seed4,seq_cifar10,seq_cifar10,oracle,resnet18,symmetric,0.0,4,python scripts/run_nn_submission.py --datasets seq_cifar10 --conditions clean --methods oracle --seeds 4,,failed,2026-07-05 12:32:08,2026-07-05 12:32:08,"CUDA error: device-side assert triggered
Search for `cudaErrorAssert' in https://docs.nvidia.com/cuda/cuda-runtime-api/group__CUDART__TYPES.html for more information.
CUDA kernel errors might be async"
seq_cifar10__sym40__er__seed0,seq_cifar10,seq_cifar10,er,resnet18,symmetric,0.4,0,python scripts/run_nn_submission.py --datasets seq_cifar10 --conditions sym40 --methods er --seeds 0,,failed,2026-07-05 12:32:08,2026-07-05 12:32:10,"CUDA error: device-side assert triggered
Search for `cudaErrorAssert' in https://docs.nvidia.com/cuda/cuda-runtime-api/group__CUDART__TYPES.html for more information.
CUDA kernel errors might be async"
seq_cifar10__sym40__er__seed1,seq_cifar10,seq_cifar10,er,resnet18,symmetric,0.4,1,python scripts/run_nn_submission.py --datasets seq_cifar10 --conditions sym40 --methods er --seeds 1,,failed,2026-07-05 12:32:10,2026-07-05 12:32:13,"CUDA error: device-side assert triggered
Search for `cudaErrorAssert' in https://docs.nvidia.com/cuda/cuda-runtime-api/group__CUDART__TYPES.html for more information.
CUDA kernel errors might be async"
seq_cifar10__sym40__er__seed2,seq_cifar10,seq_cifar10,er,resnet18,symmetric,0.4,2,python scripts/run_nn_submission.py --datasets seq_cifar10 --conditions sym40 --methods er --seeds 2,,failed,2026-07-05 12:32:13,2026-07-05 12:32:16,"CUDA error: device-side assert triggered
Search for `cudaErrorAssert' in https://docs.nvidia.com/cuda/cuda-runtime-api/group__CUDART__TYPES.html for more information.
CUDA kernel errors might be async"
seq_cifar10__sym40__er__seed3,seq_cifar10,seq_cifar10,er,resnet18,symmetric,0.4,3,python scripts/run_nn_submission.py --datasets seq_cifar10 --conditions sym40 --methods er --seeds 3,,failed,2026-07-05 12:32:16,2026-07-05 12:32:19,"CUDA error: device-side assert triggered
Search for `cudaErrorAssert' in https://docs.nvidia.com/cuda/cuda-runtime-api/group__CUDART__TYPES.html for more information.
CUDA kernel errors might be async"
seq_cifar10__sym40__er__seed4,seq_cifar10,seq_cifar10,er,resnet18,symmetric,0.4,4,python scripts/run_nn_submission.py --datasets seq_cifar10 --conditions sym40 --methods er --seeds 4,,failed,2026-07-05 12:32:19,2026-07-05 12:32:22,"CUDA error: device-side assert triggered
Search for `cudaErrorAssert' in https://docs.nvidia.com/cuda/cuda-runtime-api/group__CUDART__TYPES.html for more information.
CUDA kernel errors might be async"
seq_cifar10__sym40__derpp__seed0,seq_cifar10,seq_cifar10,derpp,resnet18,symmetric,0.4,0,python scripts/run_nn_submission.py --datasets seq_cifar10 --conditions sym40 --methods derpp --seeds 0,,failed,2026-07-05 12:32:22,2026-07-05 12:32:22,"CUDA error: device-side assert triggered
Search for `cudaErrorAssert' in https://docs.nvidia.com/cuda/cuda-runtime-api/group__CUDART__TYPES.html for more information.
CUDA kernel errors might be async"
seq_cifar10__sym40__derpp__seed1,seq_cifar10,seq_cifar10,derpp,resnet18,symmetric,0.4,1,python scripts/run_nn_submission.py --datasets seq_cifar10 --conditions sym40 --methods derpp --seeds 1,,failed,2026-07-05 12:32:22,2026-07-05 12:32:22,"CUDA error: device-side assert triggered
Search for `cudaErrorAssert' in https://docs.nvidia.com/cuda/cuda-runtime-api/group__CUDART__TYPES.html for more information.
CUDA kernel errors might be async"
seq_cifar10__sym40__derpp__seed2,seq_cifar10,seq_cifar10,derpp,resnet18,symmetric,0.4,2,python scripts/run_nn_submission.py --datasets seq_cifar10 --conditions sym40 --methods derpp --seeds 2,,failed,2026-07-05 12:32:22,2026-07-05 12:32:22,"CUDA error: device-side assert triggered
Search for `cudaErrorAssert' in https://docs.nvidia.com/cuda/cuda-runtime-api/group__CUDART__TYPES.html for more information.
CUDA kernel errors might be async"
seq_cifar10__sym40__derpp__seed3,seq_cifar10,seq_cifar10,derpp,resnet18,symmetric,0.4,3,python scripts/run_nn_submission.py --datasets seq_cifar10 --conditions sym40 --methods derpp --seeds 3,,failed,2026-07-05 12:32:22,2026-07-05 12:32:22,"CUDA error: device-side assert triggered
Search for `cudaErrorAssert' in https://docs.nvidia.com/cuda/cuda-runtime-api/group__CUDART__TYPES.html for more information.
CUDA kernel errors might be async"
seq_cifar10__sym40__derpp__seed4,seq_cifar10,seq_cifar10,derpp,resnet18,symmetric,0.4,4,python scripts/run_nn_submission.py --datasets seq_cifar10 --conditions sym40 --methods derpp --seeds 4,,failed,2026-07-05 12:32:22,2026-07-05 12:32:22,"CUDA error: device-side assert triggered
Search for `cudaErrorAssert' in https://docs.nvidia.com/cuda/cuda-runtime-api/group__CUDART__TYPES.html for more information.
CUDA kernel errors might be async"
seq_cifar10__sym40__er_ace__seed0,seq_cifar10,seq_cifar10,er_ace,resnet18,symmetric,0.4,0,python scripts/run_nn_submission.py --datasets seq_cifar10 --conditions sym40 --methods er_ace --seeds 0,,failed,2026-07-05 12:32:22,2026-07-05 12:32:22,"CUDA error: device-side assert triggered
Search for `cudaErrorAssert' in https://docs.nvidia.com/cuda/cuda-runtime-api/group__CUDART__TYPES.html for more information.
CUDA kernel errors might be async"
seq_cifar10__sym40__er_ace__seed1,seq_cifar10,seq_cifar10,er_ace,resnet18,symmetric,0.4,1,python scripts/run_nn_submission.py --datasets seq_cifar10 --conditions sym40 --methods er_ace --seeds 1,,failed,2026-07-05 12:32:22,2026-07-05 12:32:22,"CUDA error: device-side assert triggered
Search for `cudaErrorAssert' in https://docs.nvidia.com/cuda/cuda-runtime-api/group__CUDART__TYPES.html for more information.
CUDA kernel errors might be async"
seq_cifar10__sym40__er_ace__seed2,seq_cifar10,seq_cifar10,er_ace,resnet18,symmetric,0.4,2,python scripts/run_nn_submission.py --datasets seq_cifar10 --conditions sym40 --methods er_ace --seeds 2,,failed,2026-07-05 12:32:22,2026-07-05 12:32:22,"CUDA error: device-side assert triggered
Search for `cudaErrorAssert' in https://docs.nvidia.com/cuda/cuda-runtime-api/group__CUDART__TYPES.html for more information.
CUDA kernel errors might be async"
seq_cifar10__sym40__er_ace__seed3,seq_cifar10,seq_cifar10,er_ace,resnet18,symmetric,0.4,3,python scripts/run_nn_submission.py --datasets seq_cifar10 --conditions sym40 --methods er_ace --seeds 3,,failed,2026-07-05 12:32:22,2026-07-05 12:32:22,"CUDA error: device-side assert triggered
Search for `cudaErrorAssert' in https://docs.nvidia.com/cuda/cuda-runtime-api/group__CUDART__TYPES.html for more information.
CUDA kernel errors might be async"
seq_cifar10__sym40__er_ace__seed4,seq_cifar10,seq_cifar10,er_ace,resnet18,symmetric,0.4,4,python scripts/run_nn_submission.py --datasets seq_cifar10 --conditions sym40 --methods er_ace --seeds 4,,failed,2026-07-05 12:32:22,2026-07-05 12:32:22,"CUDA error: device-side assert triggered
Search for `cudaErrorAssert' in https://docs.nvidia.com/cuda/cuda-runtime-api/group__CUDART__TYPES.html for more information.
CUDA kernel errors might be async"
seq_cifar10__sym40__irgr__seed0,seq_cifar10,seq_cifar10,irgr,resnet18,symmetric,0.4,0,python scripts/run_nn_submission.py --datasets seq_cifar10 --conditions sym40 --methods irgr --seeds 0,,failed,2026-07-05 12:32:22,2026-07-05 12:32:22,"CUDA error: device-side assert triggered
Search for `cudaErrorAssert' in https://docs.nvidia.com/cuda/cuda-runtime-api/group__CUDART__TYPES.html for more information.
CUDA kernel errors might be async"
seq_cifar10__sym40__irgr__seed1,seq_cifar10,seq_cifar10,irgr,resnet18,symmetric,0.4,1,python scripts/run_nn_submission.py --datasets seq_cifar10 --conditions sym40 --methods irgr --seeds 1,,failed,2026-07-05 12:32:22,2026-07-05 12:32:22,"CUDA error: device-side assert triggered
Search for `cudaErrorAssert' in https://docs.nvidia.com/cuda/cuda-runtime-api/group__CUDART__TYPES.html for more information.
CUDA kernel errors might be async"
seq_cifar10__sym40__irgr__seed2,seq_cifar10,seq_cifar10,irgr,resnet18,symmetric,0.4,2,python scripts/run_nn_submission.py --datasets seq_cifar10 --conditions sym40 --methods irgr --seeds 2,,failed,2026-07-05 12:32:22,2026-07-05 12:32:22,"CUDA error: device-side assert triggered
Search for `cudaErrorAssert' in https://docs.nvidia.com/cuda/cuda-runtime-api/group__CUDART__TYPES.html for more information.
CUDA kernel errors might be async"
seq_cifar10__sym40__irgr__seed3,seq_cifar10,seq_cifar10,irgr,resnet18,symmetric,0.4,3,python scripts/run_nn_submission.py --datasets seq_cifar10 --conditions sym40 --methods irgr --seeds 3,,failed,2026-07-05 12:32:22,2026-07-05 12:32:22,"CUDA error: device-side assert triggered
Search for `cudaErrorAssert' in https://docs.nvidia.com/cuda/cuda-runtime-api/group__CUDART__TYPES.html for more information.
CUDA kernel errors might be async"
seq_cifar10__sym40__irgr__seed4,seq_cifar10,seq_cifar10,irgr,resnet18,symmetric,0.4,4,python scripts/run_nn_submission.py --datasets seq_cifar10 --conditions sym40 --methods irgr --seeds 4,,failed,2026-07-05 12:32:22,2026-07-05 12:32:22,"CUDA error: device-side assert triggered
Search for `cudaErrorAssert' in https://docs.nvidia.com/cuda/cuda-runtime-api/group__CUDART__TYPES.html for more information.
CUDA kernel errors might be async"
seq_cifar10__sym40__irgr_derpp__seed0,seq_cifar10,seq_cifar10,irgr_derpp,resnet18,symmetric,0.4,0,python scripts/run_nn_submission.py --datasets seq_cifar10 --conditions sym40 --methods irgr_derpp --seeds 0,,failed,2026-07-05 12:32:22,2026-07-05 12:32:22,"CUDA error: device-side assert triggered
Search for `cudaErrorAssert' in https://docs.nvidia.com/cuda/cuda-runtime-api/group__CUDART__TYPES.html for more information.
CUDA kernel errors might be async"
seq_cifar10__sym40__irgr_derpp__seed1,seq_cifar10,seq_cifar10,irgr_derpp,resnet18,symmetric,0.4,1,python scripts/run_nn_submission.py --datasets seq_cifar10 --conditions sym40 --methods irgr_derpp --seeds 1,,failed,2026-07-05 12:32:22,2026-07-05 12:32:22,"CUDA error: device-side assert triggered
Search for `cudaErrorAssert' in https://docs.nvidia.com/cuda/cuda-runtime-api/group__CUDART__TYPES.html for more information.
CUDA kernel errors might be async"
seq_cifar10__sym40__irgr_derpp__seed2,seq_cifar10,seq_cifar10,irgr_derpp,resnet18,symmetric,0.4,2,python scripts/run_nn_submission.py --datasets seq_cifar10 --conditions sym40 --methods irgr_derpp --seeds 2,,failed,2026-07-05 12:32:22,2026-07-05 12:32:22,"CUDA error: device-side assert triggered
Search for `cudaErrorAssert' in https://docs.nvidia.com/cuda/cuda-runtime-api/group__CUDART__TYPES.html for more information.
CUDA kernel errors might be async"
seq_cifar10__sym40__irgr_derpp__seed3,seq_cifar10,seq_cifar10,irgr_derpp,resnet18,symmetric,0.4,3,python scripts/run_nn_submission.py --datasets seq_cifar10 --conditions sym40 --methods irgr_derpp --seeds 3,,failed,2026-07-05 12:32:22,2026-07-05 12:32:22,"CUDA error: device-side assert triggered
Search for `cudaErrorAssert' in https://docs.nvidia.com/cuda/cuda-runtime-api/group__CUDART__TYPES.html for more information.
CUDA kernel errors might be async"
seq_cifar10__sym40__irgr_derpp__seed4,seq_cifar10,seq_cifar10,irgr_derpp,resnet18,symmetric,0.4,4,python scripts/run_nn_submission.py --datasets seq_cifar10 --conditions sym40 --methods irgr_derpp --seeds 4,,failed,2026-07-05 12:32:22,2026-07-05 12:32:22,"CUDA error: device-side assert triggered
Search for `cudaErrorAssert' in https://docs.nvidia.com/cuda/cuda-runtime-api/group__CUDART__TYPES.html for more information.
CUDA kernel errors might be async"
seq_cifar10__sym40__oracle__seed0,seq_cifar10,seq_cifar10,oracle,resnet18,symmetric,0.4,0,python scripts/run_nn_submission.py --datasets seq_cifar10 --conditions sym40 --methods oracle --seeds 0,,failed,2026-07-05 12:32:22,2026-07-05 12:32:23,"CUDA error: device-side assert triggered
Search for `cudaErrorAssert' in https://docs.nvidia.com/cuda/cuda-runtime-api/group__CUDART__TYPES.html for more information.
CUDA kernel errors might be async"
seq_cifar10__sym40__oracle__seed1,seq_cifar10,seq_cifar10,oracle,resnet18,symmetric,0.4,1,python scripts/run_nn_submission.py --datasets seq_cifar10 --conditions sym40 --methods oracle --seeds 1,,failed,2026-07-05 12:32:23,2026-07-05 12:32:23,"CUDA error: device-side assert triggered
Search for `cudaErrorAssert' in https://docs.nvidia.com/cuda/cuda-runtime-api/group__CUDART__TYPES.html for more information.
CUDA kernel errors might be async"
seq_cifar10__sym40__oracle__seed2,seq_cifar10,seq_cifar10,oracle,resnet18,symmetric,0.4,2,python scripts/run_nn_submission.py --datasets seq_cifar10 --conditions sym40 --methods oracle --seeds 2,,failed,2026-07-05 12:32:23,2026-07-05 12:32:23,"CUDA error: device-side assert triggered
Search for `cudaErrorAssert' in https://docs.nvidia.com/cuda/cuda-runtime-api/group__CUDART__TYPES.html for more information.
CUDA kernel errors might be async"
seq_cifar10__sym40__oracle__seed3,seq_cifar10,seq_cifar10,oracle,resnet18,symmetric,0.4,3,python scripts/run_nn_submission.py --datasets seq_cifar10 --conditions sym40 --methods oracle --seeds 3,,failed,2026-07-05 12:32:23,2026-07-05 12:32:23,"CUDA error: device-side assert triggered
Search for `cudaErrorAssert' in https://docs.nvidia.com/cuda/cuda-runtime-api/group__CUDART__TYPES.html for more information.
CUDA kernel errors might be async"
seq_cifar10__sym40__oracle__seed4,seq_cifar10,seq_cifar10,oracle,resnet18,symmetric,0.4,4,python scripts/run_nn_submission.py --datasets seq_cifar10 --conditions sym40 --methods oracle --seeds 4,,failed,2026-07-05 12:32:23,2026-07-05 12:32:23,"CUDA error: device-side assert triggered
Search for `cudaErrorAssert' in https://docs.nvidia.com/cuda/cuda-runtime-api/group__CUDART__TYPES.html for more information.
CUDA kernel errors might be async"
seq_cifar10__sym60__er__seed0,seq_cifar10,seq_cifar10,er,resnet18,symmetric,0.6,0,python scripts/run_nn_submission.py --datasets seq_cifar10 --conditions sym60 --methods er --seeds 0,,failed,2026-07-05 12:32:23,2026-07-05 12:32:26,"CUDA error: device-side assert triggered
Search for `cudaErrorAssert' in https://docs.nvidia.com/cuda/cuda-runtime-api/group__CUDART__TYPES.html for more information.
CUDA kernel errors might be async"
seq_cifar10__sym60__er__seed1,seq_cifar10,seq_cifar10,er,resnet18,symmetric,0.6,1,python scripts/run_nn_submission.py --datasets seq_cifar10 --conditions sym60 --methods er --seeds 1,,failed,2026-07-05 12:32:26,2026-07-05 12:32:29,"CUDA error: device-side assert triggered
Search for `cudaErrorAssert' in https://docs.nvidia.com/cuda/cuda-runtime-api/group__CUDART__TYPES.html for more information.
CUDA kernel errors might be async"
seq_cifar10__sym60__er__seed2,seq_cifar10,seq_cifar10,er,resnet18,symmetric,0.6,2,python scripts/run_nn_submission.py --datasets seq_cifar10 --conditions sym60 --methods er --seeds 2,,failed,2026-07-05 12:32:29,2026-07-05 12:32:33,"CUDA error: device-side assert triggered
Search for `cudaErrorAssert' in https://docs.nvidia.com/cuda/cuda-runtime-api/group__CUDART__TYPES.html for more information.
CUDA kernel errors might be async"
seq_cifar10__sym60__er__seed3,seq_cifar10,seq_cifar10,er,resnet18,symmetric,0.6,3,python scripts/run_nn_submission.py --datasets seq_cifar10 --conditions sym60 --methods er --seeds 3,,failed,2026-07-05 12:32:33,2026-07-05 12:32:36,"CUDA error: device-side assert triggered
Search for `cudaErrorAssert' in https://docs.nvidia.com/cuda/cuda-runtime-api/group__CUDART__TYPES.html for more information.
CUDA kernel errors might be async"
seq_cifar10__sym60__er__seed4,seq_cifar10,seq_cifar10,er,resnet18,symmetric,0.6,4,python scripts/run_nn_submission.py --datasets seq_cifar10 --conditions sym60 --methods er --seeds 4,,failed,2026-07-05 12:32:36,2026-07-05 12:32:38,"CUDA error: device-side assert triggered
Search for `cudaErrorAssert' in https://docs.nvidia.com/cuda/cuda-runtime-api/group__CUDART__TYPES.html for more information.
CUDA kernel errors might be async"
seq_cifar10__sym60__derpp__seed0,seq_cifar10,seq_cifar10,derpp,resnet18,symmetric,0.6,0,python scripts/run_nn_submission.py --datasets seq_cifar10 --conditions sym60 --methods derpp --seeds 0,,failed,2026-07-05 12:32:38,2026-07-05 12:32:38,"CUDA error: device-side assert triggered
Search for `cudaErrorAssert' in https://docs.nvidia.com/cuda/cuda-runtime-api/group__CUDART__TYPES.html for more information.
CUDA kernel errors might be async"
seq_cifar10__sym60__derpp__seed1,seq_cifar10,seq_cifar10,derpp,resnet18,symmetric,0.6,1,python scripts/run_nn_submission.py --datasets seq_cifar10 --conditions sym60 --methods derpp --seeds 1,,failed,2026-07-05 12:32:38,2026-07-05 12:32:38,"CUDA error: device-side assert triggered
Search for `cudaErrorAssert' in https://docs.nvidia.com/cuda/cuda-runtime-api/group__CUDART__TYPES.html for more information.
CUDA kernel errors might be async"
seq_cifar10__sym60__derpp__seed2,seq_cifar10,seq_cifar10,derpp,resnet18,symmetric,0.6,2,python scripts/run_nn_submission.py --datasets seq_cifar10 --conditions sym60 --methods derpp --seeds 2,,failed,2026-07-05 12:32:38,2026-07-05 12:32:38,"CUDA error: device-side assert triggered
Search for `cudaErrorAssert' in https://docs.nvidia.com/cuda/cuda-runtime-api/group__CUDART__TYPES.html for more information.
CUDA kernel errors might be async"
seq_cifar10__sym60__derpp__seed3,seq_cifar10,seq_cifar10,derpp,resnet18,symmetric,0.6,3,python scripts/run_nn_submission.py --datasets seq_cifar10 --conditions sym60 --methods derpp --seeds 3,,failed,2026-07-05 12:32:38,2026-07-05 12:32:38,"CUDA error: device-side assert triggered
Search for `cudaErrorAssert' in https://docs.nvidia.com/cuda/cuda-runtime-api/group__CUDART__TYPES.html for more information.
CUDA kernel errors might be async"
seq_cifar10__sym60__derpp__seed4,seq_cifar10,seq_cifar10,derpp,resnet18,symmetric,0.6,4,python scripts/run_nn_submission.py --datasets seq_cifar10 --conditions sym60 --methods derpp --seeds 4,,failed,2026-07-05 12:32:38,2026-07-05 12:32:38,"CUDA error: device-side assert triggered
Search for `cudaErrorAssert' in https://docs.nvidia.com/cuda/cuda-runtime-api/group__CUDART__TYPES.html for more information.
CUDA kernel errors might be async"
seq_cifar10__sym60__er_ace__seed0,seq_cifar10,seq_cifar10,er_ace,resnet18,symmetric,0.6,0,python scripts/run_nn_submission.py --datasets seq_cifar10 --conditions sym60 --methods er_ace --seeds 0,,failed,2026-07-05 12:32:38,2026-07-05 12:32:38,"CUDA error: device-side assert triggered
Search for `cudaErrorAssert' in https://docs.nvidia.com/cuda/cuda-runtime-api/group__CUDART__TYPES.html for more information.
CUDA kernel errors might be async"
seq_cifar10__sym60__er_ace__seed1,seq_cifar10,seq_cifar10,er_ace,resnet18,symmetric,0.6,1,python scripts/run_nn_submission.py --datasets seq_cifar10 --conditions sym60 --methods er_ace --seeds 1,,failed,2026-07-05 12:32:38,2026-07-05 12:32:38,"CUDA error: device-side assert triggered
Search for `cudaErrorAssert' in https://docs.nvidia.com/cuda/cuda-runtime-api/group__CUDART__TYPES.html for more information.
CUDA kernel errors might be async"
seq_cifar10__sym60__er_ace__seed2,seq_cifar10,seq_cifar10,er_ace,resnet18,symmetric,0.6,2,python scripts/run_nn_submission.py --datasets seq_cifar10 --conditions sym60 --methods er_ace --seeds 2,,failed,2026-07-05 12:32:38,2026-07-05 12:32:38,"CUDA error: device-side assert triggered
Search for `cudaErrorAssert' in https://docs.nvidia.com/cuda/cuda-runtime-api/group__CUDART__TYPES.html for more information.
CUDA kernel errors might be async"
seq_cifar10__sym60__er_ace__seed3,seq_cifar10,seq_cifar10,er_ace,resnet18,symmetric,0.6,3,python scripts/run_nn_submission.py --datasets seq_cifar10 --conditions sym60 --methods er_ace --seeds 3,,failed,2026-07-05 12:32:38,2026-07-05 12:32:38,"CUDA error: device-side assert triggered
Search for `cudaErrorAssert' in https://docs.nvidia.com/cuda/cuda-runtime-api/group__CUDART__TYPES.html for more information.
CUDA kernel errors might be async"
seq_cifar10__sym60__er_ace__seed4,seq_cifar10,seq_cifar10,er_ace,resnet18,symmetric,0.6,4,python scripts/run_nn_submission.py --datasets seq_cifar10 --conditions sym60 --methods er_ace --seeds 4,,failed,2026-07-05 12:32:38,2026-07-05 12:32:38,"CUDA error: device-side assert triggered
Search for `cudaErrorAssert' in https://docs.nvidia.com/cuda/cuda-runtime-api/group__CUDART__TYPES.html for more information.
CUDA kernel errors might be async"
seq_cifar10__sym60__irgr__seed0,seq_cifar10,seq_cifar10,irgr,resnet18,symmetric,0.6,0,python scripts/run_nn_submission.py --datasets seq_cifar10 --conditions sym60 --methods irgr --seeds 0,,failed,2026-07-05 12:32:38,2026-07-05 12:32:38,"CUDA error: device-side assert triggered
Search for `cudaErrorAssert' in https://docs.nvidia.com/cuda/cuda-runtime-api/group__CUDART__TYPES.html for more information.
CUDA kernel errors might be async"
seq_cifar10__sym60__irgr__seed1,seq_cifar10,seq_cifar10,irgr,resnet18,symmetric,0.6,1,python scripts/run_nn_submission.py --datasets seq_cifar10 --conditions sym60 --methods irgr --seeds 1,,failed,2026-07-05 12:32:38,2026-07-05 12:32:38,"CUDA error: device-side assert triggered
Search for `cudaErrorAssert' in https://docs.nvidia.com/cuda/cuda-runtime-api/group__CUDART__TYPES.html for more information.
CUDA kernel errors might be async"
seq_cifar10__sym60__irgr__seed2,seq_cifar10,seq_cifar10,irgr,resnet18,symmetric,0.6,2,python scripts/run_nn_submission.py --datasets seq_cifar10 --conditions sym60 --methods irgr --seeds 2,,failed,2026-07-05 12:32:38,2026-07-05 12:32:38,"CUDA error: device-side assert triggered
Search for `cudaErrorAssert' in https://docs.nvidia.com/cuda/cuda-runtime-api/group__CUDART__TYPES.html for more information.
CUDA kernel errors might be async"
seq_cifar10__sym60__irgr__seed3,seq_cifar10,seq_cifar10,irgr,resnet18,symmetric,0.6,3,python scripts/run_nn_submission.py --datasets seq_cifar10 --conditions sym60 --methods irgr --seeds 3,,failed,2026-07-05 12:32:38,2026-07-05 12:32:38,"CUDA error: device-side assert triggered
Search for `cudaErrorAssert' in https://docs.nvidia.com/cuda/cuda-runtime-api/group__CUDART__TYPES.html for more information.
CUDA kernel errors might be async"
seq_cifar10__sym60__irgr__seed4,seq_cifar10,seq_cifar10,irgr,resnet18,symmetric,0.6,4,python scripts/run_nn_submission.py --datasets seq_cifar10 --conditions sym60 --methods irgr --seeds 4,,failed,2026-07-05 12:32:38,2026-07-05 12:32:38,"CUDA error: device-side assert triggered
Search for `cudaErrorAssert' in https://docs.nvidia.com/cuda/cuda-runtime-api/group__CUDART__TYPES.html for more information.
CUDA kernel errors might be async"
seq_cifar10__sym60__irgr_derpp__seed0,seq_cifar10,seq_cifar10,irgr_derpp,resnet18,symmetric,0.6,0,python scripts/run_nn_submission.py --datasets seq_cifar10 --conditions sym60 --methods irgr_derpp --seeds 0,,failed,2026-07-05 12:32:38,2026-07-05 12:32:38,"CUDA error: device-side assert triggered
Search for `cudaErrorAssert' in https://docs.nvidia.com/cuda/cuda-runtime-api/group__CUDART__TYPES.html for more information.
CUDA kernel errors might be async"
seq_cifar10__sym60__irgr_derpp__seed1,seq_cifar10,seq_cifar10,irgr_derpp,resnet18,symmetric,0.6,1,python scripts/run_nn_submission.py --datasets seq_cifar10 --conditions sym60 --methods irgr_derpp --seeds 1,,failed,2026-07-05 12:32:38,2026-07-05 12:32:38,"CUDA error: device-side assert triggered
Search for `cudaErrorAssert' in https://docs.nvidia.com/cuda/cuda-runtime-api/group__CUDART__TYPES.html for more information.
CUDA kernel errors might be async"
seq_cifar10__sym60__irgr_derpp__seed2,seq_cifar10,seq_cifar10,irgr_derpp,resnet18,symmetric,0.6,2,python scripts/run_nn_submission.py --datasets seq_cifar10 --conditions sym60 --methods irgr_derpp --seeds 2,,failed,2026-07-05 12:32:38,2026-07-05 12:32:38,"CUDA error: device-side assert triggered
Search for `cudaErrorAssert' in https://docs.nvidia.com/cuda/cuda-runtime-api/group__CUDART__TYPES.html for more information.
CUDA kernel errors might be async"
seq_cifar10__sym60__irgr_derpp__seed3,seq_cifar10,seq_cifar10,irgr_derpp,resnet18,symmetric,0.6,3,python scripts/run_nn_submission.py --datasets seq_cifar10 --conditions sym60 --methods irgr_derpp --seeds 3,,failed,2026-07-05 12:32:38,2026-07-05 12:32:38,"CUDA error: device-side assert triggered
Search for `cudaErrorAssert' in https://docs.nvidia.com/cuda/cuda-runtime-api/group__CUDART__TYPES.html for more information.
CUDA kernel errors might be async"
seq_cifar10__sym60__irgr_derpp__seed4,seq_cifar10,seq_cifar10,irgr_derpp,resnet18,symmetric,0.6,4,python scripts/run_nn_submission.py --datasets seq_cifar10 --conditions sym60 --methods irgr_derpp --seeds 4,,failed,2026-07-05 12:32:38,2026-07-05 12:32:38,"CUDA error: device-side assert triggered
Search for `cudaErrorAssert' in https://docs.nvidia.com/cuda/cuda-runtime-api/group__CUDART__TYPES.html for more information.
CUDA kernel errors might be async"
seq_cifar10__sym60__oracle__seed0,seq_cifar10,seq_cifar10,oracle,resnet18,symmetric,0.6,0,python scripts/run_nn_submission.py --datasets seq_cifar10 --conditions sym60 --methods oracle --seeds 0,,failed,2026-07-05 12:32:38,2026-07-05 12:32:38,"CUDA error: device-side assert triggered
Search for `cudaErrorAssert' in https://docs.nvidia.com/cuda/cuda-runtime-api/group__CUDART__TYPES.html for more information.
CUDA kernel errors might be async"
seq_cifar10__sym60__oracle__seed1,seq_cifar10,seq_cifar10,oracle,resnet18,symmetric,0.6,1,python scripts/run_nn_submission.py --datasets seq_cifar10 --conditions sym60 --methods oracle --seeds 1,,failed,2026-07-05 12:32:38,2026-07-05 12:32:38,"CUDA error: device-side assert triggered
Search for `cudaErrorAssert' in https://docs.nvidia.com/cuda/cuda-runtime-api/group__CUDART__TYPES.html for more information.
CUDA kernel errors might be async"
seq_cifar10__sym60__oracle__seed2,seq_cifar10,seq_cifar10,oracle,resnet18,symmetric,0.6,2,python scripts/run_nn_submission.py --datasets seq_cifar10 --conditions sym60 --methods oracle --seeds 2,,failed,2026-07-05 12:32:38,2026-07-05 12:32:38,"CUDA error: device-side assert triggered
Search for `cudaErrorAssert' in https://docs.nvidia.com/cuda/cuda-runtime-api/group__CUDART__TYPES.html for more information.
CUDA kernel errors might be async"
seq_cifar10__sym60__oracle__seed3,seq_cifar10,seq_cifar10,oracle,resnet18,symmetric,0.6,3,python scripts/run_nn_submission.py --datasets seq_cifar10 --conditions sym60 --methods oracle --seeds 3,,failed,2026-07-05 12:32:38,2026-07-05 12:32:38,"CUDA error: device-side assert triggered
Search for `cudaErrorAssert' in https://docs.nvidia.com/cuda/cuda-runtime-api/group__CUDART__TYPES.html for more information.
CUDA kernel errors might be async"
seq_cifar10__sym60__oracle__seed4,seq_cifar10,seq_cifar10,oracle,resnet18,symmetric,0.6,4,python scripts/run_nn_submission.py --datasets seq_cifar10 --conditions sym60 --methods oracle --seeds 4,,failed,2026-07-05 12:32:38,2026-07-05 12:32:38,"CUDA error: device-side assert triggered
Search for `cudaErrorAssert' in https://docs.nvidia.com/cuda/cuda-runtime-api/group__CUDART__TYPES.html for more information.
CUDA kernel errors might be async"
cifar10n_unprojected__c10n_worse__er__seed0,cifar10n_unprojected,cifar10n_unprojected,er,resnet18,cifar10n:worse,realistic,0,python scripts/run_nn_submission.py --datasets cifar10n_unprojected --conditions c10n_worse --methods er --seeds 0,,failed,2026-07-05 12:32:38,2026-07-05 12:32:41,"CUDA error: device-side assert triggered
Search for `cudaErrorAssert' in https://docs.nvidia.com/cuda/cuda-runtime-api/group__CUDART__TYPES.html for more information.
CUDA kernel errors might be async"
cifar10n_unprojected__c10n_worse__er__seed1,cifar10n_unprojected,cifar10n_unprojected,er,resnet18,cifar10n:worse,realistic,1,python scripts/run_nn_submission.py --datasets cifar10n_unprojected --conditions c10n_worse --methods er --seeds 1,,failed,2026-07-05 12:32:41,2026-07-05 12:32:44,"CUDA error: device-side assert triggered
Search for `cudaErrorAssert' in https://docs.nvidia.com/cuda/cuda-runtime-api/group__CUDART__TYPES.html for more information.
CUDA kernel errors might be async"
cifar10n_unprojected__c10n_worse__er__seed2,cifar10n_unprojected,cifar10n_unprojected,er,resnet18,cifar10n:worse,realistic,2,python scripts/run_nn_submission.py --datasets cifar10n_unprojected --conditions c10n_worse --methods er --seeds 2,,failed,2026-07-05 12:32:44,2026-07-05 12:32:47,"CUDA error: device-side assert triggered
Search for `cudaErrorAssert' in https://docs.nvidia.com/cuda/cuda-runtime-api/group__CUDART__TYPES.html for more information.
CUDA kernel errors might be async"
cifar10n_unprojected__c10n_worse__er__seed3,cifar10n_unprojected,cifar10n_unprojected,er,resnet18,cifar10n:worse,realistic,3,python scripts/run_nn_submission.py --datasets cifar10n_unprojected --conditions c10n_worse --methods er --seeds 3,,failed,2026-07-05 12:32:47,2026-07-05 12:32:51,"CUDA error: device-side assert triggered
Search for `cudaErrorAssert' in https://docs.nvidia.com/cuda/cuda-runtime-api/group__CUDART__TYPES.html for more information.
CUDA kernel errors might be async"
cifar10n_unprojected__c10n_worse__er__seed4,cifar10n_unprojected,cifar10n_unprojected,er,resnet18,cifar10n:worse,realistic,4,python scripts/run_nn_submission.py --datasets cifar10n_unprojected --conditions c10n_worse --methods er --seeds 4,,failed,2026-07-05 12:32:51,2026-07-05 12:32:55,"CUDA error: device-side assert triggered
Search for `cudaErrorAssert' in https://docs.nvidia.com/cuda/cuda-runtime-api/group__CUDART__TYPES.html for more information.
CUDA kernel errors might be async"
cifar10n_unprojected__c10n_worse__derpp__seed0,cifar10n_unprojected,cifar10n_unprojected,derpp,resnet18,cifar10n:worse,realistic,0,python scripts/run_nn_submission.py --datasets cifar10n_unprojected --conditions c10n_worse --methods derpp --seeds 0,,failed,2026-07-05 12:32:55,2026-07-05 12:32:55,"CUDA error: device-side assert triggered
Search for `cudaErrorAssert' in https://docs.nvidia.com/cuda/cuda-runtime-api/group__CUDART__TYPES.html for more information.
CUDA kernel errors might be async"
cifar10n_unprojected__c10n_worse__derpp__seed1,cifar10n_unprojected,cifar10n_unprojected,derpp,resnet18,cifar10n:worse,realistic,1,python scripts/run_nn_submission.py --datasets cifar10n_unprojected --conditions c10n_worse --methods derpp --seeds 1,,failed,2026-07-05 12:32:55,2026-07-05 12:32:55,"CUDA error: device-side assert triggered
Search for `cudaErrorAssert' in https://docs.nvidia.com/cuda/cuda-runtime-api/group__CUDART__TYPES.html for more information.
CUDA kernel errors might be async"
cifar10n_unprojected__c10n_worse__derpp__seed2,cifar10n_unprojected,cifar10n_unprojected,derpp,resnet18,cifar10n:worse,realistic,2,python scripts/run_nn_submission.py --datasets cifar10n_unprojected --conditions c10n_worse --methods derpp --seeds 2,,failed,2026-07-05 12:32:55,2026-07-05 12:32:55,"CUDA error: device-side assert triggered
Search for `cudaErrorAssert' in https://docs.nvidia.com/cuda/cuda-runtime-api/group__CUDART__TYPES.html for more information.
CUDA kernel errors might be async"
cifar10n_unprojected__c10n_worse__derpp__seed3,cifar10n_unprojected,cifar10n_unprojected,derpp,resnet18,cifar10n:worse,realistic,3,python scripts/run_nn_submission.py --datasets cifar10n_unprojected --conditions c10n_worse --methods derpp --seeds 3,,failed,2026-07-05 12:32:55,2026-07-05 12:32:55,"CUDA error: device-side assert triggered
Search for `cudaErrorAssert' in https://docs.nvidia.com/cuda/cuda-runtime-api/group__CUDART__TYPES.html for more information.
CUDA kernel errors might be async"
cifar10n_unprojected__c10n_worse__derpp__seed4,cifar10n_unprojected,cifar10n_unprojected,derpp,resnet18,cifar10n:worse,realistic,4,python scripts/run_nn_submission.py --datasets cifar10n_unprojected --conditions c10n_worse --methods derpp --seeds 4,,failed,2026-07-05 12:32:55,2026-07-05 12:32:55,"CUDA error: device-side assert triggered
Search for `cudaErrorAssert' in https://docs.nvidia.com/cuda/cuda-runtime-api/group__CUDART__TYPES.html for more information.
CUDA kernel errors might be async"
cifar10n_unprojected__c10n_worse__er_ace__seed0,cifar10n_unprojected,cifar10n_unprojected,er_ace,resnet18,cifar10n:worse,realistic,0,python scripts/run_nn_submission.py --datasets cifar10n_unprojected --conditions c10n_worse --methods er_ace --seeds 0,,failed,2026-07-05 12:32:55,2026-07-05 12:32:55,"CUDA error: device-side assert triggered
Search for `cudaErrorAssert' in https://docs.nvidia.com/cuda/cuda-runtime-api/group__CUDART__TYPES.html for more information.
CUDA kernel errors might be async"
cifar10n_unprojected__c10n_worse__er_ace__seed1,cifar10n_unprojected,cifar10n_unprojected,er_ace,resnet18,cifar10n:worse,realistic,1,python scripts/run_nn_submission.py --datasets cifar10n_unprojected --conditions c10n_worse --methods er_ace --seeds 1,,failed,2026-07-05 12:32:55,2026-07-05 12:32:55,"CUDA error: device-side assert triggered
Search for `cudaErrorAssert' in https://docs.nvidia.com/cuda/cuda-runtime-api/group__CUDART__TYPES.html for more information.
CUDA kernel errors might be async"
cifar10n_unprojected__c10n_worse__er_ace__seed2,cifar10n_unprojected,cifar10n_unprojected,er_ace,resnet18,cifar10n:worse,realistic,2,python scripts/run_nn_submission.py --datasets cifar10n_unprojected --conditions c10n_worse --methods er_ace --seeds 2,,failed,2026-07-05 12:32:55,2026-07-05 12:32:55,"CUDA error: device-side assert triggered
Search for `cudaErrorAssert' in https://docs.nvidia.com/cuda/cuda-runtime-api/group__CUDART__TYPES.html for more information.
CUDA kernel errors might be async"
cifar10n_unprojected__c10n_worse__er_ace__seed3,cifar10n_unprojected,cifar10n_unprojected,er_ace,resnet18,cifar10n:worse,realistic,3,python scripts/run_nn_submission.py --datasets cifar10n_unprojected --conditions c10n_worse --methods er_ace --seeds 3,,failed,2026-07-05 12:32:55,2026-07-05 12:32:55,"CUDA error: device-side assert triggered
Search for `cudaErrorAssert' in https://docs.nvidia.com/cuda/cuda-runtime-api/group__CUDART__TYPES.html for more information.
CUDA kernel errors might be async"
cifar10n_unprojected__c10n_worse__er_ace__seed4,cifar10n_unprojected,cifar10n_unprojected,er_ace,resnet18,cifar10n:worse,realistic,4,python scripts/run_nn_submission.py --datasets cifar10n_unprojected --conditions c10n_worse --methods er_ace --seeds 4,,failed,2026-07-05 12:32:55,2026-07-05 12:32:55,"CUDA error: device-side assert triggered
Search for `cudaErrorAssert' in https://docs.nvidia.com/cuda/cuda-runtime-api/group__CUDART__TYPES.html for more information.
CUDA kernel errors might be async"
cifar10n_unprojected__c10n_worse__irgr__seed0,cifar10n_unprojected,cifar10n_unprojected,irgr,resnet18,cifar10n:worse,realistic,0,python scripts/run_nn_submission.py --datasets cifar10n_unprojected --conditions c10n_worse --methods irgr --seeds 0,,failed,2026-07-05 12:32:55,2026-07-05 12:32:55,"CUDA error: device-side assert triggered
Search for `cudaErrorAssert' in https://docs.nvidia.com/cuda/cuda-runtime-api/group__CUDART__TYPES.html for more information.
CUDA kernel errors might be async"
cifar10n_unprojected__c10n_worse__irgr__seed1,cifar10n_unprojected,cifar10n_unprojected,irgr,resnet18,cifar10n:worse,realistic,1,python scripts/run_nn_submission.py --datasets cifar10n_unprojected --conditions c10n_worse --methods irgr --seeds 1,,failed,2026-07-05 12:32:55,2026-07-05 12:32:55,"CUDA error: device-side assert triggered
Search for `cudaErrorAssert' in https://docs.nvidia.com/cuda/cuda-runtime-api/group__CUDART__TYPES.html for more information.
CUDA kernel errors might be async"
cifar10n_unprojected__c10n_worse__irgr__seed2,cifar10n_unprojected,cifar10n_unprojected,irgr,resnet18,cifar10n:worse,realistic,2,python scripts/run_nn_submission.py --datasets cifar10n_unprojected --conditions c10n_worse --methods irgr --seeds 2,,failed,2026-07-05 12:32:55,2026-07-05 12:32:55,"CUDA error: device-side assert triggered
Search for `cudaErrorAssert' in https://docs.nvidia.com/cuda/cuda-runtime-api/group__CUDART__TYPES.html for more information.
CUDA kernel errors might be async"
cifar10n_unprojected__c10n_worse__irgr__seed3,cifar10n_unprojected,cifar10n_unprojected,irgr,resnet18,cifar10n:worse,realistic,3,python scripts/run_nn_submission.py --datasets cifar10n_unprojected --conditions c10n_worse --methods irgr --seeds 3,,failed,2026-07-05 12:32:55,2026-07-05 12:32:55,"CUDA error: device-side assert triggered
Search for `cudaErrorAssert' in https://docs.nvidia.com/cuda/cuda-runtime-api/group__CUDART__TYPES.html for more information.
CUDA kernel errors might be async"
cifar10n_unprojected__c10n_worse__irgr__seed4,cifar10n_unprojected,cifar10n_unprojected,irgr,resnet18,cifar10n:worse,realistic,4,python scripts/run_nn_submission.py --datasets cifar10n_unprojected --conditions c10n_worse --methods irgr --seeds 4,,failed,2026-07-05 12:32:55,2026-07-05 12:32:55,"CUDA error: device-side assert triggered
Search for `cudaErrorAssert' in https://docs.nvidia.com/cuda/cuda-runtime-api/group__CUDART__TYPES.html for more information.
CUDA kernel errors might be async"
cifar10n_unprojected__c10n_worse__irgr_derpp__seed0,cifar10n_unprojected,cifar10n_unprojected,irgr_derpp,resnet18,cifar10n:worse,realistic,0,python scripts/run_nn_submission.py --datasets cifar10n_unprojected --conditions c10n_worse --methods irgr_derpp --seeds 0,,failed,2026-07-05 12:32:55,2026-07-05 12:32:55,"CUDA error: device-side assert triggered
Search for `cudaErrorAssert' in https://docs.nvidia.com/cuda/cuda-runtime-api/group__CUDART__TYPES.html for more information.
CUDA kernel errors might be async"
cifar10n_unprojected__c10n_worse__irgr_derpp__seed1,cifar10n_unprojected,cifar10n_unprojected,irgr_derpp,resnet18,cifar10n:worse,realistic,1,python scripts/run_nn_submission.py --datasets cifar10n_unprojected --conditions c10n_worse --methods irgr_derpp --seeds 1,,failed,2026-07-05 12:32:55,2026-07-05 12:32:55,"CUDA error: device-side assert triggered
Search for `cudaErrorAssert' in https://docs.nvidia.com/cuda/cuda-runtime-api/group__CUDART__TYPES.html for more information.
CUDA kernel errors might be async"
cifar10n_unprojected__c10n_worse__irgr_derpp__seed2,cifar10n_unprojected,cifar10n_unprojected,irgr_derpp,resnet18,cifar10n:worse,realistic,2,python scripts/run_nn_submission.py --datasets cifar10n_unprojected --conditions c10n_worse --methods irgr_derpp --seeds 2,,failed,2026-07-05 12:32:55,2026-07-05 12:32:55,"CUDA error: device-side assert triggered
Search for `cudaErrorAssert' in https://docs.nvidia.com/cuda/cuda-runtime-api/group__CUDART__TYPES.html for more information.
CUDA kernel errors might be async"
cifar10n_unprojected__c10n_worse__irgr_derpp__seed3,cifar10n_unprojected,cifar10n_unprojected,irgr_derpp,resnet18,cifar10n:worse,realistic,3,python scripts/run_nn_submission.py --datasets cifar10n_unprojected --conditions c10n_worse --methods irgr_derpp --seeds 3,,failed,2026-07-05 12:32:55,2026-07-05 12:32:55,"CUDA error: device-side assert triggered
Search for `cudaErrorAssert' in https://docs.nvidia.com/cuda/cuda-runtime-api/group__CUDART__TYPES.html for more information.
CUDA kernel errors might be async"
cifar10n_unprojected__c10n_worse__irgr_derpp__seed4,cifar10n_unprojected,cifar10n_unprojected,irgr_derpp,resnet18,cifar10n:worse,realistic,4,python scripts/run_nn_submission.py --datasets cifar10n_unprojected --conditions c10n_worse --methods irgr_derpp --seeds 4,,failed,2026-07-05 12:32:55,2026-07-05 12:32:55,"CUDA error: device-side assert triggered
Search for `cudaErrorAssert' in https://docs.nvidia.com/cuda/cuda-runtime-api/group__CUDART__TYPES.html for more information.
CUDA kernel errors might be async"
cifar10n_unprojected__c10n_worse__oracle__seed0,cifar10n_unprojected,cifar10n_unprojected,oracle,resnet18,cifar10n:worse,realistic,0,python scripts/run_nn_submission.py --datasets cifar10n_unprojected --conditions c10n_worse --methods oracle --seeds 0,,failed,2026-07-05 12:32:55,2026-07-05 12:32:55,"CUDA error: device-side assert triggered
Search for `cudaErrorAssert' in https://docs.nvidia.com/cuda/cuda-runtime-api/group__CUDART__TYPES.html for more information.
CUDA kernel errors might be async"
cifar10n_unprojected__c10n_worse__oracle__seed1,cifar10n_unprojected,cifar10n_unprojected,oracle,resnet18,cifar10n:worse,realistic,1,python scripts/run_nn_submission.py --datasets cifar10n_unprojected --conditions c10n_worse --methods oracle --seeds 1,,failed,2026-07-05 12:32:55,2026-07-05 12:32:55,"CUDA error: device-side assert triggered
Search for `cudaErrorAssert' in https://docs.nvidia.com/cuda/cuda-runtime-api/group__CUDART__TYPES.html for more information.
CUDA kernel errors might be async"
cifar10n_unprojected__c10n_worse__oracle__seed2,cifar10n_unprojected,cifar10n_unprojected,oracle,resnet18,cifar10n:worse,realistic,2,python scripts/run_nn_submission.py --datasets cifar10n_unprojected --conditions c10n_worse --methods oracle --seeds 2,,failed,2026-07-05 12:32:55,2026-07-05 12:32:55,"CUDA error: device-side assert triggered
Search for `cudaErrorAssert' in https://docs.nvidia.com/cuda/cuda-runtime-api/group__CUDART__TYPES.html for more information.
CUDA kernel errors might be async"
cifar10n_unprojected__c10n_worse__oracle__seed3,cifar10n_unprojected,cifar10n_unprojected,oracle,resnet18,cifar10n:worse,realistic,3,python scripts/run_nn_submission.py --datasets cifar10n_unprojected --conditions c10n_worse --methods oracle --seeds 3,,failed,2026-07-05 12:32:55,2026-07-05 12:32:55,"CUDA error: device-side assert triggered
Search for `cudaErrorAssert' in https://docs.nvidia.com/cuda/cuda-runtime-api/group__CUDART__TYPES.html for more information.
CUDA kernel errors might be async"
cifar10n_unprojected__c10n_worse__oracle__seed4,cifar10n_unprojected,cifar10n_unprojected,oracle,resnet18,cifar10n:worse,realistic,4,python scripts/run_nn_submission.py --datasets cifar10n_unprojected --conditions c10n_worse --methods oracle --seeds 4,,failed,2026-07-05 12:32:55,2026-07-05 12:32:55,"CUDA error: device-side assert triggered
Search for `cudaErrorAssert' in https://docs.nvidia.com/cuda/cuda-runtime-api/group__CUDART__TYPES.html for more information.
CUDA kernel errors might be async"
cifar10n_unprojected__c10n_aggre__er__seed0,cifar10n_unprojected,cifar10n_unprojected,er,resnet18,cifar10n:aggre,realistic,0,python scripts/run_nn_submission.py --datasets cifar10n_unprojected --conditions c10n_aggre --methods er --seeds 0,,failed,2026-07-05 12:32:55,2026-07-05 12:32:58,"CUDA error: device-side assert triggered
Search for `cudaErrorAssert' in https://docs.nvidia.com/cuda/cuda-runtime-api/group__CUDART__TYPES.html for more information.
CUDA kernel errors might be async"
cifar10n_unprojected__c10n_aggre__er__seed1,cifar10n_unprojected,cifar10n_unprojected,er,resnet18,cifar10n:aggre,realistic,1,python scripts/run_nn_submission.py --datasets cifar10n_unprojected --conditions c10n_aggre --methods er --seeds 1,,failed,2026-07-05 12:32:58,2026-07-05 12:33:01,"CUDA error: device-side assert triggered
Search for `cudaErrorAssert' in https://docs.nvidia.com/cuda/cuda-runtime-api/group__CUDART__TYPES.html for more information.
CUDA kernel errors might be async"
cifar10n_unprojected__c10n_aggre__er__seed2,cifar10n_unprojected,cifar10n_unprojected,er,resnet18,cifar10n:aggre,realistic,2,python scripts/run_nn_submission.py --datasets cifar10n_unprojected --conditions c10n_aggre --methods er --seeds 2,,failed,2026-07-05 12:33:01,2026-07-05 12:33:04,"CUDA error: device-side assert triggered
Search for `cudaErrorAssert' in https://docs.nvidia.com/cuda/cuda-runtime-api/group__CUDART__TYPES.html for more information.
CUDA kernel errors might be async"
cifar10n_unprojected__c10n_aggre__er__seed3,cifar10n_unprojected,cifar10n_unprojected,er,resnet18,cifar10n:aggre,realistic,3,python scripts/run_nn_submission.py --datasets cifar10n_unprojected --conditions c10n_aggre --methods er --seeds 3,,failed,2026-07-05 12:33:04,2026-07-05 12:33:07,"CUDA error: device-side assert triggered
Search for `cudaErrorAssert' in https://docs.nvidia.com/cuda/cuda-runtime-api/group__CUDART__TYPES.html for more information.
CUDA kernel errors might be async"
cifar10n_unprojected__c10n_aggre__er__seed4,cifar10n_unprojected,cifar10n_unprojected,er,resnet18,cifar10n:aggre,realistic,4,python scripts/run_nn_submission.py --datasets cifar10n_unprojected --conditions c10n_aggre --methods er --seeds 4,,failed,2026-07-05 12:33:07,2026-07-05 12:33:10,"CUDA error: device-side assert triggered
Search for `cudaErrorAssert' in https://docs.nvidia.com/cuda/cuda-runtime-api/group__CUDART__TYPES.html for more information.
CUDA kernel errors might be async"
cifar10n_unprojected__c10n_aggre__derpp__seed0,cifar10n_unprojected,cifar10n_unprojected,derpp,resnet18,cifar10n:aggre,realistic,0,python scripts/run_nn_submission.py --datasets cifar10n_unprojected --conditions c10n_aggre --methods derpp --seeds 0,,failed,2026-07-05 12:33:10,2026-07-05 12:33:10,"CUDA error: device-side assert triggered
Search for `cudaErrorAssert' in https://docs.nvidia.com/cuda/cuda-runtime-api/group__CUDART__TYPES.html for more information.
CUDA kernel errors might be async"
cifar10n_unprojected__c10n_aggre__derpp__seed1,cifar10n_unprojected,cifar10n_unprojected,derpp,resnet18,cifar10n:aggre,realistic,1,python scripts/run_nn_submission.py --datasets cifar10n_unprojected --conditions c10n_aggre --methods derpp --seeds 1,,failed,2026-07-05 12:33:10,2026-07-05 12:33:10,"CUDA error: device-side assert triggered
Search for `cudaErrorAssert' in https://docs.nvidia.com/cuda/cuda-runtime-api/group__CUDART__TYPES.html for more information.
CUDA kernel errors might be async"
cifar10n_unprojected__c10n_aggre__derpp__seed2,cifar10n_unprojected,cifar10n_unprojected,derpp,resnet18,cifar10n:aggre,realistic,2,python scripts/run_nn_submission.py --datasets cifar10n_unprojected --conditions c10n_aggre --methods derpp --seeds 2,,failed,2026-07-05 12:33:10,2026-07-05 12:33:10,"CUDA error: device-side assert triggered
Search for `cudaErrorAssert' in https://docs.nvidia.com/cuda/cuda-runtime-api/group__CUDART__TYPES.html for more information.
CUDA kernel errors might be async"
cifar10n_unprojected__c10n_aggre__derpp__seed3,cifar10n_unprojected,cifar10n_unprojected,derpp,resnet18,cifar10n:aggre,realistic,3,python scripts/run_nn_submission.py --datasets cifar10n_unprojected --conditions c10n_aggre --methods derpp --seeds 3,,failed,2026-07-05 12:33:10,2026-07-05 12:33:10,"CUDA error: device-side assert triggered
Search for `cudaErrorAssert' in https://docs.nvidia.com/cuda/cuda-runtime-api/group__CUDART__TYPES.html for more information.
CUDA kernel errors might be async"
cifar10n_unprojected__c10n_aggre__derpp__seed4,cifar10n_unprojected,cifar10n_unprojected,derpp,resnet18,cifar10n:aggre,realistic,4,python scripts/run_nn_submission.py --datasets cifar10n_unprojected --conditions c10n_aggre --methods derpp --seeds 4,,failed,2026-07-05 12:33:10,2026-07-05 12:33:10,"CUDA error: device-side assert triggered
Search for `cudaErrorAssert' in https://docs.nvidia.com/cuda/cuda-runtime-api/group__CUDART__TYPES.html for more information.
CUDA kernel errors might be async"
cifar10n_unprojected__c10n_aggre__er_ace__seed0,cifar10n_unprojected,cifar10n_unprojected,er_ace,resnet18,cifar10n:aggre,realistic,0,python scripts/run_nn_submission.py --datasets cifar10n_unprojected --conditions c10n_aggre --methods er_ace --seeds 0,,failed,2026-07-05 12:33:10,2026-07-05 12:33:10,"CUDA error: device-side assert triggered
Search for `cudaErrorAssert' in https://docs.nvidia.com/cuda/cuda-runtime-api/group__CUDART__TYPES.html for more information.
CUDA kernel errors might be async"
cifar10n_unprojected__c10n_aggre__er_ace__seed1,cifar10n_unprojected,cifar10n_unprojected,er_ace,resnet18,cifar10n:aggre,realistic,1,python scripts/run_nn_submission.py --datasets cifar10n_unprojected --conditions c10n_aggre --methods er_ace --seeds 1,,failed,2026-07-05 12:33:10,2026-07-05 12:33:10,"CUDA error: device-side assert triggered
Search for `cudaErrorAssert' in https://docs.nvidia.com/cuda/cuda-runtime-api/group__CUDART__TYPES.html for more information.
CUDA kernel errors might be async"
cifar10n_unprojected__c10n_aggre__er_ace__seed2,cifar10n_unprojected,cifar10n_unprojected,er_ace,resnet18,cifar10n:aggre,realistic,2,python scripts/run_nn_submission.py --datasets cifar10n_unprojected --conditions c10n_aggre --methods er_ace --seeds 2,,failed,2026-07-05 12:33:10,2026-07-05 12:33:10,"CUDA error: device-side assert triggered
Search for `cudaErrorAssert' in https://docs.nvidia.com/cuda/cuda-runtime-api/group__CUDART__TYPES.html for more information.
CUDA kernel errors might be async"
cifar10n_unprojected__c10n_aggre__er_ace__seed3,cifar10n_unprojected,cifar10n_unprojected,er_ace,resnet18,cifar10n:aggre,realistic,3,python scripts/run_nn_submission.py --datasets cifar10n_unprojected --conditions c10n_aggre --methods er_ace --seeds 3,,failed,2026-07-05 12:33:10,2026-07-05 12:33:10,"CUDA error: device-side assert triggered
Search for `cudaErrorAssert' in https://docs.nvidia.com/cuda/cuda-runtime-api/group__CUDART__TYPES.html for more information.
CUDA kernel errors might be async"
cifar10n_unprojected__c10n_aggre__er_ace__seed4,cifar10n_unprojected,cifar10n_unprojected,er_ace,resnet18,cifar10n:aggre,realistic,4,python scripts/run_nn_submission.py --datasets cifar10n_unprojected --conditions c10n_aggre --methods er_ace --seeds 4,,failed,2026-07-05 12:33:10,2026-07-05 12:33:10,"CUDA error: device-side assert triggered
Search for `cudaErrorAssert' in https://docs.nvidia.com/cuda/cuda-runtime-api/group__CUDART__TYPES.html for more information.
CUDA kernel errors might be async"
cifar10n_unprojected__c10n_aggre__irgr__seed0,cifar10n_unprojected,cifar10n_unprojected,irgr,resnet18,cifar10n:aggre,realistic,0,python scripts/run_nn_submission.py --datasets cifar10n_unprojected --conditions c10n_aggre --methods irgr --seeds 0,,failed,2026-07-05 12:33:10,2026-07-05 12:33:10,"CUDA error: device-side assert triggered
Search for `cudaErrorAssert' in https://docs.nvidia.com/cuda/cuda-runtime-api/group__CUDART__TYPES.html for more information.
CUDA kernel errors might be async"
cifar10n_unprojected__c10n_aggre__irgr__seed1,cifar10n_unprojected,cifar10n_unprojected,irgr,resnet18,cifar10n:aggre,realistic,1,python scripts/run_nn_submission.py --datasets cifar10n_unprojected --conditions c10n_aggre --methods irgr --seeds 1,,failed,2026-07-05 12:33:10,2026-07-05 12:33:10,"CUDA error: device-side assert triggered
Search for `cudaErrorAssert' in https://docs.nvidia.com/cuda/cuda-runtime-api/group__CUDART__TYPES.html for more information.
CUDA kernel errors might be async"
cifar10n_unprojected__c10n_aggre__irgr__seed2,cifar10n_unprojected,cifar10n_unprojected,irgr,resnet18,cifar10n:aggre,realistic,2,python scripts/run_nn_submission.py --datasets cifar10n_unprojected --conditions c10n_aggre --methods irgr --seeds 2,,failed,2026-07-05 12:33:10,2026-07-05 12:33:10,"CUDA error: device-side assert triggered
Search for `cudaErrorAssert' in https://docs.nvidia.com/cuda/cuda-runtime-api/group__CUDART__TYPES.html for more information.
CUDA kernel errors might be async"
cifar10n_unprojected__c10n_aggre__irgr__seed3,cifar10n_unprojected,cifar10n_unprojected,irgr,resnet18,cifar10n:aggre,realistic,3,python scripts/run_nn_submission.py --datasets cifar10n_unprojected --conditions c10n_aggre --methods irgr --seeds 3,,failed,2026-07-05 12:33:10,2026-07-05 12:33:10,"CUDA error: device-side assert triggered
Search for `cudaErrorAssert' in https://docs.nvidia.com/cuda/cuda-runtime-api/group__CUDART__TYPES.html for more information.
CUDA kernel errors might be async"
cifar10n_unprojected__c10n_aggre__irgr__seed4,cifar10n_unprojected,cifar10n_unprojected,irgr,resnet18,cifar10n:aggre,realistic,4,python scripts/run_nn_submission.py --datasets cifar10n_unprojected --conditions c10n_aggre --methods irgr --seeds 4,,failed,2026-07-05 12:33:10,2026-07-05 12:33:10,"CUDA error: device-side assert triggered
Search for `cudaErrorAssert' in https://docs.nvidia.com/cuda/cuda-runtime-api/group__CUDART__TYPES.html for more information.
CUDA kernel errors might be async"
cifar10n_unprojected__c10n_aggre__irgr_derpp__seed0,cifar10n_unprojected,cifar10n_unprojected,irgr_derpp,resnet18,cifar10n:aggre,realistic,0,python scripts/run_nn_submission.py --datasets cifar10n_unprojected --conditions c10n_aggre --methods irgr_derpp --seeds 0,,failed,2026-07-05 12:33:10,2026-07-05 12:33:10,"CUDA error: device-side assert triggered
Search for `cudaErrorAssert' in https://docs.nvidia.com/cuda/cuda-runtime-api/group__CUDART__TYPES.html for more information.
CUDA kernel errors might be async"
cifar10n_unprojected__c10n_aggre__irgr_derpp__seed1,cifar10n_unprojected,cifar10n_unprojected,irgr_derpp,resnet18,cifar10n:aggre,realistic,1,python scripts/run_nn_submission.py --datasets cifar10n_unprojected --conditions c10n_aggre --methods irgr_derpp --seeds 1,,failed,2026-07-05 12:33:10,2026-07-05 12:33:10,"CUDA error: device-side assert triggered
Search for `cudaErrorAssert' in https://docs.nvidia.com/cuda/cuda-runtime-api/group__CUDART__TYPES.html for more information.
CUDA kernel errors might be async"
cifar10n_unprojected__c10n_aggre__irgr_derpp__seed2,cifar10n_unprojected,cifar10n_unprojected,irgr_derpp,resnet18,cifar10n:aggre,realistic,2,python scripts/run_nn_submission.py --datasets cifar10n_unprojected --conditions c10n_aggre --methods irgr_derpp --seeds 2,,failed,2026-07-05 12:33:10,2026-07-05 12:33:10,"CUDA error: device-side assert triggered
Search for `cudaErrorAssert' in https://docs.nvidia.com/cuda/cuda-runtime-api/group__CUDART__TYPES.html for more information.
CUDA kernel errors might be async"
cifar10n_unprojected__c10n_aggre__irgr_derpp__seed3,cifar10n_unprojected,cifar10n_unprojected,irgr_derpp,resnet18,cifar10n:aggre,realistic,3,python scripts/run_nn_submission.py --datasets cifar10n_unprojected --conditions c10n_aggre --methods irgr_derpp --seeds 3,,failed,2026-07-05 12:33:10,2026-07-05 12:33:10,"CUDA error: device-side assert triggered
Search for `cudaErrorAssert' in https://docs.nvidia.com/cuda/cuda-runtime-api/group__CUDART__TYPES.html for more information.
CUDA kernel errors might be async"
cifar10n_unprojected__c10n_aggre__irgr_derpp__seed4,cifar10n_unprojected,cifar10n_unprojected,irgr_derpp,resnet18,cifar10n:aggre,realistic,4,python scripts/run_nn_submission.py --datasets cifar10n_unprojected --conditions c10n_aggre --methods irgr_derpp --seeds 4,,failed,2026-07-05 12:33:10,2026-07-05 12:33:10,"CUDA error: device-side assert triggered
Search for `cudaErrorAssert' in https://docs.nvidia.com/cuda/cuda-runtime-api/group__CUDART__TYPES.html for more information.
CUDA kernel errors might be async"
cifar10n_unprojected__c10n_aggre__oracle__seed0,cifar10n_unprojected,cifar10n_unprojected,oracle,resnet18,cifar10n:aggre,realistic,0,python scripts/run_nn_submission.py --datasets cifar10n_unprojected --conditions c10n_aggre --methods oracle --seeds 0,,failed,2026-07-05 12:33:10,2026-07-05 12:33:10,"CUDA error: device-side assert triggered
Search for `cudaErrorAssert' in https://docs.nvidia.com/cuda/cuda-runtime-api/group__CUDART__TYPES.html for more information.
CUDA kernel errors might be async"
cifar10n_unprojected__c10n_aggre__oracle__seed1,cifar10n_unprojected,cifar10n_unprojected,oracle,resnet18,cifar10n:aggre,realistic,1,python scripts/run_nn_submission.py --datasets cifar10n_unprojected --conditions c10n_aggre --methods oracle --seeds 1,,failed,2026-07-05 12:33:10,2026-07-05 12:33:10,"CUDA error: device-side assert triggered
Search for `cudaErrorAssert' in https://docs.nvidia.com/cuda/cuda-runtime-api/group__CUDART__TYPES.html for more information.
CUDA kernel errors might be async"
cifar10n_unprojected__c10n_aggre__oracle__seed2,cifar10n_unprojected,cifar10n_unprojected,oracle,resnet18,cifar10n:aggre,realistic,2,python scripts/run_nn_submission.py --datasets cifar10n_unprojected --conditions c10n_aggre --methods oracle --seeds 2,,failed,2026-07-05 12:33:10,2026-07-05 12:33:10,"CUDA error: device-side assert triggered
Search for `cudaErrorAssert' in https://docs.nvidia.com/cuda/cuda-runtime-api/group__CUDART__TYPES.html for more information.
CUDA kernel errors might be async"
cifar10n_unprojected__c10n_aggre__oracle__seed3,cifar10n_unprojected,cifar10n_unprojected,oracle,resnet18,cifar10n:aggre,realistic,3,python scripts/run_nn_submission.py --datasets cifar10n_unprojected --conditions c10n_aggre --methods oracle --seeds 3,,failed,2026-07-05 12:33:10,2026-07-05 12:33:10,"CUDA error: device-side assert triggered
Search for `cudaErrorAssert' in https://docs.nvidia.com/cuda/cuda-runtime-api/group__CUDART__TYPES.html for more information.
CUDA kernel errors might be async"
cifar10n_unprojected__c10n_aggre__oracle__seed4,cifar10n_unprojected,cifar10n_unprojected,oracle,resnet18,cifar10n:aggre,realistic,4,python scripts/run_nn_submission.py --datasets cifar10n_unprojected --conditions c10n_aggre --methods oracle --seeds 4,,failed,2026-07-05 12:33:10,2026-07-05 12:33:10,"CUDA error: device-side assert triggered
Search for `cudaErrorAssert' in https://docs.nvidia.com/cuda/cuda-runtime-api/group__CUDART__TYPES.html for more information.
CUDA kernel errors might be async"
cifar10n_unprojected__c10n_random1__er__seed0,cifar10n_unprojected,cifar10n_unprojected,er,resnet18,cifar10n:random1,realistic,0,python scripts/run_nn_submission.py --datasets cifar10n_unprojected --conditions c10n_random1 --methods er --seeds 0,,failed,2026-07-05 12:33:10,2026-07-05 12:33:13,"CUDA error: device-side assert triggered
Search for `cudaErrorAssert' in https://docs.nvidia.com/cuda/cuda-runtime-api/group__CUDART__TYPES.html for more information.
CUDA kernel errors might be async"
cifar10n_unprojected__c10n_random1__er__seed1,cifar10n_unprojected,cifar10n_unprojected,er,resnet18,cifar10n:random1,realistic,1,python scripts/run_nn_submission.py --datasets cifar10n_unprojected --conditions c10n_random1 --methods er --seeds 1,,failed,2026-07-05 12:33:13,2026-07-05 12:33:16,"CUDA error: device-side assert triggered
Search for `cudaErrorAssert' in https://docs.nvidia.com/cuda/cuda-runtime-api/group__CUDART__TYPES.html for more information.
CUDA kernel errors might be async"
cifar10n_unprojected__c10n_random1__er__seed2,cifar10n_unprojected,cifar10n_unprojected,er,resnet18,cifar10n:random1,realistic,2,python scripts/run_nn_submission.py --datasets cifar10n_unprojected --conditions c10n_random1 --methods er --seeds 2,,failed,2026-07-05 12:33:16,2026-07-05 12:33:18,"CUDA error: device-side assert triggered
Search for `cudaErrorAssert' in https://docs.nvidia.com/cuda/cuda-runtime-api/group__CUDART__TYPES.html for more information.
CUDA kernel errors might be async"
cifar10n_unprojected__c10n_random1__er__seed3,cifar10n_unprojected,cifar10n_unprojected,er,resnet18,cifar10n:random1,realistic,3,python scripts/run_nn_submission.py --datasets cifar10n_unprojected --conditions c10n_random1 --methods er --seeds 3,,failed,2026-07-05 12:33:18,2026-07-05 12:33:21,"CUDA error: device-side assert triggered
Search for `cudaErrorAssert' in https://docs.nvidia.com/cuda/cuda-runtime-api/group__CUDART__TYPES.html for more information.
CUDA kernel errors might be async"
cifar10n_unprojected__c10n_random1__er__seed4,cifar10n_unprojected,cifar10n_unprojected,er,resnet18,cifar10n:random1,realistic,4,python scripts/run_nn_submission.py --datasets cifar10n_unprojected --conditions c10n_random1 --methods er --seeds 4,,failed,2026-07-05 12:33:21,2026-07-05 12:33:23,"CUDA error: device-side assert triggered
Search for `cudaErrorAssert' in https://docs.nvidia.com/cuda/cuda-runtime-api/group__CUDART__TYPES.html for more information.
CUDA kernel errors might be async"
cifar10n_unprojected__c10n_random1__derpp__seed0,cifar10n_unprojected,cifar10n_unprojected,derpp,resnet18,cifar10n:random1,realistic,0,python scripts/run_nn_submission.py --datasets cifar10n_unprojected --conditions c10n_random1 --methods derpp --seeds 0,,failed,2026-07-05 12:33:23,2026-07-05 12:33:23,"CUDA error: device-side assert triggered
Search for `cudaErrorAssert' in https://docs.nvidia.com/cuda/cuda-runtime-api/group__CUDART__TYPES.html for more information.
CUDA kernel errors might be async"
cifar10n_unprojected__c10n_random1__derpp__seed1,cifar10n_unprojected,cifar10n_unprojected,derpp,resnet18,cifar10n:random1,realistic,1,python scripts/run_nn_submission.py --datasets cifar10n_unprojected --conditions c10n_random1 --methods derpp --seeds 1,,failed,2026-07-05 12:33:23,2026-07-05 12:33:23,"CUDA error: device-side assert triggered
Search for `cudaErrorAssert' in https://docs.nvidia.com/cuda/cuda-runtime-api/group__CUDART__TYPES.html for more information.
CUDA kernel errors might be async"
cifar10n_unprojected__c10n_random1__derpp__seed2,cifar10n_unprojected,cifar10n_unprojected,derpp,resnet18,cifar10n:random1,realistic,2,python scripts/run_nn_submission.py --datasets cifar10n_unprojected --conditions c10n_random1 --methods derpp --seeds 2,,failed,2026-07-05 12:33:23,2026-07-05 12:33:23,"CUDA error: device-side assert triggered
Search for `cudaErrorAssert' in https://docs.nvidia.com/cuda/cuda-runtime-api/group__CUDART__TYPES.html for more information.
CUDA kernel errors might be async"
cifar10n_unprojected__c10n_random1__derpp__seed3,cifar10n_unprojected,cifar10n_unprojected,derpp,resnet18,cifar10n:random1,realistic,3,python scripts/run_nn_submission.py --datasets cifar10n_unprojected --conditions c10n_random1 --methods derpp --seeds 3,,failed,2026-07-05 12:33:23,2026-07-05 12:33:23,"CUDA error: device-side assert triggered
Search for `cudaErrorAssert' in https://docs.nvidia.com/cuda/cuda-runtime-api/group__CUDART__TYPES.html for more information.
CUDA kernel errors might be async"
cifar10n_unprojected__c10n_random1__derpp__seed4,cifar10n_unprojected,cifar10n_unprojected,derpp,resnet18,cifar10n:random1,realistic,4,python scripts/run_nn_submission.py --datasets cifar10n_unprojected --conditions c10n_random1 --methods derpp --seeds 4,,failed,2026-07-05 12:33:23,2026-07-05 12:33:23,"CUDA error: device-side assert triggered
Search for `cudaErrorAssert' in https://docs.nvidia.com/cuda/cuda-runtime-api/group__CUDART__TYPES.html for more information.
CUDA kernel errors might be async"
cifar10n_unprojected__c10n_random1__er_ace__seed0,cifar10n_unprojected,cifar10n_unprojected,er_ace,resnet18,cifar10n:random1,realistic,0,python scripts/run_nn_submission.py --datasets cifar10n_unprojected --conditions c10n_random1 --methods er_ace --seeds 0,,failed,2026-07-05 12:33:23,2026-07-05 12:33:23,"CUDA error: device-side assert triggered
Search for `cudaErrorAssert' in https://docs.nvidia.com/cuda/cuda-runtime-api/group__CUDART__TYPES.html for more information.
CUDA kernel errors might be async"
cifar10n_unprojected__c10n_random1__er_ace__seed1,cifar10n_unprojected,cifar10n_unprojected,er_ace,resnet18,cifar10n:random1,realistic,1,python scripts/run_nn_submission.py --datasets cifar10n_unprojected --conditions c10n_random1 --methods er_ace --seeds 1,,failed,2026-07-05 12:33:23,2026-07-05 12:33:23,"CUDA error: device-side assert triggered
Search for `cudaErrorAssert' in https://docs.nvidia.com/cuda/cuda-runtime-api/group__CUDART__TYPES.html for more information.
CUDA kernel errors might be async"
cifar10n_unprojected__c10n_random1__er_ace__seed2,cifar10n_unprojected,cifar10n_unprojected,er_ace,resnet18,cifar10n:random1,realistic,2,python scripts/run_nn_submission.py --datasets cifar10n_unprojected --conditions c10n_random1 --methods er_ace --seeds 2,,failed,2026-07-05 12:33:23,2026-07-05 12:33:23,"CUDA error: device-side assert triggered
Search for `cudaErrorAssert' in https://docs.nvidia.com/cuda/cuda-runtime-api/group__CUDART__TYPES.html for more information.
CUDA kernel errors might be async"
cifar10n_unprojected__c10n_random1__er_ace__seed3,cifar10n_unprojected,cifar10n_unprojected,er_ace,resnet18,cifar10n:random1,realistic,3,python scripts/run_nn_submission.py --datasets cifar10n_unprojected --conditions c10n_random1 --methods er_ace --seeds 3,,failed,2026-07-05 12:33:23,2026-07-05 12:33:23,"CUDA error: device-side assert triggered
Search for `cudaErrorAssert' in https://docs.nvidia.com/cuda/cuda-runtime-api/group__CUDART__TYPES.html for more information.
CUDA kernel errors might be async"
cifar10n_unprojected__c10n_random1__er_ace__seed4,cifar10n_unprojected,cifar10n_unprojected,er_ace,resnet18,cifar10n:random1,realistic,4,python scripts/run_nn_submission.py --datasets cifar10n_unprojected --conditions c10n_random1 --methods er_ace --seeds 4,,failed,2026-07-05 12:33:23,2026-07-05 12:33:23,"CUDA error: device-side assert triggered
Search for `cudaErrorAssert' in https://docs.nvidia.com/cuda/cuda-runtime-api/group__CUDART__TYPES.html for more information.
CUDA kernel errors might be async"
cifar10n_unprojected__c10n_random1__irgr__seed0,cifar10n_unprojected,cifar10n_unprojected,irgr,resnet18,cifar10n:random1,realistic,0,python scripts/run_nn_submission.py --datasets cifar10n_unprojected --conditions c10n_random1 --methods irgr --seeds 0,,failed,2026-07-05 12:33:23,2026-07-05 12:33:23,"CUDA error: device-side assert triggered
Search for `cudaErrorAssert' in https://docs.nvidia.com/cuda/cuda-runtime-api/group__CUDART__TYPES.html for more information.
CUDA kernel errors might be async"
cifar10n_unprojected__c10n_random1__irgr__seed1,cifar10n_unprojected,cifar10n_unprojected,irgr,resnet18,cifar10n:random1,realistic,1,python scripts/run_nn_submission.py --datasets cifar10n_unprojected --conditions c10n_random1 --methods irgr --seeds 1,,failed,2026-07-05 12:33:23,2026-07-05 12:33:23,"CUDA error: device-side assert triggered
Search for `cudaErrorAssert' in https://docs.nvidia.com/cuda/cuda-runtime-api/group__CUDART__TYPES.html for more information.
CUDA kernel errors might be async"
cifar10n_unprojected__c10n_random1__irgr__seed2,cifar10n_unprojected,cifar10n_unprojected,irgr,resnet18,cifar10n:random1,realistic,2,python scripts/run_nn_submission.py --datasets cifar10n_unprojected --conditions c10n_random1 --methods irgr --seeds 2,,failed,2026-07-05 12:33:23,2026-07-05 12:33:23,"CUDA error: device-side assert triggered
Search for `cudaErrorAssert' in https://docs.nvidia.com/cuda/cuda-runtime-api/group__CUDART__TYPES.html for more information.
CUDA kernel errors might be async"
cifar10n_unprojected__c10n_random1__irgr__seed3,cifar10n_unprojected,cifar10n_unprojected,irgr,resnet18,cifar10n:random1,realistic,3,python scripts/run_nn_submission.py --datasets cifar10n_unprojected --conditions c10n_random1 --methods irgr --seeds 3,,failed,2026-07-05 12:33:23,2026-07-05 12:33:23,"CUDA error: device-side assert triggered
Search for `cudaErrorAssert' in https://docs.nvidia.com/cuda/cuda-runtime-api/group__CUDART__TYPES.html for more information.
CUDA kernel errors might be async"
cifar10n_unprojected__c10n_random1__irgr__seed4,cifar10n_unprojected,cifar10n_unprojected,irgr,resnet18,cifar10n:random1,realistic,4,python scripts/run_nn_submission.py --datasets cifar10n_unprojected --conditions c10n_random1 --methods irgr --seeds 4,,failed,2026-07-05 12:33:23,2026-07-05 12:33:23,"CUDA error: device-side assert triggered
Search for `cudaErrorAssert' in https://docs.nvidia.com/cuda/cuda-runtime-api/group__CUDART__TYPES.html for more information.
CUDA kernel errors might be async"
cifar10n_unprojected__c10n_random1__irgr_derpp__seed0,cifar10n_unprojected,cifar10n_unprojected,irgr_derpp,resnet18,cifar10n:random1,realistic,0,python scripts/run_nn_submission.py --datasets cifar10n_unprojected --conditions c10n_random1 --methods irgr_derpp --seeds 0,,failed,2026-07-05 12:33:23,2026-07-05 12:33:23,"CUDA error: device-side assert triggered
Search for `cudaErrorAssert' in https://docs.nvidia.com/cuda/cuda-runtime-api/group__CUDART__TYPES.html for more information.
CUDA kernel errors might be async"
cifar10n_unprojected__c10n_random1__irgr_derpp__seed1,cifar10n_unprojected,cifar10n_unprojected,irgr_derpp,resnet18,cifar10n:random1,realistic,1,python scripts/run_nn_submission.py --datasets cifar10n_unprojected --conditions c10n_random1 --methods irgr_derpp --seeds 1,,failed,2026-07-05 12:33:23,2026-07-05 12:33:23,"CUDA error: device-side assert triggered
Search for `cudaErrorAssert' in https://docs.nvidia.com/cuda/cuda-runtime-api/group__CUDART__TYPES.html for more information.
CUDA kernel errors might be async"
cifar10n_unprojected__c10n_random1__irgr_derpp__seed2,cifar10n_unprojected,cifar10n_unprojected,irgr_derpp,resnet18,cifar10n:random1,realistic,2,python scripts/run_nn_submission.py --datasets cifar10n_unprojected --conditions c10n_random1 --methods irgr_derpp --seeds 2,,failed,2026-07-05 12:33:23,2026-07-05 12:33:23,"CUDA error: device-side assert triggered
Search for `cudaErrorAssert' in https://docs.nvidia.com/cuda/cuda-runtime-api/group__CUDART__TYPES.html for more information.
CUDA kernel errors might be async"
cifar10n_unprojected__c10n_random1__irgr_derpp__seed3,cifar10n_unprojected,cifar10n_unprojected,irgr_derpp,resnet18,cifar10n:random1,realistic,3,python scripts/run_nn_submission.py --datasets cifar10n_unprojected --conditions c10n_random1 --methods irgr_derpp --seeds 3,,failed,2026-07-05 12:33:23,2026-07-05 12:33:23,"CUDA error: device-side assert triggered
Search for `cudaErrorAssert' in https://docs.nvidia.com/cuda/cuda-runtime-api/group__CUDART__TYPES.html for more information.
CUDA kernel errors might be async"
cifar10n_unprojected__c10n_random1__irgr_derpp__seed4,cifar10n_unprojected,cifar10n_unprojected,irgr_derpp,resnet18,cifar10n:random1,realistic,4,python scripts/run_nn_submission.py --datasets cifar10n_unprojected --conditions c10n_random1 --methods irgr_derpp --seeds 4,,failed,2026-07-05 12:33:23,2026-07-05 12:33:23,"CUDA error: device-side assert triggered
Search for `cudaErrorAssert' in https://docs.nvidia.com/cuda/cuda-runtime-api/group__CUDART__TYPES.html for more information.
CUDA kernel errors might be async"
cifar10n_unprojected__c10n_random1__oracle__seed0,cifar10n_unprojected,cifar10n_unprojected,oracle,resnet18,cifar10n:random1,realistic,0,python scripts/run_nn_submission.py --datasets cifar10n_unprojected --conditions c10n_random1 --methods oracle --seeds 0,,failed,2026-07-05 12:33:23,2026-07-05 12:33:23,"CUDA error: device-side assert triggered
Search for `cudaErrorAssert' in https://docs.nvidia.com/cuda/cuda-runtime-api/group__CUDART__TYPES.html for more information.
CUDA kernel errors might be async"
cifar10n_unprojected__c10n_random1__oracle__seed1,cifar10n_unprojected,cifar10n_unprojected,oracle,resnet18,cifar10n:random1,realistic,1,python scripts/run_nn_submission.py --datasets cifar10n_unprojected --conditions c10n_random1 --methods oracle --seeds 1,,failed,2026-07-05 12:33:23,2026-07-05 12:33:23,"CUDA error: device-side assert triggered
Search for `cudaErrorAssert' in https://docs.nvidia.com/cuda/cuda-runtime-api/group__CUDART__TYPES.html for more information.
CUDA kernel errors might be async"
cifar10n_unprojected__c10n_random1__oracle__seed2,cifar10n_unprojected,cifar10n_unprojected,oracle,resnet18,cifar10n:random1,realistic,2,python scripts/run_nn_submission.py --datasets cifar10n_unprojected --conditions c10n_random1 --methods oracle --seeds 2,,failed,2026-07-05 12:33:23,2026-07-05 12:33:23,"CUDA error: device-side assert triggered
Search for `cudaErrorAssert' in https://docs.nvidia.com/cuda/cuda-runtime-api/group__CUDART__TYPES.html for more information.
CUDA kernel errors might be async"
cifar10n_unprojected__c10n_random1__oracle__seed3,cifar10n_unprojected,cifar10n_unprojected,oracle,resnet18,cifar10n:random1,realistic,3,python scripts/run_nn_submission.py --datasets cifar10n_unprojected --conditions c10n_random1 --methods oracle --seeds 3,,failed,2026-07-05 12:33:23,2026-07-05 12:33:23,"CUDA error: device-side assert triggered
Search for `cudaErrorAssert' in https://docs.nvidia.com/cuda/cuda-runtime-api/group__CUDART__TYPES.html for more information.
CUDA kernel errors might be async"
cifar10n_unprojected__c10n_random1__oracle__seed4,cifar10n_unprojected,cifar10n_unprojected,oracle,resnet18,cifar10n:random1,realistic,4,python scripts/run_nn_submission.py --datasets cifar10n_unprojected --conditions c10n_random1 --methods oracle --seeds 4,,failed,2026-07-05 12:33:23,2026-07-05 12:33:23,"CUDA error: device-side assert triggered
Search for `cudaErrorAssert' in https://docs.nvidia.com/cuda/cuda-runtime-api/group__CUDART__TYPES.html for more information.
CUDA kernel errors might be async"
cifar10n_unprojected__c10n_random2__er__seed0,cifar10n_unprojected,cifar10n_unprojected,er,resnet18,cifar10n:random2,realistic,0,python scripts/run_nn_submission.py --datasets cifar10n_unprojected --conditions c10n_random2 --methods er --seeds 0,,failed,2026-07-05 12:33:23,2026-07-05 12:33:26,"CUDA error: device-side assert triggered
Search for `cudaErrorAssert' in https://docs.nvidia.com/cuda/cuda-runtime-api/group__CUDART__TYPES.html for more information.
CUDA kernel errors might be async"
cifar10n_unprojected__c10n_random2__er__seed1,cifar10n_unprojected,cifar10n_unprojected,er,resnet18,cifar10n:random2,realistic,1,python scripts/run_nn_submission.py --datasets cifar10n_unprojected --conditions c10n_random2 --methods er --seeds 1,,failed,2026-07-05 12:33:26,2026-07-05 12:33:28,"CUDA error: device-side assert triggered
Search for `cudaErrorAssert' in https://docs.nvidia.com/cuda/cuda-runtime-api/group__CUDART__TYPES.html for more information.
CUDA kernel errors might be async"
cifar10n_unprojected__c10n_random2__er__seed2,cifar10n_unprojected,cifar10n_unprojected,er,resnet18,cifar10n:random2,realistic,2,python scripts/run_nn_submission.py --datasets cifar10n_unprojected --conditions c10n_random2 --methods er --seeds 2,,failed,2026-07-05 12:33:28,2026-07-05 12:33:31,"CUDA error: device-side assert triggered
Search for `cudaErrorAssert' in https://docs.nvidia.com/cuda/cuda-runtime-api/group__CUDART__TYPES.html for more information.
CUDA kernel errors might be async"
cifar10n_unprojected__c10n_random2__er__seed3,cifar10n_unprojected,cifar10n_unprojected,er,resnet18,cifar10n:random2,realistic,3,python scripts/run_nn_submission.py --datasets cifar10n_unprojected --conditions c10n_random2 --methods er --seeds 3,,failed,2026-07-05 12:33:31,2026-07-05 12:33:33,"CUDA error: device-side assert triggered
Search for `cudaErrorAssert' in https://docs.nvidia.com/cuda/cuda-runtime-api/group__CUDART__TYPES.html for more information.
CUDA kernel errors might be async"
cifar10n_unprojected__c10n_random2__er__seed4,cifar10n_unprojected,cifar10n_unprojected,er,resnet18,cifar10n:random2,realistic,4,python scripts/run_nn_submission.py --datasets cifar10n_unprojected --conditions c10n_random2 --methods er --seeds 4,,failed,2026-07-05 12:33:33,2026-07-05 12:33:36,"CUDA error: device-side assert triggered
Search for `cudaErrorAssert' in https://docs.nvidia.com/cuda/cuda-runtime-api/group__CUDART__TYPES.html for more information.
CUDA kernel errors might be async"
cifar10n_unprojected__c10n_random2__derpp__seed0,cifar10n_unprojected,cifar10n_unprojected,derpp,resnet18,cifar10n:random2,realistic,0,python scripts/run_nn_submission.py --datasets cifar10n_unprojected --conditions c10n_random2 --methods derpp --seeds 0,,failed,2026-07-05 12:33:36,2026-07-05 12:33:36,"CUDA error: device-side assert triggered
Search for `cudaErrorAssert' in https://docs.nvidia.com/cuda/cuda-runtime-api/group__CUDART__TYPES.html for more information.
CUDA kernel errors might be async"
cifar10n_unprojected__c10n_random2__derpp__seed1,cifar10n_unprojected,cifar10n_unprojected,derpp,resnet18,cifar10n:random2,realistic,1,python scripts/run_nn_submission.py --datasets cifar10n_unprojected --conditions c10n_random2 --methods derpp --seeds 1,,failed,2026-07-05 12:33:36,2026-07-05 12:33:36,"CUDA error: device-side assert triggered
Search for `cudaErrorAssert' in https://docs.nvidia.com/cuda/cuda-runtime-api/group__CUDART__TYPES.html for more information.
CUDA kernel errors might be async"
cifar10n_unprojected__c10n_random2__derpp__seed2,cifar10n_unprojected,cifar10n_unprojected,derpp,resnet18,cifar10n:random2,realistic,2,python scripts/run_nn_submission.py --datasets cifar10n_unprojected --conditions c10n_random2 --methods derpp --seeds 2,,failed,2026-07-05 12:33:36,2026-07-05 12:33:36,"CUDA error: device-side assert triggered
Search for `cudaErrorAssert' in https://docs.nvidia.com/cuda/cuda-runtime-api/group__CUDART__TYPES.html for more information.
CUDA kernel errors might be async"
cifar10n_unprojected__c10n_random2__derpp__seed3,cifar10n_unprojected,cifar10n_unprojected,derpp,resnet18,cifar10n:random2,realistic,3,python scripts/run_nn_submission.py --datasets cifar10n_unprojected --conditions c10n_random2 --methods derpp --seeds 3,,failed,2026-07-05 12:33:36,2026-07-05 12:33:36,"CUDA error: device-side assert triggered
Search for `cudaErrorAssert' in https://docs.nvidia.com/cuda/cuda-runtime-api/group__CUDART__TYPES.html for more information.
CUDA kernel errors might be async"
cifar10n_unprojected__c10n_random2__derpp__seed4,cifar10n_unprojected,cifar10n_unprojected,derpp,resnet18,cifar10n:random2,realistic,4,python scripts/run_nn_submission.py --datasets cifar10n_unprojected --conditions c10n_random2 --methods derpp --seeds 4,,failed,2026-07-05 12:33:36,2026-07-05 12:33:36,"CUDA error: device-side assert triggered
Search for `cudaErrorAssert' in https://docs.nvidia.com/cuda/cuda-runtime-api/group__CUDART__TYPES.html for more information.
CUDA kernel errors might be async"
cifar10n_unprojected__c10n_random2__er_ace__seed0,cifar10n_unprojected,cifar10n_unprojected,er_ace,resnet18,cifar10n:random2,realistic,0,python scripts/run_nn_submission.py --datasets cifar10n_unprojected --conditions c10n_random2 --methods er_ace --seeds 0,,failed,2026-07-05 12:33:36,2026-07-05 12:33:36,"CUDA error: device-side assert triggered
Search for `cudaErrorAssert' in https://docs.nvidia.com/cuda/cuda-runtime-api/group__CUDART__TYPES.html for more information.
CUDA kernel errors might be async"
cifar10n_unprojected__c10n_random2__er_ace__seed1,cifar10n_unprojected,cifar10n_unprojected,er_ace,resnet18,cifar10n:random2,realistic,1,python scripts/run_nn_submission.py --datasets cifar10n_unprojected --conditions c10n_random2 --methods er_ace --seeds 1,,failed,2026-07-05 12:33:36,2026-07-05 12:33:36,"CUDA error: device-side assert triggered
Search for `cudaErrorAssert' in https://docs.nvidia.com/cuda/cuda-runtime-api/group__CUDART__TYPES.html for more information.
CUDA kernel errors might be async"
cifar10n_unprojected__c10n_random2__er_ace__seed2,cifar10n_unprojected,cifar10n_unprojected,er_ace,resnet18,cifar10n:random2,realistic,2,python scripts/run_nn_submission.py --datasets cifar10n_unprojected --conditions c10n_random2 --methods er_ace --seeds 2,,failed,2026-07-05 12:33:36,2026-07-05 12:33:36,"CUDA error: device-side assert triggered
Search for `cudaErrorAssert' in https://docs.nvidia.com/cuda/cuda-runtime-api/group__CUDART__TYPES.html for more information.
CUDA kernel errors might be async"
cifar10n_unprojected__c10n_random2__er_ace__seed3,cifar10n_unprojected,cifar10n_unprojected,er_ace,resnet18,cifar10n:random2,realistic,3,python scripts/run_nn_submission.py --datasets cifar10n_unprojected --conditions c10n_random2 --methods er_ace --seeds 3,,failed,2026-07-05 12:33:36,2026-07-05 12:33:36,"CUDA error: device-side assert triggered
Search for `cudaErrorAssert' in https://docs.nvidia.com/cuda/cuda-runtime-api/group__CUDART__TYPES.html for more information.
CUDA kernel errors might be async"
cifar10n_unprojected__c10n_random2__er_ace__seed4,cifar10n_unprojected,cifar10n_unprojected,er_ace,resnet18,cifar10n:random2,realistic,4,python scripts/run_nn_submission.py --datasets cifar10n_unprojected --conditions c10n_random2 --methods er_ace --seeds 4,,failed,2026-07-05 12:33:36,2026-07-05 12:33:36,"CUDA error: device-side assert triggered
Search for `cudaErrorAssert' in https://docs.nvidia.com/cuda/cuda-runtime-api/group__CUDART__TYPES.html for more information.
CUDA kernel errors might be async"
cifar10n_unprojected__c10n_random2__irgr__seed0,cifar10n_unprojected,cifar10n_unprojected,irgr,resnet18,cifar10n:random2,realistic,0,python scripts/run_nn_submission.py --datasets cifar10n_unprojected --conditions c10n_random2 --methods irgr --seeds 0,,failed,2026-07-05 12:33:36,2026-07-05 12:33:36,"CUDA error: device-side assert triggered
Search for `cudaErrorAssert' in https://docs.nvidia.com/cuda/cuda-runtime-api/group__CUDART__TYPES.html for more information.
CUDA kernel errors might be async"
cifar10n_unprojected__c10n_random2__irgr__seed1,cifar10n_unprojected,cifar10n_unprojected,irgr,resnet18,cifar10n:random2,realistic,1,python scripts/run_nn_submission.py --datasets cifar10n_unprojected --conditions c10n_random2 --methods irgr --seeds 1,,failed,2026-07-05 12:33:36,2026-07-05 12:33:36,"CUDA error: device-side assert triggered
Search for `cudaErrorAssert' in https://docs.nvidia.com/cuda/cuda-runtime-api/group__CUDART__TYPES.html for more information.
CUDA kernel errors might be async"
cifar10n_unprojected__c10n_random2__irgr__seed2,cifar10n_unprojected,cifar10n_unprojected,irgr,resnet18,cifar10n:random2,realistic,2,python scripts/run_nn_submission.py --datasets cifar10n_unprojected --conditions c10n_random2 --methods irgr --seeds 2,,failed,2026-07-05 12:33:36,2026-07-05 12:33:36,"CUDA error: device-side assert triggered
Search for `cudaErrorAssert' in https://docs.nvidia.com/cuda/cuda-runtime-api/group__CUDART__TYPES.html for more information.
CUDA kernel errors might be async"
cifar10n_unprojected__c10n_random2__irgr__seed3,cifar10n_unprojected,cifar10n_unprojected,irgr,resnet18,cifar10n:random2,realistic,3,python scripts/run_nn_submission.py --datasets cifar10n_unprojected --conditions c10n_random2 --methods irgr --seeds 3,,failed,2026-07-05 12:33:36,2026-07-05 12:33:36,"CUDA error: device-side assert triggered
Search for `cudaErrorAssert' in https://docs.nvidia.com/cuda/cuda-runtime-api/group__CUDART__TYPES.html for more information.
CUDA kernel errors might be async"
cifar10n_unprojected__c10n_random2__irgr__seed4,cifar10n_unprojected,cifar10n_unprojected,irgr,resnet18,cifar10n:random2,realistic,4,python scripts/run_nn_submission.py --datasets cifar10n_unprojected --conditions c10n_random2 --methods irgr --seeds 4,,failed,2026-07-05 12:33:36,2026-07-05 12:33:36,"CUDA error: device-side assert triggered
Search for `cudaErrorAssert' in https://docs.nvidia.com/cuda/cuda-runtime-api/group__CUDART__TYPES.html for more information.
CUDA kernel errors might be async"
cifar10n_unprojected__c10n_random2__irgr_derpp__seed0,cifar10n_unprojected,cifar10n_unprojected,irgr_derpp,resnet18,cifar10n:random2,realistic,0,python scripts/run_nn_submission.py --datasets cifar10n_unprojected --conditions c10n_random2 --methods irgr_derpp --seeds 0,,failed,2026-07-05 12:33:36,2026-07-05 12:33:36,"CUDA error: device-side assert triggered
Search for `cudaErrorAssert' in https://docs.nvidia.com/cuda/cuda-runtime-api/group__CUDART__TYPES.html for more information.
CUDA kernel errors might be async"
cifar10n_unprojected__c10n_random2__irgr_derpp__seed1,cifar10n_unprojected,cifar10n_unprojected,irgr_derpp,resnet18,cifar10n:random2,realistic,1,python scripts/run_nn_submission.py --datasets cifar10n_unprojected --conditions c10n_random2 --methods irgr_derpp --seeds 1,,failed,2026-07-05 12:33:36,2026-07-05 12:33:36,"CUDA error: device-side assert triggered
Search for `cudaErrorAssert' in https://docs.nvidia.com/cuda/cuda-runtime-api/group__CUDART__TYPES.html for more information.
CUDA kernel errors might be async"
cifar10n_unprojected__c10n_random2__irgr_derpp__seed2,cifar10n_unprojected,cifar10n_unprojected,irgr_derpp,resnet18,cifar10n:random2,realistic,2,python scripts/run_nn_submission.py --datasets cifar10n_unprojected --conditions c10n_random2 --methods irgr_derpp --seeds 2,,failed,2026-07-05 12:33:36,2026-07-05 12:33:36,"CUDA error: device-side assert triggered
Search for `cudaErrorAssert' in https://docs.nvidia.com/cuda/cuda-runtime-api/group__CUDART__TYPES.html for more information.
CUDA kernel errors might be async"
cifar10n_unprojected__c10n_random2__irgr_derpp__seed3,cifar10n_unprojected,cifar10n_unprojected,irgr_derpp,resnet18,cifar10n:random2,realistic,3,python scripts/run_nn_submission.py --datasets cifar10n_unprojected --conditions c10n_random2 --methods irgr_derpp --seeds 3,,failed,2026-07-05 12:33:36,2026-07-05 12:33:36,"CUDA error: device-side assert triggered
Search for `cudaErrorAssert' in https://docs.nvidia.com/cuda/cuda-runtime-api/group__CUDART__TYPES.html for more information.
CUDA kernel errors might be async"
cifar10n_unprojected__c10n_random2__irgr_derpp__seed4,cifar10n_unprojected,cifar10n_unprojected,irgr_derpp,resnet18,cifar10n:random2,realistic,4,python scripts/run_nn_submission.py --datasets cifar10n_unprojected --conditions c10n_random2 --methods irgr_derpp --seeds 4,,failed,2026-07-05 12:33:36,2026-07-05 12:33:36,"CUDA error: device-side assert triggered
Search for `cudaErrorAssert' in https://docs.nvidia.com/cuda/cuda-runtime-api/group__CUDART__TYPES.html for more information.
CUDA kernel errors might be async"
cifar10n_unprojected__c10n_random2__oracle__seed0,cifar10n_unprojected,cifar10n_unprojected,oracle,resnet18,cifar10n:random2,realistic,0,python scripts/run_nn_submission.py --datasets cifar10n_unprojected --conditions c10n_random2 --methods oracle --seeds 0,,failed,2026-07-05 12:33:36,2026-07-05 12:33:36,"CUDA error: device-side assert triggered
Search for `cudaErrorAssert' in https://docs.nvidia.com/cuda/cuda-runtime-api/group__CUDART__TYPES.html for more information.
CUDA kernel errors might be async"
cifar10n_unprojected__c10n_random2__oracle__seed1,cifar10n_unprojected,cifar10n_unprojected,oracle,resnet18,cifar10n:random2,realistic,1,python scripts/run_nn_submission.py --datasets cifar10n_unprojected --conditions c10n_random2 --methods oracle --seeds 1,,failed,2026-07-05 12:33:36,2026-07-05 12:33:36,"CUDA error: device-side assert triggered
Search for `cudaErrorAssert' in https://docs.nvidia.com/cuda/cuda-runtime-api/group__CUDART__TYPES.html for more information.
CUDA kernel errors might be async"
cifar10n_unprojected__c10n_random2__oracle__seed2,cifar10n_unprojected,cifar10n_unprojected,oracle,resnet18,cifar10n:random2,realistic,2,python scripts/run_nn_submission.py --datasets cifar10n_unprojected --conditions c10n_random2 --methods oracle --seeds 2,,failed,2026-07-05 12:33:36,2026-07-05 12:33:36,"CUDA error: device-side assert triggered
Search for `cudaErrorAssert' in https://docs.nvidia.com/cuda/cuda-runtime-api/group__CUDART__TYPES.html for more information.
CUDA kernel errors might be async"
cifar10n_unprojected__c10n_random2__oracle__seed3,cifar10n_unprojected,cifar10n_unprojected,oracle,resnet18,cifar10n:random2,realistic,3,python scripts/run_nn_submission.py --datasets cifar10n_unprojected --conditions c10n_random2 --methods oracle --seeds 3,,failed,2026-07-05 12:33:36,2026-07-05 12:33:36,"CUDA error: device-side assert triggered
Search for `cudaErrorAssert' in https://docs.nvidia.com/cuda/cuda-runtime-api/group__CUDART__TYPES.html for more information.
CUDA kernel errors might be async"
cifar10n_unprojected__c10n_random2__oracle__seed4,cifar10n_unprojected,cifar10n_unprojected,oracle,resnet18,cifar10n:random2,realistic,4,python scripts/run_nn_submission.py --datasets cifar10n_unprojected --conditions c10n_random2 --methods oracle --seeds 4,,failed,2026-07-05 12:33:36,2026-07-05 12:33:36,"CUDA error: device-side assert triggered
Search for `cudaErrorAssert' in https://docs.nvidia.com/cuda/cuda-runtime-api/group__CUDART__TYPES.html for more information.
CUDA kernel errors might be async"
cifar10n_unprojected__c10n_random3__er__seed0,cifar10n_unprojected,cifar10n_unprojected,er,resnet18,cifar10n:random3,realistic,0,python scripts/run_nn_submission.py --datasets cifar10n_unprojected --conditions c10n_random3 --methods er --seeds 0,,failed,2026-07-05 12:33:36,2026-07-05 12:33:38,"CUDA error: device-side assert triggered
Search for `cudaErrorAssert' in https://docs.nvidia.com/cuda/cuda-runtime-api/group__CUDART__TYPES.html for more information.
CUDA kernel errors might be async"
cifar10n_unprojected__c10n_random3__er__seed1,cifar10n_unprojected,cifar10n_unprojected,er,resnet18,cifar10n:random3,realistic,1,python scripts/run_nn_submission.py --datasets cifar10n_unprojected --conditions c10n_random3 --methods er --seeds 1,,failed,2026-07-05 12:33:38,2026-07-05 12:33:41,"CUDA error: device-side assert triggered
Search for `cudaErrorAssert' in https://docs.nvidia.com/cuda/cuda-runtime-api/group__CUDART__TYPES.html for more information.
CUDA kernel errors might be async"
cifar10n_unprojected__c10n_random3__er__seed2,cifar10n_unprojected,cifar10n_unprojected,er,resnet18,cifar10n:random3,realistic,2,python scripts/run_nn_submission.py --datasets cifar10n_unprojected --conditions c10n_random3 --methods er --seeds 2,,failed,2026-07-05 12:33:41,2026-07-05 12:33:43,"CUDA error: device-side assert triggered
Search for `cudaErrorAssert' in https://docs.nvidia.com/cuda/cuda-runtime-api/group__CUDART__TYPES.html for more information.
CUDA kernel errors might be async"
cifar10n_unprojected__c10n_random3__er__seed3,cifar10n_unprojected,cifar10n_unprojected,er,resnet18,cifar10n:random3,realistic,3,python scripts/run_nn_submission.py --datasets cifar10n_unprojected --conditions c10n_random3 --methods er --seeds 3,,failed,2026-07-05 12:33:43,2026-07-05 12:33:47,"CUDA error: device-side assert triggered
Search for `cudaErrorAssert' in https://docs.nvidia.com/cuda/cuda-runtime-api/group__CUDART__TYPES.html for more information.
CUDA kernel errors might be async"
cifar10n_unprojected__c10n_random3__er__seed4,cifar10n_unprojected,cifar10n_unprojected,er,resnet18,cifar10n:random3,realistic,4,python scripts/run_nn_submission.py --datasets cifar10n_unprojected --conditions c10n_random3 --methods er --seeds 4,,failed,2026-07-05 12:33:47,2026-07-05 12:33:49,"CUDA error: device-side assert triggered
Search for `cudaErrorAssert' in https://docs.nvidia.com/cuda/cuda-runtime-api/group__CUDART__TYPES.html for more information.
CUDA kernel errors might be async"
cifar10n_unprojected__c10n_random3__derpp__seed0,cifar10n_unprojected,cifar10n_unprojected,derpp,resnet18,cifar10n:random3,realistic,0,python scripts/run_nn_submission.py --datasets cifar10n_unprojected --conditions c10n_random3 --methods derpp --seeds 0,,failed,2026-07-05 12:33:49,2026-07-05 12:33:49,"CUDA error: device-side assert triggered
Search for `cudaErrorAssert' in https://docs.nvidia.com/cuda/cuda-runtime-api/group__CUDART__TYPES.html for more information.
CUDA kernel errors might be async"
cifar10n_unprojected__c10n_random3__derpp__seed1,cifar10n_unprojected,cifar10n_unprojected,derpp,resnet18,cifar10n:random3,realistic,1,python scripts/run_nn_submission.py --datasets cifar10n_unprojected --conditions c10n_random3 --methods derpp --seeds 1,,failed,2026-07-05 12:33:49,2026-07-05 12:33:49,"CUDA error: device-side assert triggered
Search for `cudaErrorAssert' in https://docs.nvidia.com/cuda/cuda-runtime-api/group__CUDART__TYPES.html for more information.
CUDA kernel errors might be async"
cifar10n_unprojected__c10n_random3__derpp__seed2,cifar10n_unprojected,cifar10n_unprojected,derpp,resnet18,cifar10n:random3,realistic,2,python scripts/run_nn_submission.py --datasets cifar10n_unprojected --conditions c10n_random3 --methods derpp --seeds 2,,failed,2026-07-05 12:33:49,2026-07-05 12:33:49,"CUDA error: device-side assert triggered
Search for `cudaErrorAssert' in https://docs.nvidia.com/cuda/cuda-runtime-api/group__CUDART__TYPES.html for more information.
CUDA kernel errors might be async"
cifar10n_unprojected__c10n_random3__derpp__seed3,cifar10n_unprojected,cifar10n_unprojected,derpp,resnet18,cifar10n:random3,realistic,3,python scripts/run_nn_submission.py --datasets cifar10n_unprojected --conditions c10n_random3 --methods derpp --seeds 3,,failed,2026-07-05 12:33:49,2026-07-05 12:33:49,"CUDA error: device-side assert triggered
Search for `cudaErrorAssert' in https://docs.nvidia.com/cuda/cuda-runtime-api/group__CUDART__TYPES.html for more information.
CUDA kernel errors might be async"
cifar10n_unprojected__c10n_random3__derpp__seed4,cifar10n_unprojected,cifar10n_unprojected,derpp,resnet18,cifar10n:random3,realistic,4,python scripts/run_nn_submission.py --datasets cifar10n_unprojected --conditions c10n_random3 --methods derpp --seeds 4,,failed,2026-07-05 12:33:49,2026-07-05 12:33:49,"CUDA error: device-side assert triggered
Search for `cudaErrorAssert' in https://docs.nvidia.com/cuda/cuda-runtime-api/group__CUDART__TYPES.html for more information.
CUDA kernel errors might be async"
cifar10n_unprojected__c10n_random3__er_ace__seed0,cifar10n_unprojected,cifar10n_unprojected,er_ace,resnet18,cifar10n:random3,realistic,0,python scripts/run_nn_submission.py --datasets cifar10n_unprojected --conditions c10n_random3 --methods er_ace --seeds 0,,failed,2026-07-05 12:33:49,2026-07-05 12:33:49,"CUDA error: device-side assert triggered
Search for `cudaErrorAssert' in https://docs.nvidia.com/cuda/cuda-runtime-api/group__CUDART__TYPES.html for more information.
CUDA kernel errors might be async"
cifar10n_unprojected__c10n_random3__er_ace__seed1,cifar10n_unprojected,cifar10n_unprojected,er_ace,resnet18,cifar10n:random3,realistic,1,python scripts/run_nn_submission.py --datasets cifar10n_unprojected --conditions c10n_random3 --methods er_ace --seeds 1,,failed,2026-07-05 12:33:49,2026-07-05 12:33:49,"CUDA error: device-side assert triggered
Search for `cudaErrorAssert' in https://docs.nvidia.com/cuda/cuda-runtime-api/group__CUDART__TYPES.html for more information.
CUDA kernel errors might be async"
cifar10n_unprojected__c10n_random3__er_ace__seed2,cifar10n_unprojected,cifar10n_unprojected,er_ace,resnet18,cifar10n:random3,realistic,2,python scripts/run_nn_submission.py --datasets cifar10n_unprojected --conditions c10n_random3 --methods er_ace --seeds 2,,failed,2026-07-05 12:33:49,2026-07-05 12:33:49,"CUDA error: device-side assert triggered
Search for `cudaErrorAssert' in https://docs.nvidia.com/cuda/cuda-runtime-api/group__CUDART__TYPES.html for more information.
CUDA kernel errors might be async"
cifar10n_unprojected__c10n_random3__er_ace__seed3,cifar10n_unprojected,cifar10n_unprojected,er_ace,resnet18,cifar10n:random3,realistic,3,python scripts/run_nn_submission.py --datasets cifar10n_unprojected --conditions c10n_random3 --methods er_ace --seeds 3,,failed,2026-07-05 12:33:49,2026-07-05 12:33:49,"CUDA error: device-side assert triggered
Search for `cudaErrorAssert' in https://docs.nvidia.com/cuda/cuda-runtime-api/group__CUDART__TYPES.html for more information.
CUDA kernel errors might be async"
cifar10n_unprojected__c10n_random3__er_ace__seed4,cifar10n_unprojected,cifar10n_unprojected,er_ace,resnet18,cifar10n:random3,realistic,4,python scripts/run_nn_submission.py --datasets cifar10n_unprojected --conditions c10n_random3 --methods er_ace --seeds 4,,failed,2026-07-05 12:33:49,2026-07-05 12:33:49,"CUDA error: device-side assert triggered
Search for `cudaErrorAssert' in https://docs.nvidia.com/cuda/cuda-runtime-api/group__CUDART__TYPES.html for more information.
CUDA kernel errors might be async"
cifar10n_unprojected__c10n_random3__irgr__seed0,cifar10n_unprojected,cifar10n_unprojected,irgr,resnet18,cifar10n:random3,realistic,0,python scripts/run_nn_submission.py --datasets cifar10n_unprojected --conditions c10n_random3 --methods irgr --seeds 0,,failed,2026-07-05 12:33:49,2026-07-05 12:33:49,"CUDA error: device-side assert triggered
Search for `cudaErrorAssert' in https://docs.nvidia.com/cuda/cuda-runtime-api/group__CUDART__TYPES.html for more information.
CUDA kernel errors might be async"
cifar10n_unprojected__c10n_random3__irgr__seed1,cifar10n_unprojected,cifar10n_unprojected,irgr,resnet18,cifar10n:random3,realistic,1,python scripts/run_nn_submission.py --datasets cifar10n_unprojected --conditions c10n_random3 --methods irgr --seeds 1,,failed,2026-07-05 12:33:49,2026-07-05 12:33:49,"CUDA error: device-side assert triggered
Search for `cudaErrorAssert' in https://docs.nvidia.com/cuda/cuda-runtime-api/group__CUDART__TYPES.html for more information.
CUDA kernel errors might be async"
cifar10n_unprojected__c10n_random3__irgr__seed2,cifar10n_unprojected,cifar10n_unprojected,irgr,resnet18,cifar10n:random3,realistic,2,python scripts/run_nn_submission.py --datasets cifar10n_unprojected --conditions c10n_random3 --methods irgr --seeds 2,,failed,2026-07-05 12:33:49,2026-07-05 12:33:49,"CUDA error: device-side assert triggered
Search for `cudaErrorAssert' in https://docs.nvidia.com/cuda/cuda-runtime-api/group__CUDART__TYPES.html for more information.
CUDA kernel errors might be async"
cifar10n_unprojected__c10n_random3__irgr__seed3,cifar10n_unprojected,cifar10n_unprojected,irgr,resnet18,cifar10n:random3,realistic,3,python scripts/run_nn_submission.py --datasets cifar10n_unprojected --conditions c10n_random3 --methods irgr --seeds 3,,failed,2026-07-05 12:33:49,2026-07-05 12:33:49,"CUDA error: device-side assert triggered
Search for `cudaErrorAssert' in https://docs.nvidia.com/cuda/cuda-runtime-api/group__CUDART__TYPES.html for more information.
CUDA kernel errors might be async"
cifar10n_unprojected__c10n_random3__irgr__seed4,cifar10n_unprojected,cifar10n_unprojected,irgr,resnet18,cifar10n:random3,realistic,4,python scripts/run_nn_submission.py --datasets cifar10n_unprojected --conditions c10n_random3 --methods irgr --seeds 4,,failed,2026-07-05 12:33:49,2026-07-05 12:33:49,"CUDA error: device-side assert triggered
Search for `cudaErrorAssert' in https://docs.nvidia.com/cuda/cuda-runtime-api/group__CUDART__TYPES.html for more information.
CUDA kernel errors might be async"
cifar10n_unprojected__c10n_random3__irgr_derpp__seed0,cifar10n_unprojected,cifar10n_unprojected,irgr_derpp,resnet18,cifar10n:random3,realistic,0,python scripts/run_nn_submission.py --datasets cifar10n_unprojected --conditions c10n_random3 --methods irgr_derpp --seeds 0,,failed,2026-07-05 12:33:49,2026-07-05 12:33:49,"CUDA error: device-side assert triggered
Search for `cudaErrorAssert' in https://docs.nvidia.com/cuda/cuda-runtime-api/group__CUDART__TYPES.html for more information.
CUDA kernel errors might be async"
cifar10n_unprojected__c10n_random3__irgr_derpp__seed1,cifar10n_unprojected,cifar10n_unprojected,irgr_derpp,resnet18,cifar10n:random3,realistic,1,python scripts/run_nn_submission.py --datasets cifar10n_unprojected --conditions c10n_random3 --methods irgr_derpp --seeds 1,,failed,2026-07-05 12:33:49,2026-07-05 12:33:49,"CUDA error: device-side assert triggered
Search for `cudaErrorAssert' in https://docs.nvidia.com/cuda/cuda-runtime-api/group__CUDART__TYPES.html for more information.
CUDA kernel errors might be async"
cifar10n_unprojected__c10n_random3__irgr_derpp__seed2,cifar10n_unprojected,cifar10n_unprojected,irgr_derpp,resnet18,cifar10n:random3,realistic,2,python scripts/run_nn_submission.py --datasets cifar10n_unprojected --conditions c10n_random3 --methods irgr_derpp --seeds 2,,failed,2026-07-05 12:33:49,2026-07-05 12:33:49,"CUDA error: device-side assert triggered
Search for `cudaErrorAssert' in https://docs.nvidia.com/cuda/cuda-runtime-api/group__CUDART__TYPES.html for more information.
CUDA kernel errors might be async"
cifar10n_unprojected__c10n_random3__irgr_derpp__seed3,cifar10n_unprojected,cifar10n_unprojected,irgr_derpp,resnet18,cifar10n:random3,realistic,3,python scripts/run_nn_submission.py --datasets cifar10n_unprojected --conditions c10n_random3 --methods irgr_derpp --seeds 3,,failed,2026-07-05 12:33:49,2026-07-05 12:33:49,"CUDA error: device-side assert triggered
Search for `cudaErrorAssert' in https://docs.nvidia.com/cuda/cuda-runtime-api/group__CUDART__TYPES.html for more information.
CUDA kernel errors might be async"
cifar10n_unprojected__c10n_random3__irgr_derpp__seed4,cifar10n_unprojected,cifar10n_unprojected,irgr_derpp,resnet18,cifar10n:random3,realistic,4,python scripts/run_nn_submission.py --datasets cifar10n_unprojected --conditions c10n_random3 --methods irgr_derpp --seeds 4,,failed,2026-07-05 12:33:49,2026-07-05 12:33:49,"CUDA error: device-side assert triggered
Search for `cudaErrorAssert' in https://docs.nvidia.com/cuda/cuda-runtime-api/group__CUDART__TYPES.html for more information.
CUDA kernel errors might be async"
cifar10n_unprojected__c10n_random3__oracle__seed0,cifar10n_unprojected,cifar10n_unprojected,oracle,resnet18,cifar10n:random3,realistic,0,python scripts/run_nn_submission.py --datasets cifar10n_unprojected --conditions c10n_random3 --methods oracle --seeds 0,,failed,2026-07-05 12:33:49,2026-07-05 12:33:49,"CUDA error: device-side assert triggered
Search for `cudaErrorAssert' in https://docs.nvidia.com/cuda/cuda-runtime-api/group__CUDART__TYPES.html for more information.
CUDA kernel errors might be async"
cifar10n_unprojected__c10n_random3__oracle__seed1,cifar10n_unprojected,cifar10n_unprojected,oracle,resnet18,cifar10n:random3,realistic,1,python scripts/run_nn_submission.py --datasets cifar10n_unprojected --conditions c10n_random3 --methods oracle --seeds 1,,failed,2026-07-05 12:33:49,2026-07-05 12:33:49,"CUDA error: device-side assert triggered
Search for `cudaErrorAssert' in https://docs.nvidia.com/cuda/cuda-runtime-api/group__CUDART__TYPES.html for more information.
CUDA kernel errors might be async"
cifar10n_unprojected__c10n_random3__oracle__seed2,cifar10n_unprojected,cifar10n_unprojected,oracle,resnet18,cifar10n:random3,realistic,2,python scripts/run_nn_submission.py --datasets cifar10n_unprojected --conditions c10n_random3 --methods oracle --seeds 2,,failed,2026-07-05 12:33:49,2026-07-05 12:33:49,"CUDA error: device-side assert triggered
Search for `cudaErrorAssert' in https://docs.nvidia.com/cuda/cuda-runtime-api/group__CUDART__TYPES.html for more information.
CUDA kernel errors might be async"
cifar10n_unprojected__c10n_random3__oracle__seed3,cifar10n_unprojected,cifar10n_unprojected,oracle,resnet18,cifar10n:random3,realistic,3,python scripts/run_nn_submission.py --datasets cifar10n_unprojected --conditions c10n_random3 --methods oracle --seeds 3,,failed,2026-07-05 12:33:49,2026-07-05 12:33:49,"CUDA error: device-side assert triggered
Search for `cudaErrorAssert' in https://docs.nvidia.com/cuda/cuda-runtime-api/group__CUDART__TYPES.html for more information.
CUDA kernel errors might be async"
cifar10n_unprojected__c10n_random3__oracle__seed4,cifar10n_unprojected,cifar10n_unprojected,oracle,resnet18,cifar10n:random3,realistic,4,python scripts/run_nn_submission.py --datasets cifar10n_unprojected --conditions c10n_random3 --methods oracle --seeds 4,,failed,2026-07-05 12:33:49,2026-07-05 12:33:49,"CUDA error: device-side assert triggered
Search for `cudaErrorAssert' in https://docs.nvidia.com/cuda/cuda-runtime-api/group__CUDART__TYPES.html for more information.
CUDA kernel errors might be async"
split_cifar10__clean__er__seed0,split_cifar10,split_cifar10,er,resnet18,symmetric,0.0,0,python scripts/run_nn_submission.py --datasets split_cifar10 --conditions clean --methods er --seeds 0,results\neural_networks_submission\configs\split_cifar10__clean__er__seed0.json,done,2026-07-05 12:35:11,2026-07-05 12:36:46,"acc=[0.8515, 0.7295, 0.742, 0.8675, 0.9035]"
split_cifar10__clean__er__seed1,split_cifar10,split_cifar10,er,resnet18,symmetric,0.0,1,python scripts/run_nn_submission.py --datasets split_cifar10 --conditions clean --methods er --seeds 1,results\neural_networks_submission\configs\split_cifar10__clean__er__seed1.json,done,2026-07-05 12:36:46,2026-07-05 12:38:20,"acc=[0.8835, 0.6795, 0.8025, 0.844, 0.9075]"
split_cifar10__clean__er__seed2,split_cifar10,split_cifar10,er,resnet18,symmetric,0.0,2,python scripts/run_nn_submission.py --datasets split_cifar10 --conditions clean --methods er --seeds 2,results\neural_networks_submission\configs\split_cifar10__clean__er__seed2.json,done,2026-07-05 12:38:20,2026-07-05 12:39:58,"acc=[0.8725, 0.725, 0.7355, 0.83, 0.9185]"
split_cifar10__clean__er__seed3,split_cifar10,split_cifar10,er,resnet18,symmetric,0.0,3,python scripts/run_nn_submission.py --datasets split_cifar10 --conditions clean --methods er --seeds 3,results\neural_networks_submission\configs\split_cifar10__clean__er__seed3.json,done,2026-07-05 12:39:58,2026-07-05 12:41:39,"acc=[0.8795, 0.6685, 0.7485, 0.8455, 0.9175]"
split_cifar10__clean__er__seed4,split_cifar10,split_cifar10,er,resnet18,symmetric,0.0,4,python scripts/run_nn_submission.py --datasets split_cifar10 --conditions clean --methods er --seeds 4,results\neural_networks_submission\configs\split_cifar10__clean__er__seed4.json,done,2026-07-05 12:41:39,2026-07-05 12:43:20,"acc=[0.876, 0.681, 0.734, 0.871, 0.9105]"
split_cifar10__clean__derpp__seed0,split_cifar10,split_cifar10,derpp,resnet18,symmetric,0.0,0,python scripts/run_nn_submission.py --datasets split_cifar10 --conditions clean --methods derpp --seeds 0,results\neural_networks_submission\configs\split_cifar10__clean__derpp__seed0.json,done,2026-07-05 12:43:20,2026-07-05 12:45:12,"acc=[0.8395, 0.7005, 0.777, 0.8845, 0.9075]"
split_cifar10__clean__derpp__seed1,split_cifar10,split_cifar10,derpp,resnet18,symmetric,0.0,1,python scripts/run_nn_submission.py --datasets split_cifar10 --conditions clean --methods derpp --seeds 1,results\neural_networks_submission\configs\split_cifar10__clean__derpp__seed1.json,done,2026-07-05 12:45:12,2026-07-05 12:47:05,"acc=[0.8425, 0.683, 0.7575, 0.8365, 0.853]"
split_cifar10__clean__derpp__seed2,split_cifar10,split_cifar10,derpp,resnet18,symmetric,0.0,2,python scripts/run_nn_submission.py --datasets split_cifar10 --conditions clean --methods derpp --seeds 2,results\neural_networks_submission\configs\split_cifar10__clean__derpp__seed2.json,done,2026-07-05 12:47:05,2026-07-05 12:48:56,"acc=[0.8, 0.677, 0.671, 0.8955, 0.896]"
split_cifar10__clean__derpp__seed3,split_cifar10,split_cifar10,derpp,resnet18,symmetric,0.0,3,python scripts/run_nn_submission.py --datasets split_cifar10 --conditions clean --methods derpp --seeds 3,results\neural_networks_submission\configs\split_cifar10__clean__derpp__seed3.json,done,2026-07-05 12:48:56,2026-07-05 12:50:48,"acc=[0.8125, 0.679, 0.7535, 0.882, 0.9035]"
split_cifar10__clean__derpp__seed4,split_cifar10,split_cifar10,derpp,resnet18,symmetric,0.0,4,python scripts/run_nn_submission.py --datasets split_cifar10 --conditions clean --methods derpp --seeds 4,results\neural_networks_submission\configs\split_cifar10__clean__derpp__seed4.json,done,2026-07-05 12:50:48,2026-07-05 12:52:39,"acc=[0.8695, 0.687, 0.8, 0.889, 0.904]"
split_cifar10__clean__er_ace__seed0,split_cifar10,split_cifar10,er_ace,resnet18,symmetric,0.0,0,python scripts/run_nn_submission.py --datasets split_cifar10 --conditions clean --methods er_ace --seeds 0,results\neural_networks_submission\configs\split_cifar10__clean__er_ace__seed0.json,done,2026-07-05 12:52:39,2026-07-05 12:54:18,"acc=[0.8515, 0.7295, 0.742, 0.8675, 0.9035]"
split_cifar10__clean__er_ace__seed1,split_cifar10,split_cifar10,er_ace,resnet18,symmetric,0.0,1,python scripts/run_nn_submission.py --datasets split_cifar10 --conditions clean --methods er_ace --seeds 1,results\neural_networks_submission\configs\split_cifar10__clean__er_ace__seed1.json,done,2026-07-05 12:54:18,2026-07-05 12:56:06,"acc=[0.828, 0.7065, 0.7585, 0.8535, 0.9175]"
split_cifar10__clean__er_ace__seed2,split_cifar10,split_cifar10,er_ace,resnet18,symmetric,0.0,2,python scripts/run_nn_submission.py --datasets split_cifar10 --conditions clean --methods er_ace --seeds 2,results\neural_networks_submission\configs\split_cifar10__clean__er_ace__seed2.json,done,2026-07-05 12:56:06,2026-07-05 12:57:55,"acc=[0.8775, 0.7235, 0.7865, 0.8795, 0.9015]"
split_cifar10__clean__er_ace__seed3,split_cifar10,split_cifar10,er_ace,resnet18,symmetric,0.0,3,python scripts/run_nn_submission.py --datasets split_cifar10 --conditions clean --methods er_ace --seeds 3,results\neural_networks_submission\configs\split_cifar10__clean__er_ace__seed3.json,done,2026-07-05 12:57:55,2026-07-05 12:59:33,"acc=[0.8765, 0.629, 0.782, 0.8785, 0.9085]"
split_cifar10__clean__er_ace__seed4,split_cifar10,split_cifar10,er_ace,resnet18,symmetric,0.0,4,python scripts/run_nn_submission.py --datasets split_cifar10 --conditions clean --methods er_ace --seeds 4,results\neural_networks_submission\configs\split_cifar10__clean__er_ace__seed4.json,done,2026-07-05 12:59:33,2026-07-05 13:01:06,"acc=[0.8765, 0.719, 0.7375, 0.8905, 0.9045]"
split_cifar10__clean__irgr__seed0,split_cifar10,split_cifar10,irgr,resnet18,symmetric,0.0,0,python scripts/run_nn_submission.py --datasets split_cifar10 --conditions clean --methods irgr --seeds 0,results\neural_networks_submission\configs\split_cifar10__clean__irgr__seed0.json,done,2026-07-05 13:01:06,2026-07-05 13:03:34,"acc=[0.7735, 0.5465, 0.662, 0.567, 0.8945]"
split_cifar10__clean__irgr__seed1,split_cifar10,split_cifar10,irgr,resnet18,symmetric,0.0,1,python scripts/run_nn_submission.py --datasets split_cifar10 --conditions clean --methods irgr --seeds 1,results\neural_networks_submission\configs\split_cifar10__clean__irgr__seed1.json,done,2026-07-05 13:03:34,2026-07-05 13:06:03,"acc=[0.764, 0.71, 0.748, 0.6865, 0.907]"
split_cifar10__clean__irgr__seed2,split_cifar10,split_cifar10,irgr,resnet18,symmetric,0.0,2,python scripts/run_nn_submission.py --datasets split_cifar10 --conditions clean --methods irgr --seeds 2,results\neural_networks_submission\configs\split_cifar10__clean__irgr__seed2.json,done,2026-07-05 13:06:03,2026-07-05 13:08:45,"acc=[0.7045, 0.6975, 0.742, 0.8205, 0.9065]"
split_cifar10__clean__irgr__seed3,split_cifar10,split_cifar10,irgr,resnet18,symmetric,0.0,3,python scripts/run_nn_submission.py --datasets split_cifar10 --conditions clean --methods irgr --seeds 3,results\neural_networks_submission\configs\split_cifar10__clean__irgr__seed3.json,done,2026-07-05 13:08:45,2026-07-05 13:11:28,"acc=[0.5335, 0.6705, 0.7425, 0.85, 0.9025]"
split_cifar10__clean__irgr__seed4,split_cifar10,split_cifar10,irgr,resnet18,symmetric,0.0,4,python scripts/run_nn_submission.py --datasets split_cifar10 --conditions clean --methods irgr --seeds 4,results\neural_networks_submission\configs\split_cifar10__clean__irgr__seed4.json,done,2026-07-05 13:11:28,2026-07-05 13:14:08,"acc=[0.686, 0.736, 0.756, 0.8035, 0.914]"
split_cifar10__clean__irgr_derpp__seed0,split_cifar10,split_cifar10,irgr_derpp,resnet18,symmetric,0.0,0,python scripts/run_nn_submission.py --datasets split_cifar10 --conditions clean --methods irgr_derpp --seeds 0,results\neural_networks_submission\configs\split_cifar10__clean__irgr_derpp__seed0.json,done,2026-07-05 13:14:08,2026-07-05 13:16:52,"acc=[0.448, 0.5, 0.5275, 0.497, 0.5215]"
split_cifar10__clean__irgr_derpp__seed1,split_cifar10,split_cifar10,irgr_derpp,resnet18,symmetric,0.0,1,python scripts/run_nn_submission.py --datasets split_cifar10 --conditions clean --methods irgr_derpp --seeds 1,results\neural_networks_submission\configs\split_cifar10__clean__irgr_derpp__seed1.json,done,2026-07-05 13:16:52,2026-07-05 13:19:35,"acc=[0.5045, 0.591, 0.559, 0.608, 0.7475]"
split_cifar10__clean__irgr_derpp__seed2,split_cifar10,split_cifar10,irgr_derpp,resnet18,symmetric,0.0,2,python scripts/run_nn_submission.py --datasets split_cifar10 --conditions clean --methods irgr_derpp --seeds 2,results\neural_networks_submission\configs\split_cifar10__clean__irgr_derpp__seed2.json,done,2026-07-05 13:19:35,2026-07-05 13:22:21,"acc=[0.708, 0.5335, 0.6285, 0.7195, 0.845]"
split_cifar10__clean__irgr_derpp__seed3,split_cifar10,split_cifar10,irgr_derpp,resnet18,symmetric,0.0,3,python scripts/run_nn_submission.py --datasets split_cifar10 --conditions clean --methods irgr_derpp --seeds 3,results\neural_networks_submission\configs\split_cifar10__clean__irgr_derpp__seed3.json,done,2026-07-05 13:22:21,2026-07-05 13:25:08,"acc=[0.7025, 0.548, 0.5615, 0.6285, 0.843]"
split_cifar10__clean__irgr_derpp__seed4,split_cifar10,split_cifar10,irgr_derpp,resnet18,symmetric,0.0,4,python scripts/run_nn_submission.py --datasets split_cifar10 --conditions clean --methods irgr_derpp --seeds 4,results\neural_networks_submission\configs\split_cifar10__clean__irgr_derpp__seed4.json,done,2026-07-05 13:25:08,2026-07-05 13:29:48,"acc=[0.5955, 0.5005, 0.686, 0.585, 0.8505]"
split_cifar10__clean__oracle__seed0,split_cifar10,split_cifar10,oracle,resnet18,symmetric,0.0,0,python scripts/run_nn_submission.py --datasets split_cifar10 --conditions clean --methods oracle --seeds 0,results\neural_networks_submission\configs\split_cifar10__clean__oracle__seed0.json,done,2026-07-05 13:29:48,2026-07-05 13:34:02,"acc=[0.8515, 0.7295, 0.742, 0.8675, 0.9035]"
split_cifar10__clean__oracle__seed1,split_cifar10,split_cifar10,oracle,resnet18,symmetric,0.0,1,python scripts/run_nn_submission.py --datasets split_cifar10 --conditions clean --methods oracle --seeds 1,results\neural_networks_submission\configs\split_cifar10__clean__oracle__seed1.json,done,2026-07-05 13:34:02,2026-07-05 13:38:14,"acc=[0.828, 0.7065, 0.7585, 0.8535, 0.9175]"
split_cifar10__clean__oracle__seed2,split_cifar10,split_cifar10,oracle,resnet18,symmetric,0.0,2,python scripts/run_nn_submission.py --datasets split_cifar10 --conditions clean --methods oracle --seeds 2,results\neural_networks_submission\configs\split_cifar10__clean__oracle__seed2.json,done,2026-07-05 13:38:14,2026-07-05 13:42:53,"acc=[0.8775, 0.7235, 0.7865, 0.8795, 0.9015]"
split_cifar10__clean__oracle__seed3,split_cifar10,split_cifar10,oracle,resnet18,symmetric,0.0,3,python scripts/run_nn_submission.py --datasets split_cifar10 --conditions clean --methods oracle --seeds 3,results\neural_networks_submission\configs\split_cifar10__clean__oracle__seed3.json,done,2026-07-05 13:42:53,2026-07-05 13:47:36,"acc=[0.8765, 0.629, 0.782, 0.8785, 0.9085]"
split_cifar10__clean__oracle__seed4,split_cifar10,split_cifar10,oracle,resnet18,symmetric,0.0,4,python scripts/run_nn_submission.py --datasets split_cifar10 --conditions clean --methods oracle --seeds 4,results\neural_networks_submission\configs\split_cifar10__clean__oracle__seed4.json,done,2026-07-05 13:47:36,2026-07-05 13:51:48,"acc=[0.8765, 0.719, 0.7375, 0.8905, 0.9045]"
split_cifar10__sym40__er__seed0,split_cifar10,split_cifar10,er,resnet18,symmetric,0.4,0,python scripts/run_nn_submission.py --datasets split_cifar10 --conditions sym40 --methods er --seeds 0,results\neural_networks_submission\configs\split_cifar10__sym40__er__seed0.json,done,2026-07-05 13:51:48,2026-07-05 13:56:37,"acc=[0.52, 0.523, 0.5035, 0.5395, 0.564]"
split_cifar10__sym40__er__seed1,split_cifar10,split_cifar10,er,resnet18,symmetric,0.4,1,python scripts/run_nn_submission.py --datasets split_cifar10 --conditions sym40 --methods er --seeds 1,results\neural_networks_submission\configs\split_cifar10__sym40__er__seed1.json,done,2026-07-05 13:56:37,2026-07-05 14:01:14,"acc=[0.4795, 0.5835, 0.5, 0.587, 0.5465]"
split_cifar10__sym40__er__seed2,split_cifar10,split_cifar10,er,resnet18,symmetric,0.4,2,python scripts/run_nn_submission.py --datasets split_cifar10 --conditions sym40 --methods er --seeds 2,results\neural_networks_submission\configs\split_cifar10__sym40__er__seed2.json,done,2026-07-05 14:01:14,2026-07-05 14:05:29,"acc=[0.5425, 0.4515, 0.5505, 0.529, 0.6335]"
split_cifar10__sym40__er__seed3,split_cifar10,split_cifar10,er,resnet18,symmetric,0.4,3,python scripts/run_nn_submission.py --datasets split_cifar10 --conditions sym40 --methods er --seeds 3,results\neural_networks_submission\configs\split_cifar10__sym40__er__seed3.json,done,2026-07-05 14:05:29,2026-07-05 14:09:53,"acc=[0.518, 0.51, 0.5555, 0.555, 0.624]"
split_cifar10__sym40__er__seed4,split_cifar10,split_cifar10,er,resnet18,symmetric,0.4,4,python scripts/run_nn_submission.py --datasets split_cifar10 --conditions sym40 --methods er --seeds 4,results\neural_networks_submission\configs\split_cifar10__sym40__er__seed4.json,done,2026-07-05 14:09:53,2026-07-05 14:14:49,"acc=[0.5775, 0.536, 0.496, 0.4955, 0.62]"
split_cifar10__sym40__derpp__seed0,split_cifar10,split_cifar10,derpp,resnet18,symmetric,0.4,0,python scripts/run_nn_submission.py --datasets split_cifar10 --conditions sym40 --methods derpp --seeds 0,results\neural_networks_submission\configs\split_cifar10__sym40__derpp__seed0.json,done,2026-07-05 14:14:49,2026-07-05 14:19:52,"acc=[0.5225, 0.5735, 0.549, 0.5435, 0.604]"
split_cifar10__sym40__derpp__seed1,split_cifar10,split_cifar10,derpp,resnet18,symmetric,0.4,1,python scripts/run_nn_submission.py --datasets split_cifar10 --conditions sym40 --methods derpp --seeds 1,results\neural_networks_submission\configs\split_cifar10__sym40__derpp__seed1.json,done,2026-07-05 14:19:52,2026-07-05 14:24:59,"acc=[0.5425, 0.58, 0.542, 0.5875, 0.553]"
split_cifar10__sym40__derpp__seed2,split_cifar10,split_cifar10,derpp,resnet18,symmetric,0.4,2,python scripts/run_nn_submission.py --datasets split_cifar10 --conditions sym40 --methods derpp --seeds 2,results\neural_networks_submission\configs\split_cifar10__sym40__derpp__seed2.json,done,2026-07-05 14:24:59,2026-07-05 14:30:46,"acc=[0.547, 0.5475, 0.565, 0.5435, 0.504]"
split_cifar10__sym40__derpp__seed3,split_cifar10,split_cifar10,derpp,resnet18,symmetric,0.4,3,python scripts/run_nn_submission.py --datasets split_cifar10 --conditions sym40 --methods derpp --seeds 3,results\neural_networks_submission\configs\split_cifar10__sym40__derpp__seed3.json,done,2026-07-05 14:30:46,2026-07-05 14:35:52,"acc=[0.514, 0.5435, 0.5915, 0.5435, 0.6185]"
split_cifar10__sym40__derpp__seed4,split_cifar10,split_cifar10,derpp,resnet18,symmetric,0.4,4,python scripts/run_nn_submission.py --datasets split_cifar10 --conditions sym40 --methods derpp --seeds 4,results\neural_networks_submission\configs\split_cifar10__sym40__derpp__seed4.json,done,2026-07-05 14:35:52,2026-07-05 14:41:20,"acc=[0.5615, 0.532, 0.5035, 0.567, 0.5925]"
split_cifar10__sym40__er_ace__seed0,split_cifar10,split_cifar10,er_ace,resnet18,symmetric,0.4,0,python scripts/run_nn_submission.py --datasets split_cifar10 --conditions sym40 --methods er_ace --seeds 0,results\neural_networks_submission\configs\split_cifar10__sym40__er_ace__seed0.json,done,2026-07-05 14:41:20,2026-07-05 14:46:06,"acc=[0.52, 0.523, 0.5035, 0.5395, 0.564]"
split_cifar10__sym40__er_ace__seed1,split_cifar10,split_cifar10,er_ace,resnet18,symmetric,0.4,1,python scripts/run_nn_submission.py --datasets split_cifar10 --conditions sym40 --methods er_ace --seeds 1,results\neural_networks_submission\configs\split_cifar10__sym40__er_ace__seed1.json,done,2026-07-05 14:46:06,2026-07-05 14:50:18,"acc=[0.494, 0.519, 0.499, 0.518, 0.512]"
split_cifar10__sym40__er_ace__seed2,split_cifar10,split_cifar10,er_ace,resnet18,symmetric,0.4,2,python scripts/run_nn_submission.py --datasets split_cifar10 --conditions sym40 --methods er_ace --seeds 2,results\neural_networks_submission\configs\split_cifar10__sym40__er_ace__seed2.json,done,2026-07-05 14:50:18,2026-07-05 14:55:04,"acc=[0.607, 0.552, 0.476, 0.5645, 0.5355]"
split_cifar10__sym40__er_ace__seed3,split_cifar10,split_cifar10,er_ace,resnet18,symmetric,0.4,3,python scripts/run_nn_submission.py --datasets split_cifar10 --conditions sym40 --methods er_ace --seeds 3,results\neural_networks_submission\configs\split_cifar10__sym40__er_ace__seed3.json,done,2026-07-05 14:55:04,2026-07-05 19:24:57,"acc=[0.605, 0.5145, 0.5395, 0.562, 0.5755]"
split_cifar10__sym40__er_ace__seed4,split_cifar10,split_cifar10,er_ace,resnet18,symmetric,0.4,4,python scripts/run_nn_submission.py --datasets split_cifar10 --conditions sym40 --methods er_ace --seeds 4,results\neural_networks_submission\configs\split_cifar10__sym40__er_ace__seed4.json,done,2026-07-05 19:24:57,2026-07-05 19:27:36,"acc=[0.534, 0.5255, 0.559, 0.5295, 0.651]"
split_cifar10__clean__gate_loss__seed0,split_cifar10,split_cifar10,gate_loss,resnet18,symmetric,0.0,0,python scripts/run_nn_submission.py --datasets split_cifar10 --conditions clean --methods gate_loss --seeds 0,results\neural_networks_submission\configs\split_cifar10__clean__gate_loss__seed0.json,done,2026-07-05 19:33:23,2026-07-05 19:37:21,"acc=[0.87, 0.6895, 0.73, 0.851, 0.924]"
split_cifar10__clean__gate_loss__seed1,split_cifar10,split_cifar10,gate_loss,resnet18,symmetric,0.0,1,python scripts/run_nn_submission.py --datasets split_cifar10 --conditions clean --methods gate_loss --seeds 1,results\neural_networks_submission\configs\split_cifar10__clean__gate_loss__seed1.json,done,2026-07-05 19:37:21,2026-07-05 19:40:27,"acc=[0.862, 0.6595, 0.7685, 0.882, 0.896]"
split_cifar10__clean__gate_loss__seed2,split_cifar10,split_cifar10,gate_loss,resnet18,symmetric,0.0,2,python scripts/run_nn_submission.py --datasets split_cifar10 --conditions clean --methods gate_loss --seeds 2,results\neural_networks_submission\configs\split_cifar10__clean__gate_loss__seed2.json,done,2026-07-05 19:40:27,2026-07-05 19:43:35,"acc=[0.8675, 0.733, 0.796, 0.858, 0.9145]"
split_cifar10__clean__gate_conf__seed0,split_cifar10,split_cifar10,gate_conf,resnet18,symmetric,0.0,0,python scripts/run_nn_submission.py --datasets split_cifar10 --conditions clean --methods gate_conf --seeds 0,results\neural_networks_submission\configs\split_cifar10__clean__gate_conf__seed0.json,done,2026-07-05 19:43:35,2026-07-05 19:46:43,"acc=[0.863, 0.687, 0.701, 0.8595, 0.9275]"
split_cifar10__clean__gate_conf__seed1,split_cifar10,split_cifar10,gate_conf,resnet18,symmetric,0.0,1,python scripts/run_nn_submission.py --datasets split_cifar10 --conditions clean --methods gate_conf --seeds 1,results\neural_networks_submission\configs\split_cifar10__clean__gate_conf__seed1.json,done,2026-07-05 19:46:43,2026-07-05 19:49:48,"acc=[0.832, 0.7155, 0.7485, 0.86, 0.9265]"
split_cifar10__clean__gate_conf__seed2,split_cifar10,split_cifar10,gate_conf,resnet18,symmetric,0.0,2,python scripts/run_nn_submission.py --datasets split_cifar10 --conditions clean --methods gate_conf --seeds 2,results\neural_networks_submission\configs\split_cifar10__clean__gate_conf__seed2.json,done,2026-07-05 19:49:48,2026-07-05 19:52:50,"acc=[0.869, 0.7045, 0.766, 0.883, 0.917]"
split_cifar10__clean__irgr__seed0,split_cifar10,split_cifar10,irgr,resnet18,symmetric,0.0,0,python scripts/run_nn_submission.py --datasets split_cifar10 --conditions clean --methods irgr --seeds 0,results\neural_networks_submission\configs\split_cifar10__clean__irgr__seed0.json,done,2026-07-05 19:52:50,2026-07-05 19:56:37,"acc=[0.857, 0.709, 0.781, 0.8755, 0.891]"
split_cifar10__clean__irgr__seed1,split_cifar10,split_cifar10,irgr,resnet18,symmetric,0.0,1,python scripts/run_nn_submission.py --datasets split_cifar10 --conditions clean --methods irgr --seeds 1,results\neural_networks_submission\configs\split_cifar10__clean__irgr__seed1.json,done,2026-07-05 19:56:37,2026-07-05 20:00:20,"acc=[0.859, 0.719, 0.7735, 0.751, 0.9205]"
split_cifar10__clean__irgr__seed2,split_cifar10,split_cifar10,irgr,resnet18,symmetric,0.0,2,python scripts/run_nn_submission.py --datasets split_cifar10 --conditions clean --methods irgr --seeds 2,results\neural_networks_submission\configs\split_cifar10__clean__irgr__seed2.json,done,2026-07-05 20:00:20,2026-07-05 20:07:22,"acc=[0.8705, 0.702, 0.7815, 0.8775, 0.9165]"
split_cifar10__clean__irgr__seed0,split_cifar10,split_cifar10,irgr,resnet18,symmetric,0.0,0,python scripts/run_nn_submission.py --datasets split_cifar10 --conditions clean --methods irgr --seeds 0,results\neural_networks_submission\configs\split_cifar10__clean__irgr__seed0.json,done,2026-07-05 20:13:52,2026-07-05 20:16:13,"acc=[0.8445, 0.7115, 0.738, 0.817, 0.902]"
split_cifar10__clean__irgr__seed1,split_cifar10,split_cifar10,irgr,resnet18,symmetric,0.0,1,python scripts/run_nn_submission.py --datasets split_cifar10 --conditions clean --methods irgr --seeds 1,results\neural_networks_submission\configs\split_cifar10__clean__irgr__seed1.json,done,2026-07-05 20:16:13,2026-07-05 20:18:42,"acc=[0.8695, 0.5225, 0.756, 0.7455, 0.9105]"
split_cifar10__clean__irgr__seed2,split_cifar10,split_cifar10,irgr,resnet18,symmetric,0.0,2,python scripts/run_nn_submission.py --datasets split_cifar10 --conditions clean --methods irgr --seeds 2,results\neural_networks_submission\configs\split_cifar10__clean__irgr__seed2.json,done,2026-07-05 20:18:42,2026-07-05 20:21:10,"acc=[0.8715, 0.6565, 0.7355, 0.739, 0.928]"
split_cifar10__clean__irgr_derpp__seed0,split_cifar10,split_cifar10,irgr_derpp,resnet18,symmetric,0.0,0,python scripts/run_nn_submission.py --datasets split_cifar10 --conditions clean --methods irgr_derpp --seeds 0,results\neural_networks_submission\configs\split_cifar10__clean__irgr_derpp__seed0.json,done,2026-07-05 20:21:10,2026-07-05 20:23:36,"acc=[0.5, 0.5, 0.6185, 0.571, 0.593]"
split_cifar10__clean__irgr_derpp__seed1,split_cifar10,split_cifar10,irgr_derpp,resnet18,symmetric,0.0,1,python scripts/run_nn_submission.py --datasets split_cifar10 --conditions clean --methods irgr_derpp --seeds 1,results\neural_networks_submission\configs\split_cifar10__clean__irgr_derpp__seed1.json,done,2026-07-05 20:23:36,2026-07-05 20:26:07,"acc=[0.509, 0.5025, 0.6925, 0.642, 0.741]"
split_cifar10__clean__irgr_derpp__seed2,split_cifar10,split_cifar10,irgr_derpp,resnet18,symmetric,0.0,2,python scripts/run_nn_submission.py --datasets split_cifar10 --conditions clean --methods irgr_derpp --seeds 2,results\neural_networks_submission\configs\split_cifar10__clean__irgr_derpp__seed2.json,done,2026-07-05 20:26:07,2026-07-05 20:28:38,"acc=[0.5685, 0.651, 0.766, 0.5455, 0.817]"
split_cifar10__clean__irgr_er_ace__seed0,split_cifar10,split_cifar10,irgr_er_ace,resnet18,symmetric,0.0,0,python scripts/run_nn_submission.py --datasets split_cifar10 --conditions clean --methods irgr_er_ace --seeds 0,results\neural_networks_submission\configs\split_cifar10__clean__irgr_er_ace__seed0.json,done,2026-07-05 20:28:38,2026-07-05 20:31:07,"acc=[0.8445, 0.7115, 0.738, 0.817, 0.902]"
split_cifar10__clean__irgr_er_ace__seed1,split_cifar10,split_cifar10,irgr_er_ace,resnet18,symmetric,0.0,1,python scripts/run_nn_submission.py --datasets split_cifar10 --conditions clean --methods irgr_er_ace --seeds 1,results\neural_networks_submission\configs\split_cifar10__clean__irgr_er_ace__seed1.json,done,2026-07-05 20:31:07,2026-07-05 20:33:32,"acc=[0.8695, 0.5225, 0.756, 0.7455, 0.9105]"
split_cifar10__clean__irgr_er_ace__seed2,split_cifar10,split_cifar10,irgr_er_ace,resnet18,symmetric,0.0,2,python scripts/run_nn_submission.py --datasets split_cifar10 --conditions clean --methods irgr_er_ace --seeds 2,results\neural_networks_submission\configs\split_cifar10__clean__irgr_er_ace__seed2.json,done,2026-07-05 20:33:32,2026-07-05 20:36:00,"acc=[0.8715, 0.6565, 0.7355, 0.739, 0.928]"
split_cifar10__sym20__er__seed0,split_cifar10,split_cifar10,er,resnet18,symmetric,0.2,0,python scripts/run_nn_submission.py --datasets split_cifar10 --conditions sym20 --methods er --seeds 0,results\neural_networks_submission\configs\split_cifar10__sym20__er__seed0.json,done,2026-07-05 20:36:07,2026-07-05 20:37:50,"acc=[0.638, 0.6065, 0.546, 0.6315, 0.711]"
split_cifar10__sym20__er__seed1,split_cifar10,split_cifar10,er,resnet18,symmetric,0.2,1,python scripts/run_nn_submission.py --datasets split_cifar10 --conditions sym20 --methods er --seeds 1,results\neural_networks_submission\configs\split_cifar10__sym20__er__seed1.json,done,2026-07-05 20:37:50,2026-07-05 20:39:30,"acc=[0.703, 0.6275, 0.5825, 0.699, 0.7755]"
split_cifar10__sym20__er__seed2,split_cifar10,split_cifar10,er,resnet18,symmetric,0.2,2,python scripts/run_nn_submission.py --datasets split_cifar10 --conditions sym20 --methods er --seeds 2,results\neural_networks_submission\configs\split_cifar10__sym20__er__seed2.json,done,2026-07-05 20:39:30,2026-07-05 20:41:08,"acc=[0.6615, 0.5955, 0.6245, 0.7155, 0.6665]"
split_cifar10__sym20__derpp__seed0,split_cifar10,split_cifar10,derpp,resnet18,symmetric,0.2,0,python scripts/run_nn_submission.py --datasets split_cifar10 --conditions sym20 --methods derpp --seeds 0,results\neural_networks_submission\configs\split_cifar10__sym20__derpp__seed0.json,done,2026-07-05 20:41:08,2026-07-05 20:42:58,"acc=[0.644, 0.639, 0.7365, 0.7895, 0.7285]"
split_cifar10__sym20__derpp__seed1,split_cifar10,split_cifar10,derpp,resnet18,symmetric,0.2,1,python scripts/run_nn_submission.py --datasets split_cifar10 --conditions sym20 --methods derpp --seeds 1,results\neural_networks_submission\configs\split_cifar10__sym20__derpp__seed1.json,done,2026-07-05 20:42:58,2026-07-05 20:44:48,"acc=[0.742, 0.654, 0.676, 0.6585, 0.79]"
split_cifar10__sym20__derpp__seed2,split_cifar10,split_cifar10,derpp,resnet18,symmetric,0.2,2,python scripts/run_nn_submission.py --datasets split_cifar10 --conditions sym20 --methods derpp --seeds 2,results\neural_networks_submission\configs\split_cifar10__sym20__derpp__seed2.json,done,2026-07-05 20:44:48,2026-07-05 20:46:37,"acc=[0.736, 0.6265, 0.6065, 0.7255, 0.75]"
split_cifar10__sym20__er_ace__seed0,split_cifar10,split_cifar10,er_ace,resnet18,symmetric,0.2,0,python scripts/run_nn_submission.py --datasets split_cifar10 --conditions sym20 --methods er_ace --seeds 0,results\neural_networks_submission\configs\split_cifar10__sym20__er_ace__seed0.json,done,2026-07-05 20:46:37,2026-07-05 20:48:12,"acc=[0.638, 0.6065, 0.546, 0.6315, 0.711]"
split_cifar10__sym20__er_ace__seed1,split_cifar10,split_cifar10,er_ace,resnet18,symmetric,0.2,1,python scripts/run_nn_submission.py --datasets split_cifar10 --conditions sym20 --methods er_ace --seeds 1,results\neural_networks_submission\configs\split_cifar10__sym20__er_ace__seed1.json,done,2026-07-05 20:48:12,2026-07-05 20:49:42,"acc=[0.674, 0.6335, 0.6205, 0.726, 0.7245]"
split_cifar10__sym20__er_ace__seed2,split_cifar10,split_cifar10,er_ace,resnet18,symmetric,0.2,2,python scripts/run_nn_submission.py --datasets split_cifar10 --conditions sym20 --methods er_ace --seeds 2,results\neural_networks_submission\configs\split_cifar10__sym20__er_ace__seed2.json,done,2026-07-05 20:49:42,2026-07-05 20:51:17,"acc=[0.692, 0.6375, 0.591, 0.702, 0.696]"
split_cifar10__sym20__gate_loss__seed0,split_cifar10,split_cifar10,gate_loss,resnet18,symmetric,0.2,0,python scripts/run_nn_submission.py --datasets split_cifar10 --conditions sym20 --methods gate_loss --seeds 0,results\neural_networks_submission\configs\split_cifar10__sym20__gate_loss__seed0.json,done,2026-07-05 20:51:17,2026-07-05 20:53:02,"acc=[0.804, 0.649, 0.6915, 0.609, 0.7485]"
split_cifar10__sym20__gate_loss__seed1,split_cifar10,split_cifar10,gate_loss,resnet18,symmetric,0.2,1,python scripts/run_nn_submission.py --datasets split_cifar10 --conditions sym20 --methods gate_loss --seeds 1,results\neural_networks_submission\configs\split_cifar10__sym20__gate_loss__seed1.json,done,2026-07-05 20:53:02,2026-07-05 20:54:49,"acc=[0.833, 0.6335, 0.7095, 0.6875, 0.7995]"
split_cifar10__sym20__gate_loss__seed2,split_cifar10,split_cifar10,gate_loss,resnet18,symmetric,0.2,2,python scripts/run_nn_submission.py --datasets split_cifar10 --conditions sym20 --methods gate_loss --seeds 2,results\neural_networks_submission\configs\split_cifar10__sym20__gate_loss__seed2.json,done,2026-07-05 20:54:49,2026-07-05 20:56:38,"acc=[0.757, 0.626, 0.711, 0.6765, 0.6395]"
split_cifar10__sym20__gate_conf__seed0,split_cifar10,split_cifar10,gate_conf,resnet18,symmetric,0.2,0,python scripts/run_nn_submission.py --datasets split_cifar10 --conditions sym20 --methods gate_conf --seeds 0,results\neural_networks_submission\configs\split_cifar10__sym20__gate_conf__seed0.json,done,2026-07-05 20:56:38,2026-07-05 20:58:26,"acc=[0.76, 0.579, 0.645, 0.7485, 0.748]"
split_cifar10__sym20__gate_conf__seed1,split_cifar10,split_cifar10,gate_conf,resnet18,symmetric,0.2,1,python scripts/run_nn_submission.py --datasets split_cifar10 --conditions sym20 --methods gate_conf --seeds 1,results\neural_networks_submission\configs\split_cifar10__sym20__gate_conf__seed1.json,done,2026-07-05 20:58:26,2026-07-05 21:00:28,"acc=[0.565, 0.598, 0.646, 0.693, 0.7585]"
split_cifar10__sym20__gate_conf__seed2,split_cifar10,split_cifar10,gate_conf,resnet18,symmetric,0.2,2,python scripts/run_nn_submission.py --datasets split_cifar10 --conditions sym20 --methods gate_conf --seeds 2,results\neural_networks_submission\configs\split_cifar10__sym20__gate_conf__seed2.json,done,2026-07-05 21:00:28,2026-07-05 21:02:25,"acc=[0.767, 0.601, 0.613, 0.63, 0.7535]"
split_cifar10__sym20__irgr__seed0,split_cifar10,split_cifar10,irgr,resnet18,symmetric,0.2,0,python scripts/run_nn_submission.py --datasets split_cifar10 --conditions sym20 --methods irgr --seeds 0,results\neural_networks_submission\configs\split_cifar10__sym20__irgr__seed0.json,done,2026-07-05 21:02:25,2026-07-05 21:05:07,"acc=[0.7265, 0.557, 0.5475, 0.7835, 0.746]"
split_cifar10__sym20__irgr__seed1,split_cifar10,split_cifar10,irgr,resnet18,symmetric,0.2,1,python scripts/run_nn_submission.py --datasets split_cifar10 --conditions sym20 --methods irgr --seeds 1,results\neural_networks_submission\configs\split_cifar10__sym20__irgr__seed1.json,done,2026-07-05 21:05:07,2026-07-05 21:07:53,"acc=[0.6885, 0.508, 0.662, 0.7225, 0.7645]"
split_cifar10__sym20__irgr__seed2,split_cifar10,split_cifar10,irgr,resnet18,symmetric,0.2,2,python scripts/run_nn_submission.py --datasets split_cifar10 --conditions sym20 --methods irgr --seeds 2,results\neural_networks_submission\configs\split_cifar10__sym20__irgr__seed2.json,done,2026-07-05 21:07:53,2026-07-05 21:10:29,"acc=[0.7585, 0.5775, 0.7105, 0.582, 0.7215]"
split_cifar10__sym20__irgr_derpp__seed0,split_cifar10,split_cifar10,irgr_derpp,resnet18,symmetric,0.2,0,python scripts/run_nn_submission.py --datasets split_cifar10 --conditions sym20 --methods irgr_derpp --seeds 0,results\neural_networks_submission\configs\split_cifar10__sym20__irgr_derpp__seed0.json,done,2026-07-05 21:10:29,2026-07-05 21:13:05,"acc=[0.7415, 0.56, 0.641, 0.675, 0.7465]"
split_cifar10__sym20__irgr_derpp__seed1,split_cifar10,split_cifar10,irgr_derpp,resnet18,symmetric,0.2,1,python scripts/run_nn_submission.py --datasets split_cifar10 --conditions sym20 --methods irgr_derpp --seeds 1,results\neural_networks_submission\configs\split_cifar10__sym20__irgr_derpp__seed1.json,done,2026-07-05 21:13:05,2026-07-05 21:15:38,"acc=[0.7555, 0.4265, 0.6505, 0.5675, 0.694]"
split_cifar10__sym20__irgr_derpp__seed2,split_cifar10,split_cifar10,irgr_derpp,resnet18,symmetric,0.2,2,python scripts/run_nn_submission.py --datasets split_cifar10 --conditions sym20 --methods irgr_derpp --seeds 2,results\neural_networks_submission\configs\split_cifar10__sym20__irgr_derpp__seed2.json,done,2026-07-05 21:15:38,2026-07-05 21:18:10,"acc=[0.5, 0.455, 0.5, 0.507, 0.652]"
split_cifar10__sym20__irgr_er_ace__seed0,split_cifar10,split_cifar10,irgr_er_ace,resnet18,symmetric,0.2,0,python scripts/run_nn_submission.py --datasets split_cifar10 --conditions sym20 --methods irgr_er_ace --seeds 0,results\neural_networks_submission\configs\split_cifar10__sym20__irgr_er_ace__seed0.json,done,2026-07-05 21:18:10,2026-07-05 21:20:45,"acc=[0.7265, 0.557, 0.5475, 0.7835, 0.746]"
split_cifar10__sym20__irgr_er_ace__seed1,split_cifar10,split_cifar10,irgr_er_ace,resnet18,symmetric,0.2,1,python scripts/run_nn_submission.py --datasets split_cifar10 --conditions sym20 --methods irgr_er_ace --seeds 1,results\neural_networks_submission\configs\split_cifar10__sym20__irgr_er_ace__seed1.json,done,2026-07-05 21:20:45,2026-07-05 21:23:16,"acc=[0.6885, 0.508, 0.662, 0.7225, 0.7645]"
split_cifar10__sym20__irgr_er_ace__seed2,split_cifar10,split_cifar10,irgr_er_ace,resnet18,symmetric,0.2,2,python scripts/run_nn_submission.py --datasets split_cifar10 --conditions sym20 --methods irgr_er_ace --seeds 2,results\neural_networks_submission\configs\split_cifar10__sym20__irgr_er_ace__seed2.json,done,2026-07-05 21:23:16,2026-07-05 21:25:46,"acc=[0.7585, 0.5775, 0.7105, 0.582, 0.7215]"
split_cifar10__sym20__oracle__seed0,split_cifar10,split_cifar10,oracle,resnet18,symmetric,0.2,0,python scripts/run_nn_submission.py --datasets split_cifar10 --conditions sym20 --methods oracle --seeds 0,results\neural_networks_submission\configs\split_cifar10__sym20__oracle__seed0.json,done,2026-07-05 21:25:46,2026-07-05 21:27:30,"acc=[0.847, 0.644, 0.7345, 0.8075, 0.778]"
split_cifar10__sym20__oracle__seed1,split_cifar10,split_cifar10,oracle,resnet18,symmetric,0.2,1,python scripts/run_nn_submission.py --datasets split_cifar10 --conditions sym20 --methods oracle --seeds 1,results\neural_networks_submission\configs\split_cifar10__sym20__oracle__seed1.json,done,2026-07-05 21:27:30,2026-07-05 21:29:11,"acc=[0.865, 0.7175, 0.732, 0.788, 0.785]"
split_cifar10__sym20__oracle__seed2,split_cifar10,split_cifar10,oracle,resnet18,symmetric,0.2,2,python scripts/run_nn_submission.py --datasets split_cifar10 --conditions sym20 --methods oracle --seeds 2,results\neural_networks_submission\configs\split_cifar10__sym20__oracle__seed2.json,done,2026-07-05 21:29:11,2026-07-05 21:30:52,"acc=[0.8545, 0.643, 0.7205, 0.812, 0.7045]"
split_cifar10__sym60__er__seed0,split_cifar10,split_cifar10,er,resnet18,symmetric,0.6,0,python scripts/run_nn_submission.py --datasets split_cifar10 --conditions sym60 --methods er --seeds 0,results\neural_networks_submission\configs\split_cifar10__sym60__er__seed0.json,done,2026-07-05 21:31:02,2026-07-05 21:32:49,"acc=[0.4125, 0.4925, 0.3405, 0.3735, 0.3505]"
split_cifar10__sym60__er__seed1,split_cifar10,split_cifar10,er,resnet18,symmetric,0.6,1,python scripts/run_nn_submission.py --datasets split_cifar10 --conditions sym60 --methods er --seeds 1,results\neural_networks_submission\configs\split_cifar10__sym60__er__seed1.json,done,2026-07-05 21:32:49,2026-07-05 21:34:36,"acc=[0.4225, 0.51, 0.4495, 0.454, 0.4735]"
split_cifar10__sym60__er__seed2,split_cifar10,split_cifar10,er,resnet18,symmetric,0.6,2,python scripts/run_nn_submission.py --datasets split_cifar10 --conditions sym60 --methods er --seeds 2,results\neural_networks_submission\configs\split_cifar10__sym60__er__seed2.json,done,2026-07-05 21:34:36,2026-07-05 21:36:17,"acc=[0.4665, 0.433, 0.5435, 0.423, 0.413]"
split_cifar10__sym60__derpp__seed0,split_cifar10,split_cifar10,derpp,resnet18,symmetric,0.6,0,python scripts/run_nn_submission.py --datasets split_cifar10 --conditions sym60 --methods derpp --seeds 0,results\neural_networks_submission\configs\split_cifar10__sym60__derpp__seed0.json,done,2026-07-05 21:36:17,2026-07-05 21:38:13,"acc=[0.4305, 0.5125, 0.43, 0.3525, 0.412]"
split_cifar10__sym60__derpp__seed1,split_cifar10,split_cifar10,derpp,resnet18,symmetric,0.6,1,python scripts/run_nn_submission.py --datasets split_cifar10 --conditions sym60 --methods derpp --seeds 1,results\neural_networks_submission\configs\split_cifar10__sym60__derpp__seed1.json,done,2026-07-05 21:38:13,2026-07-05 21:40:11,"acc=[0.39, 0.5255, 0.4805, 0.499, 0.422]"
split_cifar10__sym60__derpp__seed2,split_cifar10,split_cifar10,derpp,resnet18,symmetric,0.6,2,python scripts/run_nn_submission.py --datasets split_cifar10 --conditions sym60 --methods derpp --seeds 2,results\neural_networks_submission\configs\split_cifar10__sym60__derpp__seed2.json,done,2026-07-05 21:40:11,2026-07-05 21:42:09,"acc=[0.486, 0.4825, 0.481, 0.462, 0.403]"
split_cifar10__sym60__er_ace__seed0,split_cifar10,split_cifar10,er_ace,resnet18,symmetric,0.6,0,python scripts/run_nn_submission.py --datasets split_cifar10 --conditions sym60 --methods er_ace --seeds 0,results\neural_networks_submission\configs\split_cifar10__sym60__er_ace__seed0.json,done,2026-07-05 21:42:09,2026-07-05 21:44:06,"acc=[0.4125, 0.4925, 0.3405, 0.3735, 0.3505]"
split_cifar10__sym60__er_ace__seed1,split_cifar10,split_cifar10,er_ace,resnet18,symmetric,0.6,1,python scripts/run_nn_submission.py --datasets split_cifar10 --conditions sym60 --methods er_ace --seeds 1,results\neural_networks_submission\configs\split_cifar10__sym60__er_ace__seed1.json,done,2026-07-05 21:44:06,2026-07-05 21:45:56,"acc=[0.479, 0.5025, 0.3925, 0.44, 0.418]"
split_cifar10__sym60__er_ace__seed2,split_cifar10,split_cifar10,er_ace,resnet18,symmetric,0.6,2,python scripts/run_nn_submission.py --datasets split_cifar10 --conditions sym60 --methods er_ace --seeds 2,results\neural_networks_submission\configs\split_cifar10__sym60__er_ace__seed2.json,done,2026-07-05 21:45:56,2026-07-05 21:47:43,"acc=[0.537, 0.457, 0.3895, 0.3855, 0.41]"
split_cifar10__sym60__gate_loss__seed0,split_cifar10,split_cifar10,gate_loss,resnet18,symmetric,0.6,0,python scripts/run_nn_submission.py --datasets split_cifar10 --conditions sym60 --methods gate_loss --seeds 0,results\neural_networks_submission\configs\split_cifar10__sym60__gate_loss__seed0.json,done,2026-07-05 21:47:43,2026-07-05 21:49:35,"acc=[0.3595, 0.4355, 0.475, 0.452, 0.4075]"
split_cifar10__sym60__gate_loss__seed1,split_cifar10,split_cifar10,gate_loss,resnet18,symmetric,0.6,1,python scripts/run_nn_submission.py --datasets split_cifar10 --conditions sym60 --methods gate_loss --seeds 1,results\neural_networks_submission\configs\split_cifar10__sym60__gate_loss__seed1.json,done,2026-07-05 21:49:35,2026-07-05 21:51:36,"acc=[0.411, 0.4765, 0.437, 0.406, 0.434]"
split_cifar10__sym60__gate_loss__seed2,split_cifar10,split_cifar10,gate_loss,resnet18,symmetric,0.6,2,python scripts/run_nn_submission.py --datasets split_cifar10 --conditions sym60 --methods gate_loss --seeds 2,results\neural_networks_submission\configs\split_cifar10__sym60__gate_loss__seed2.json,done,2026-07-05 21:51:36,2026-07-05 21:53:30,"acc=[0.415, 0.4555, 0.437, 0.49, 0.358]"
split_cifar10__sym60__gate_conf__seed0,split_cifar10,split_cifar10,gate_conf,resnet18,symmetric,0.6,0,python scripts/run_nn_submission.py --datasets split_cifar10 --conditions sym60 --methods gate_conf --seeds 0,results\neural_networks_submission\configs\split_cifar10__sym60__gate_conf__seed0.json,done,2026-07-05 21:53:30,2026-07-05 21:55:27,"acc=[0.407, 0.5165, 0.4195, 0.456, 0.461]"
split_cifar10__sym60__gate_conf__seed1,split_cifar10,split_cifar10,gate_conf,resnet18,symmetric,0.6,1,python scripts/run_nn_submission.py --datasets split_cifar10 --conditions sym60 --methods gate_conf --seeds 1,results\neural_networks_submission\configs\split_cifar10__sym60__gate_conf__seed1.json,done,2026-07-05 21:55:27,2026-07-05 21:57:22,"acc=[0.497, 0.499, 0.4685, 0.445, 0.4235]"
split_cifar10__sym60__gate_conf__seed2,split_cifar10,split_cifar10,gate_conf,resnet18,symmetric,0.6,2,python scripts/run_nn_submission.py --datasets split_cifar10 --conditions sym60 --methods gate_conf --seeds 2,results\neural_networks_submission\configs\split_cifar10__sym60__gate_conf__seed2.json,done,2026-07-05 21:57:22,2026-07-05 21:59:17,"acc=[0.465, 0.483, 0.5005, 0.4465, 0.4775]"
split_cifar10__sym60__irgr__seed0,split_cifar10,split_cifar10,irgr,resnet18,symmetric,0.6,0,python scripts/run_nn_submission.py --datasets split_cifar10 --conditions sym60 --methods irgr --seeds 0,results\neural_networks_submission\configs\split_cifar10__sym60__irgr__seed0.json,done,2026-07-05 21:59:17,2026-07-05 22:01:53,"acc=[0.3735, 0.4925, 0.4585, 0.448, 0.396]"
split_cifar10__sym60__irgr__seed1,split_cifar10,split_cifar10,irgr,resnet18,symmetric,0.6,1,python scripts/run_nn_submission.py --datasets split_cifar10 --conditions sym60 --methods irgr --seeds 1,results\neural_networks_submission\configs\split_cifar10__sym60__irgr__seed1.json,done,2026-07-05 22:01:53,2026-07-05 22:04:32,"acc=[0.4845, 0.4885, 0.4775, 0.4985, 0.447]"
split_cifar10__sym60__irgr__seed2,split_cifar10,split_cifar10,irgr,resnet18,symmetric,0.6,2,python scripts/run_nn_submission.py --datasets split_cifar10 --conditions sym60 --methods irgr --seeds 2,results\neural_networks_submission\configs\split_cifar10__sym60__irgr__seed2.json,done,2026-07-05 22:04:32,2026-07-05 22:07:09,"acc=[0.47, 0.486, 0.4635, 0.491, 0.432]"
split_cifar10__sym60__irgr_derpp__seed0,split_cifar10,split_cifar10,irgr_derpp,resnet18,symmetric,0.6,0,python scripts/run_nn_submission.py --datasets split_cifar10 --conditions sym60 --methods irgr_derpp --seeds 0,results\neural_networks_submission\configs\split_cifar10__sym60__irgr_derpp__seed0.json,done,2026-07-05 22:07:09,2026-07-05 22:09:46,"acc=[0.5, 0.471, 0.5, 0.5, 0.3895]"
split_cifar10__sym60__irgr_derpp__seed1,split_cifar10,split_cifar10,irgr_derpp,resnet18,symmetric,0.6,1,python scripts/run_nn_submission.py --datasets split_cifar10 --conditions sym60 --methods irgr_derpp --seeds 1,results\neural_networks_submission\configs\split_cifar10__sym60__irgr_derpp__seed1.json,done,2026-07-05 22:09:46,2026-07-05 22:12:26,"acc=[0.492, 0.4545, 0.4975, 0.5, 0.3245]"
split_cifar10__sym60__irgr_derpp__seed2,split_cifar10,split_cifar10,irgr_derpp,resnet18,symmetric,0.6,2,python scripts/run_nn_submission.py --datasets split_cifar10 --conditions sym60 --methods irgr_derpp --seeds 2,results\neural_networks_submission\configs\split_cifar10__sym60__irgr_derpp__seed2.json,done,2026-07-05 22:12:26,2026-07-05 22:15:05,"acc=[0.5, 0.5, 0.4855, 0.5025, 0.3485]"
split_cifar10__sym60__irgr_er_ace__seed0,split_cifar10,split_cifar10,irgr_er_ace,resnet18,symmetric,0.6,0,python scripts/run_nn_submission.py --datasets split_cifar10 --conditions sym60 --methods irgr_er_ace --seeds 0,results\neural_networks_submission\configs\split_cifar10__sym60__irgr_er_ace__seed0.json,done,2026-07-05 22:15:05,2026-07-05 22:17:46,"acc=[0.3735, 0.4925, 0.4585, 0.448, 0.396]"
split_cifar10__sym60__irgr_er_ace__seed1,split_cifar10,split_cifar10,irgr_er_ace,resnet18,symmetric,0.6,1,python scripts/run_nn_submission.py --datasets split_cifar10 --conditions sym60 --methods irgr_er_ace --seeds 1,results\neural_networks_submission\configs\split_cifar10__sym60__irgr_er_ace__seed1.json,done,2026-07-05 22:17:46,2026-07-05 22:25:07,"acc=[0.4845, 0.4885, 0.4775, 0.4985, 0.447]"
