cell_id,phase,kind,benchmark,noise,recipe,method,scoring_mode,buffer_policy,replay_labels,replay_coefficient,seed,reuse_decision,planned_outcomes,dependency
P2__split_cifar10__sym20__er__none__s0,scoring,training,split_cifar10,sym20,R0,er,none,,,,0,new_required_historical_runs_lack_required_matched_diagnostics,accuracy_matrix;final_accuracy;ece15;brier_multiclass;nll;admission_counts;retained_counts;buffer_purity_coverage;gate_separation_trajectory;inversion_trajectory;replay_exposure;runtime_memory;fingerprints;same_example_pre_post_gate_delta,
P2__split_cifar10__sym20__er__none__s1,scoring,training,split_cifar10,sym20,R0,er,none,,,,1,new_required_historical_runs_lack_required_matched_diagnostics,accuracy_matrix;final_accuracy;ece15;brier_multiclass;nll;admission_counts;retained_counts;buffer_purity_coverage;gate_separation_trajectory;inversion_trajectory;replay_exposure;runtime_memory;fingerprints;same_example_pre_post_gate_delta,
P2__split_cifar10__sym20__er__none__s2,scoring,training,split_cifar10,sym20,R0,er,none,,,,2,new_required_historical_runs_lack_required_matched_diagnostics,accuracy_matrix;final_accuracy;ece15;brier_multiclass;nll;admission_counts;retained_counts;buffer_purity_coverage;gate_separation_trajectory;inversion_trajectory;replay_exposure;runtime_memory;fingerprints;same_example_pre_post_gate_delta,
P2__split_cifar10__sym20__er__none__s3,scoring,training,split_cifar10,sym20,R0,er,none,,,,3,new_required_historical_runs_lack_required_matched_diagnostics,accuracy_matrix;final_accuracy;ece15;brier_multiclass;nll;admission_counts;retained_counts;buffer_purity_coverage;gate_separation_trajectory;inversion_trajectory;replay_exposure;runtime_memory;fingerprints;same_example_pre_post_gate_delta,
P2__split_cifar10__sym20__er__none__s4,scoring,training,split_cifar10,sym20,R0,er,none,,,,4,new_required_historical_runs_lack_required_matched_diagnostics,accuracy_matrix;final_accuracy;ece15;brier_multiclass;nll;admission_counts;retained_counts;buffer_purity_coverage;gate_separation_trajectory;inversion_trajectory;replay_exposure;runtime_memory;fingerprints;same_example_pre_post_gate_delta,
P2__split_cifar10__sym20__small_loss__post_update__s0,scoring,training,split_cifar10,sym20,R0,small_loss,post_update,,,,0,new_required_historical_runs_lack_required_matched_diagnostics,accuracy_matrix;final_accuracy;ece15;brier_multiclass;nll;admission_counts;retained_counts;buffer_purity_coverage;gate_separation_trajectory;inversion_trajectory;replay_exposure;runtime_memory;fingerprints;same_example_pre_post_gate_delta,
P2__split_cifar10__sym20__small_loss__post_update__s1,scoring,training,split_cifar10,sym20,R0,small_loss,post_update,,,,1,new_required_historical_runs_lack_required_matched_diagnostics,accuracy_matrix;final_accuracy;ece15;brier_multiclass;nll;admission_counts;retained_counts;buffer_purity_coverage;gate_separation_trajectory;inversion_trajectory;replay_exposure;runtime_memory;fingerprints;same_example_pre_post_gate_delta,
P2__split_cifar10__sym20__small_loss__post_update__s2,scoring,training,split_cifar10,sym20,R0,small_loss,post_update,,,,2,new_required_historical_runs_lack_required_matched_diagnostics,accuracy_matrix;final_accuracy;ece15;brier_multiclass;nll;admission_counts;retained_counts;buffer_purity_coverage;gate_separation_trajectory;inversion_trajectory;replay_exposure;runtime_memory;fingerprints;same_example_pre_post_gate_delta,
P2__split_cifar10__sym20__small_loss__post_update__s3,scoring,training,split_cifar10,sym20,R0,small_loss,post_update,,,,3,new_required_historical_runs_lack_required_matched_diagnostics,accuracy_matrix;final_accuracy;ece15;brier_multiclass;nll;admission_counts;retained_counts;buffer_purity_coverage;gate_separation_trajectory;inversion_trajectory;replay_exposure;runtime_memory;fingerprints;same_example_pre_post_gate_delta,
P2__split_cifar10__sym20__small_loss__post_update__s4,scoring,training,split_cifar10,sym20,R0,small_loss,post_update,,,,4,new_required_historical_runs_lack_required_matched_diagnostics,accuracy_matrix;final_accuracy;ece15;brier_multiclass;nll;admission_counts;retained_counts;buffer_purity_coverage;gate_separation_trajectory;inversion_trajectory;replay_exposure;runtime_memory;fingerprints;same_example_pre_post_gate_delta,
P2__split_cifar10__sym20__small_loss__pre_update__s0,scoring,training,split_cifar10,sym20,R0,small_loss,pre_update,,,,0,new_required_historical_runs_lack_required_matched_diagnostics,accuracy_matrix;final_accuracy;ece15;brier_multiclass;nll;admission_counts;retained_counts;buffer_purity_coverage;gate_separation_trajectory;inversion_trajectory;replay_exposure;runtime_memory;fingerprints;same_example_pre_post_gate_delta,
P2__split_cifar10__sym20__small_loss__pre_update__s1,scoring,training,split_cifar10,sym20,R0,small_loss,pre_update,,,,1,new_required_historical_runs_lack_required_matched_diagnostics,accuracy_matrix;final_accuracy;ece15;brier_multiclass;nll;admission_counts;retained_counts;buffer_purity_coverage;gate_separation_trajectory;inversion_trajectory;replay_exposure;runtime_memory;fingerprints;same_example_pre_post_gate_delta,
P2__split_cifar10__sym20__small_loss__pre_update__s2,scoring,training,split_cifar10,sym20,R0,small_loss,pre_update,,,,2,new_required_historical_runs_lack_required_matched_diagnostics,accuracy_matrix;final_accuracy;ece15;brier_multiclass;nll;admission_counts;retained_counts;buffer_purity_coverage;gate_separation_trajectory;inversion_trajectory;replay_exposure;runtime_memory;fingerprints;same_example_pre_post_gate_delta,
P2__split_cifar10__sym20__small_loss__pre_update__s3,scoring,training,split_cifar10,sym20,R0,small_loss,pre_update,,,,3,new_required_historical_runs_lack_required_matched_diagnostics,accuracy_matrix;final_accuracy;ece15;brier_multiclass;nll;admission_counts;retained_counts;buffer_purity_coverage;gate_separation_trajectory;inversion_trajectory;replay_exposure;runtime_memory;fingerprints;same_example_pre_post_gate_delta,
P2__split_cifar10__sym20__small_loss__pre_update__s4,scoring,training,split_cifar10,sym20,R0,small_loss,pre_update,,,,4,new_required_historical_runs_lack_required_matched_diagnostics,accuracy_matrix;final_accuracy;ece15;brier_multiclass;nll;admission_counts;retained_counts;buffer_purity_coverage;gate_separation_trajectory;inversion_trajectory;replay_exposure;runtime_memory;fingerprints;same_example_pre_post_gate_delta,
P2__split_cifar10__sym20__confidence__post_update__s0,scoring,training,split_cifar10,sym20,R0,confidence,post_update,,,,0,new_required_historical_runs_lack_required_matched_diagnostics,accuracy_matrix;final_accuracy;ece15;brier_multiclass;nll;admission_counts;retained_counts;buffer_purity_coverage;gate_separation_trajectory;inversion_trajectory;replay_exposure;runtime_memory;fingerprints;same_example_pre_post_gate_delta,
P2__split_cifar10__sym20__confidence__post_update__s1,scoring,training,split_cifar10,sym20,R0,confidence,post_update,,,,1,new_required_historical_runs_lack_required_matched_diagnostics,accuracy_matrix;final_accuracy;ece15;brier_multiclass;nll;admission_counts;retained_counts;buffer_purity_coverage;gate_separation_trajectory;inversion_trajectory;replay_exposure;runtime_memory;fingerprints;same_example_pre_post_gate_delta,
P2__split_cifar10__sym20__confidence__post_update__s2,scoring,training,split_cifar10,sym20,R0,confidence,post_update,,,,2,new_required_historical_runs_lack_required_matched_diagnostics,accuracy_matrix;final_accuracy;ece15;brier_multiclass;nll;admission_counts;retained_counts;buffer_purity_coverage;gate_separation_trajectory;inversion_trajectory;replay_exposure;runtime_memory;fingerprints;same_example_pre_post_gate_delta,
P2__split_cifar10__sym20__confidence__post_update__s3,scoring,training,split_cifar10,sym20,R0,confidence,post_update,,,,3,new_required_historical_runs_lack_required_matched_diagnostics,accuracy_matrix;final_accuracy;ece15;brier_multiclass;nll;admission_counts;retained_counts;buffer_purity_coverage;gate_separation_trajectory;inversion_trajectory;replay_exposure;runtime_memory;fingerprints;same_example_pre_post_gate_delta,
P2__split_cifar10__sym20__confidence__post_update__s4,scoring,training,split_cifar10,sym20,R0,confidence,post_update,,,,4,new_required_historical_runs_lack_required_matched_diagnostics,accuracy_matrix;final_accuracy;ece15;brier_multiclass;nll;admission_counts;retained_counts;buffer_purity_coverage;gate_separation_trajectory;inversion_trajectory;replay_exposure;runtime_memory;fingerprints;same_example_pre_post_gate_delta,
P2__split_cifar10__sym20__confidence__pre_update__s0,scoring,training,split_cifar10,sym20,R0,confidence,pre_update,,,,0,new_required_historical_runs_lack_required_matched_diagnostics,accuracy_matrix;final_accuracy;ece15;brier_multiclass;nll;admission_counts;retained_counts;buffer_purity_coverage;gate_separation_trajectory;inversion_trajectory;replay_exposure;runtime_memory;fingerprints;same_example_pre_post_gate_delta,
P2__split_cifar10__sym20__confidence__pre_update__s1,scoring,training,split_cifar10,sym20,R0,confidence,pre_update,,,,1,new_required_historical_runs_lack_required_matched_diagnostics,accuracy_matrix;final_accuracy;ece15;brier_multiclass;nll;admission_counts;retained_counts;buffer_purity_coverage;gate_separation_trajectory;inversion_trajectory;replay_exposure;runtime_memory;fingerprints;same_example_pre_post_gate_delta,
P2__split_cifar10__sym20__confidence__pre_update__s2,scoring,training,split_cifar10,sym20,R0,confidence,pre_update,,,,2,new_required_historical_runs_lack_required_matched_diagnostics,accuracy_matrix;final_accuracy;ece15;brier_multiclass;nll;admission_counts;retained_counts;buffer_purity_coverage;gate_separation_trajectory;inversion_trajectory;replay_exposure;runtime_memory;fingerprints;same_example_pre_post_gate_delta,
P2__split_cifar10__sym20__confidence__pre_update__s3,scoring,training,split_cifar10,sym20,R0,confidence,pre_update,,,,3,new_required_historical_runs_lack_required_matched_diagnostics,accuracy_matrix;final_accuracy;ece15;brier_multiclass;nll;admission_counts;retained_counts;buffer_purity_coverage;gate_separation_trajectory;inversion_trajectory;replay_exposure;runtime_memory;fingerprints;same_example_pre_post_gate_delta,
P2__split_cifar10__sym20__confidence__pre_update__s4,scoring,training,split_cifar10,sym20,R0,confidence,pre_update,,,,4,new_required_historical_runs_lack_required_matched_diagnostics,accuracy_matrix;final_accuracy;ece15;brier_multiclass;nll;admission_counts;retained_counts;buffer_purity_coverage;gate_separation_trajectory;inversion_trajectory;replay_exposure;runtime_memory;fingerprints;same_example_pre_post_gate_delta,
P2__split_cifar10__sym20__oracle_clean_admission__post_update__s0,scoring,training,split_cifar10,sym20,R0,oracle_clean_admission,post_update,,,,0,new_required_historical_runs_lack_required_matched_diagnostics,accuracy_matrix;final_accuracy;ece15;brier_multiclass;nll;admission_counts;retained_counts;buffer_purity_coverage;gate_separation_trajectory;inversion_trajectory;replay_exposure;runtime_memory;fingerprints;same_example_pre_post_gate_delta,
P2__split_cifar10__sym20__oracle_clean_admission__post_update__s1,scoring,training,split_cifar10,sym20,R0,oracle_clean_admission,post_update,,,,1,new_required_historical_runs_lack_required_matched_diagnostics,accuracy_matrix;final_accuracy;ece15;brier_multiclass;nll;admission_counts;retained_counts;buffer_purity_coverage;gate_separation_trajectory;inversion_trajectory;replay_exposure;runtime_memory;fingerprints;same_example_pre_post_gate_delta,
P2__split_cifar10__sym20__oracle_clean_admission__post_update__s2,scoring,training,split_cifar10,sym20,R0,oracle_clean_admission,post_update,,,,2,new_required_historical_runs_lack_required_matched_diagnostics,accuracy_matrix;final_accuracy;ece15;brier_multiclass;nll;admission_counts;retained_counts;buffer_purity_coverage;gate_separation_trajectory;inversion_trajectory;replay_exposure;runtime_memory;fingerprints;same_example_pre_post_gate_delta,
P2__split_cifar10__sym20__oracle_clean_admission__post_update__s3,scoring,training,split_cifar10,sym20,R0,oracle_clean_admission,post_update,,,,3,new_required_historical_runs_lack_required_matched_diagnostics,accuracy_matrix;final_accuracy;ece15;brier_multiclass;nll;admission_counts;retained_counts;buffer_purity_coverage;gate_separation_trajectory;inversion_trajectory;replay_exposure;runtime_memory;fingerprints;same_example_pre_post_gate_delta,
P2__split_cifar10__sym20__oracle_clean_admission__post_update__s4,scoring,training,split_cifar10,sym20,R0,oracle_clean_admission,post_update,,,,4,new_required_historical_runs_lack_required_matched_diagnostics,accuracy_matrix;final_accuracy;ece15;brier_multiclass;nll;admission_counts;retained_counts;buffer_purity_coverage;gate_separation_trajectory;inversion_trajectory;replay_exposure;runtime_memory;fingerprints;same_example_pre_post_gate_delta,
P2__split_cifar10__sym60__er__none__s0,scoring,training,split_cifar10,sym60,R0,er,none,,,,0,new_required_historical_runs_lack_required_matched_diagnostics,accuracy_matrix;final_accuracy;ece15;brier_multiclass;nll;admission_counts;retained_counts;buffer_purity_coverage;gate_separation_trajectory;inversion_trajectory;replay_exposure;runtime_memory;fingerprints;same_example_pre_post_gate_delta,
P2__split_cifar10__sym60__er__none__s1,scoring,training,split_cifar10,sym60,R0,er,none,,,,1,new_required_historical_runs_lack_required_matched_diagnostics,accuracy_matrix;final_accuracy;ece15;brier_multiclass;nll;admission_counts;retained_counts;buffer_purity_coverage;gate_separation_trajectory;inversion_trajectory;replay_exposure;runtime_memory;fingerprints;same_example_pre_post_gate_delta,
P2__split_cifar10__sym60__er__none__s2,scoring,training,split_cifar10,sym60,R0,er,none,,,,2,new_required_historical_runs_lack_required_matched_diagnostics,accuracy_matrix;final_accuracy;ece15;brier_multiclass;nll;admission_counts;retained_counts;buffer_purity_coverage;gate_separation_trajectory;inversion_trajectory;replay_exposure;runtime_memory;fingerprints;same_example_pre_post_gate_delta,
P2__split_cifar10__sym60__er__none__s3,scoring,training,split_cifar10,sym60,R0,er,none,,,,3,new_required_historical_runs_lack_required_matched_diagnostics,accuracy_matrix;final_accuracy;ece15;brier_multiclass;nll;admission_counts;retained_counts;buffer_purity_coverage;gate_separation_trajectory;inversion_trajectory;replay_exposure;runtime_memory;fingerprints;same_example_pre_post_gate_delta,
P2__split_cifar10__sym60__er__none__s4,scoring,training,split_cifar10,sym60,R0,er,none,,,,4,new_required_historical_runs_lack_required_matched_diagnostics,accuracy_matrix;final_accuracy;ece15;brier_multiclass;nll;admission_counts;retained_counts;buffer_purity_coverage;gate_separation_trajectory;inversion_trajectory;replay_exposure;runtime_memory;fingerprints;same_example_pre_post_gate_delta,
P2__split_cifar10__sym60__small_loss__post_update__s0,scoring,training,split_cifar10,sym60,R0,small_loss,post_update,,,,0,new_required_historical_runs_lack_required_matched_diagnostics,accuracy_matrix;final_accuracy;ece15;brier_multiclass;nll;admission_counts;retained_counts;buffer_purity_coverage;gate_separation_trajectory;inversion_trajectory;replay_exposure;runtime_memory;fingerprints;same_example_pre_post_gate_delta,
P2__split_cifar10__sym60__small_loss__post_update__s1,scoring,training,split_cifar10,sym60,R0,small_loss,post_update,,,,1,new_required_historical_runs_lack_required_matched_diagnostics,accuracy_matrix;final_accuracy;ece15;brier_multiclass;nll;admission_counts;retained_counts;buffer_purity_coverage;gate_separation_trajectory;inversion_trajectory;replay_exposure;runtime_memory;fingerprints;same_example_pre_post_gate_delta,
P2__split_cifar10__sym60__small_loss__post_update__s2,scoring,training,split_cifar10,sym60,R0,small_loss,post_update,,,,2,new_required_historical_runs_lack_required_matched_diagnostics,accuracy_matrix;final_accuracy;ece15;brier_multiclass;nll;admission_counts;retained_counts;buffer_purity_coverage;gate_separation_trajectory;inversion_trajectory;replay_exposure;runtime_memory;fingerprints;same_example_pre_post_gate_delta,
P2__split_cifar10__sym60__small_loss__post_update__s3,scoring,training,split_cifar10,sym60,R0,small_loss,post_update,,,,3,new_required_historical_runs_lack_required_matched_diagnostics,accuracy_matrix;final_accuracy;ece15;brier_multiclass;nll;admission_counts;retained_counts;buffer_purity_coverage;gate_separation_trajectory;inversion_trajectory;replay_exposure;runtime_memory;fingerprints;same_example_pre_post_gate_delta,
P2__split_cifar10__sym60__small_loss__post_update__s4,scoring,training,split_cifar10,sym60,R0,small_loss,post_update,,,,4,new_required_historical_runs_lack_required_matched_diagnostics,accuracy_matrix;final_accuracy;ece15;brier_multiclass;nll;admission_counts;retained_counts;buffer_purity_coverage;gate_separation_trajectory;inversion_trajectory;replay_exposure;runtime_memory;fingerprints;same_example_pre_post_gate_delta,
P2__split_cifar10__sym60__small_loss__pre_update__s0,scoring,training,split_cifar10,sym60,R0,small_loss,pre_update,,,,0,new_required_historical_runs_lack_required_matched_diagnostics,accuracy_matrix;final_accuracy;ece15;brier_multiclass;nll;admission_counts;retained_counts;buffer_purity_coverage;gate_separation_trajectory;inversion_trajectory;replay_exposure;runtime_memory;fingerprints;same_example_pre_post_gate_delta,
P2__split_cifar10__sym60__small_loss__pre_update__s1,scoring,training,split_cifar10,sym60,R0,small_loss,pre_update,,,,1,new_required_historical_runs_lack_required_matched_diagnostics,accuracy_matrix;final_accuracy;ece15;brier_multiclass;nll;admission_counts;retained_counts;buffer_purity_coverage;gate_separation_trajectory;inversion_trajectory;replay_exposure;runtime_memory;fingerprints;same_example_pre_post_gate_delta,
P2__split_cifar10__sym60__small_loss__pre_update__s2,scoring,training,split_cifar10,sym60,R0,small_loss,pre_update,,,,2,new_required_historical_runs_lack_required_matched_diagnostics,accuracy_matrix;final_accuracy;ece15;brier_multiclass;nll;admission_counts;retained_counts;buffer_purity_coverage;gate_separation_trajectory;inversion_trajectory;replay_exposure;runtime_memory;fingerprints;same_example_pre_post_gate_delta,
P2__split_cifar10__sym60__small_loss__pre_update__s3,scoring,training,split_cifar10,sym60,R0,small_loss,pre_update,,,,3,new_required_historical_runs_lack_required_matched_diagnostics,accuracy_matrix;final_accuracy;ece15;brier_multiclass;nll;admission_counts;retained_counts;buffer_purity_coverage;gate_separation_trajectory;inversion_trajectory;replay_exposure;runtime_memory;fingerprints;same_example_pre_post_gate_delta,
P2__split_cifar10__sym60__small_loss__pre_update__s4,scoring,training,split_cifar10,sym60,R0,small_loss,pre_update,,,,4,new_required_historical_runs_lack_required_matched_diagnostics,accuracy_matrix;final_accuracy;ece15;brier_multiclass;nll;admission_counts;retained_counts;buffer_purity_coverage;gate_separation_trajectory;inversion_trajectory;replay_exposure;runtime_memory;fingerprints;same_example_pre_post_gate_delta,
P2__split_cifar10__sym60__confidence__post_update__s0,scoring,training,split_cifar10,sym60,R0,confidence,post_update,,,,0,new_required_historical_runs_lack_required_matched_diagnostics,accuracy_matrix;final_accuracy;ece15;brier_multiclass;nll;admission_counts;retained_counts;buffer_purity_coverage;gate_separation_trajectory;inversion_trajectory;replay_exposure;runtime_memory;fingerprints;same_example_pre_post_gate_delta,
P2__split_cifar10__sym60__confidence__post_update__s1,scoring,training,split_cifar10,sym60,R0,confidence,post_update,,,,1,new_required_historical_runs_lack_required_matched_diagnostics,accuracy_matrix;final_accuracy;ece15;brier_multiclass;nll;admission_counts;retained_counts;buffer_purity_coverage;gate_separation_trajectory;inversion_trajectory;replay_exposure;runtime_memory;fingerprints;same_example_pre_post_gate_delta,
P2__split_cifar10__sym60__confidence__post_update__s2,scoring,training,split_cifar10,sym60,R0,confidence,post_update,,,,2,new_required_historical_runs_lack_required_matched_diagnostics,accuracy_matrix;final_accuracy;ece15;brier_multiclass;nll;admission_counts;retained_counts;buffer_purity_coverage;gate_separation_trajectory;inversion_trajectory;replay_exposure;runtime_memory;fingerprints;same_example_pre_post_gate_delta,
P2__split_cifar10__sym60__confidence__post_update__s3,scoring,training,split_cifar10,sym60,R0,confidence,post_update,,,,3,new_required_historical_runs_lack_required_matched_diagnostics,accuracy_matrix;final_accuracy;ece15;brier_multiclass;nll;admission_counts;retained_counts;buffer_purity_coverage;gate_separation_trajectory;inversion_trajectory;replay_exposure;runtime_memory;fingerprints;same_example_pre_post_gate_delta,
P2__split_cifar10__sym60__confidence__post_update__s4,scoring,training,split_cifar10,sym60,R0,confidence,post_update,,,,4,new_required_historical_runs_lack_required_matched_diagnostics,accuracy_matrix;final_accuracy;ece15;brier_multiclass;nll;admission_counts;retained_counts;buffer_purity_coverage;gate_separation_trajectory;inversion_trajectory;replay_exposure;runtime_memory;fingerprints;same_example_pre_post_gate_delta,
P2__split_cifar10__sym60__confidence__pre_update__s0,scoring,training,split_cifar10,sym60,R0,confidence,pre_update,,,,0,new_required_historical_runs_lack_required_matched_diagnostics,accuracy_matrix;final_accuracy;ece15;brier_multiclass;nll;admission_counts;retained_counts;buffer_purity_coverage;gate_separation_trajectory;inversion_trajectory;replay_exposure;runtime_memory;fingerprints;same_example_pre_post_gate_delta,
P2__split_cifar10__sym60__confidence__pre_update__s1,scoring,training,split_cifar10,sym60,R0,confidence,pre_update,,,,1,new_required_historical_runs_lack_required_matched_diagnostics,accuracy_matrix;final_accuracy;ece15;brier_multiclass;nll;admission_counts;retained_counts;buffer_purity_coverage;gate_separation_trajectory;inversion_trajectory;replay_exposure;runtime_memory;fingerprints;same_example_pre_post_gate_delta,
P2__split_cifar10__sym60__confidence__pre_update__s2,scoring,training,split_cifar10,sym60,R0,confidence,pre_update,,,,2,new_required_historical_runs_lack_required_matched_diagnostics,accuracy_matrix;final_accuracy;ece15;brier_multiclass;nll;admission_counts;retained_counts;buffer_purity_coverage;gate_separation_trajectory;inversion_trajectory;replay_exposure;runtime_memory;fingerprints;same_example_pre_post_gate_delta,
P2__split_cifar10__sym60__confidence__pre_update__s3,scoring,training,split_cifar10,sym60,R0,confidence,pre_update,,,,3,new_required_historical_runs_lack_required_matched_diagnostics,accuracy_matrix;final_accuracy;ece15;brier_multiclass;nll;admission_counts;retained_counts;buffer_purity_coverage;gate_separation_trajectory;inversion_trajectory;replay_exposure;runtime_memory;fingerprints;same_example_pre_post_gate_delta,
P2__split_cifar10__sym60__confidence__pre_update__s4,scoring,training,split_cifar10,sym60,R0,confidence,pre_update,,,,4,new_required_historical_runs_lack_required_matched_diagnostics,accuracy_matrix;final_accuracy;ece15;brier_multiclass;nll;admission_counts;retained_counts;buffer_purity_coverage;gate_separation_trajectory;inversion_trajectory;replay_exposure;runtime_memory;fingerprints;same_example_pre_post_gate_delta,
P2__split_cifar10__sym60__oracle_clean_admission__post_update__s0,scoring,training,split_cifar10,sym60,R0,oracle_clean_admission,post_update,,,,0,new_required_historical_runs_lack_required_matched_diagnostics,accuracy_matrix;final_accuracy;ece15;brier_multiclass;nll;admission_counts;retained_counts;buffer_purity_coverage;gate_separation_trajectory;inversion_trajectory;replay_exposure;runtime_memory;fingerprints;same_example_pre_post_gate_delta,
P2__split_cifar10__sym60__oracle_clean_admission__post_update__s1,scoring,training,split_cifar10,sym60,R0,oracle_clean_admission,post_update,,,,1,new_required_historical_runs_lack_required_matched_diagnostics,accuracy_matrix;final_accuracy;ece15;brier_multiclass;nll;admission_counts;retained_counts;buffer_purity_coverage;gate_separation_trajectory;inversion_trajectory;replay_exposure;runtime_memory;fingerprints;same_example_pre_post_gate_delta,
P2__split_cifar10__sym60__oracle_clean_admission__post_update__s2,scoring,training,split_cifar10,sym60,R0,oracle_clean_admission,post_update,,,,2,new_required_historical_runs_lack_required_matched_diagnostics,accuracy_matrix;final_accuracy;ece15;brier_multiclass;nll;admission_counts;retained_counts;buffer_purity_coverage;gate_separation_trajectory;inversion_trajectory;replay_exposure;runtime_memory;fingerprints;same_example_pre_post_gate_delta,
P2__split_cifar10__sym60__oracle_clean_admission__post_update__s3,scoring,training,split_cifar10,sym60,R0,oracle_clean_admission,post_update,,,,3,new_required_historical_runs_lack_required_matched_diagnostics,accuracy_matrix;final_accuracy;ece15;brier_multiclass;nll;admission_counts;retained_counts;buffer_purity_coverage;gate_separation_trajectory;inversion_trajectory;replay_exposure;runtime_memory;fingerprints;same_example_pre_post_gate_delta,
P2__split_cifar10__sym60__oracle_clean_admission__post_update__s4,scoring,training,split_cifar10,sym60,R0,oracle_clean_admission,post_update,,,,4,new_required_historical_runs_lack_required_matched_diagnostics,accuracy_matrix;final_accuracy;ece15;brier_multiclass;nll;admission_counts;retained_counts;buffer_purity_coverage;gate_separation_trajectory;inversion_trajectory;replay_exposure;runtime_memory;fingerprints;same_example_pre_post_gate_delta,
P2__seq_cifar10__sym20__er__none__s0,scoring,training,seq_cifar10,sym20,R0,er,none,,,,0,new_required_historical_runs_lack_required_matched_diagnostics,accuracy_matrix;final_accuracy;ece15;brier_multiclass;nll;admission_counts;retained_counts;buffer_purity_coverage;gate_separation_trajectory;inversion_trajectory;replay_exposure;runtime_memory;fingerprints;same_example_pre_post_gate_delta,
P2__seq_cifar10__sym20__er__none__s1,scoring,training,seq_cifar10,sym20,R0,er,none,,,,1,new_required_historical_runs_lack_required_matched_diagnostics,accuracy_matrix;final_accuracy;ece15;brier_multiclass;nll;admission_counts;retained_counts;buffer_purity_coverage;gate_separation_trajectory;inversion_trajectory;replay_exposure;runtime_memory;fingerprints;same_example_pre_post_gate_delta,
P2__seq_cifar10__sym20__er__none__s2,scoring,training,seq_cifar10,sym20,R0,er,none,,,,2,new_required_historical_runs_lack_required_matched_diagnostics,accuracy_matrix;final_accuracy;ece15;brier_multiclass;nll;admission_counts;retained_counts;buffer_purity_coverage;gate_separation_trajectory;inversion_trajectory;replay_exposure;runtime_memory;fingerprints;same_example_pre_post_gate_delta,
P2__seq_cifar10__sym20__er__none__s3,scoring,training,seq_cifar10,sym20,R0,er,none,,,,3,new_required_historical_runs_lack_required_matched_diagnostics,accuracy_matrix;final_accuracy;ece15;brier_multiclass;nll;admission_counts;retained_counts;buffer_purity_coverage;gate_separation_trajectory;inversion_trajectory;replay_exposure;runtime_memory;fingerprints;same_example_pre_post_gate_delta,
P2__seq_cifar10__sym20__er__none__s4,scoring,training,seq_cifar10,sym20,R0,er,none,,,,4,new_required_historical_runs_lack_required_matched_diagnostics,accuracy_matrix;final_accuracy;ece15;brier_multiclass;nll;admission_counts;retained_counts;buffer_purity_coverage;gate_separation_trajectory;inversion_trajectory;replay_exposure;runtime_memory;fingerprints;same_example_pre_post_gate_delta,
P2__seq_cifar10__sym20__small_loss__post_update__s0,scoring,training,seq_cifar10,sym20,R0,small_loss,post_update,,,,0,new_required_historical_runs_lack_required_matched_diagnostics,accuracy_matrix;final_accuracy;ece15;brier_multiclass;nll;admission_counts;retained_counts;buffer_purity_coverage;gate_separation_trajectory;inversion_trajectory;replay_exposure;runtime_memory;fingerprints;same_example_pre_post_gate_delta,
P2__seq_cifar10__sym20__small_loss__post_update__s1,scoring,training,seq_cifar10,sym20,R0,small_loss,post_update,,,,1,new_required_historical_runs_lack_required_matched_diagnostics,accuracy_matrix;final_accuracy;ece15;brier_multiclass;nll;admission_counts;retained_counts;buffer_purity_coverage;gate_separation_trajectory;inversion_trajectory;replay_exposure;runtime_memory;fingerprints;same_example_pre_post_gate_delta,
P2__seq_cifar10__sym20__small_loss__post_update__s2,scoring,training,seq_cifar10,sym20,R0,small_loss,post_update,,,,2,new_required_historical_runs_lack_required_matched_diagnostics,accuracy_matrix;final_accuracy;ece15;brier_multiclass;nll;admission_counts;retained_counts;buffer_purity_coverage;gate_separation_trajectory;inversion_trajectory;replay_exposure;runtime_memory;fingerprints;same_example_pre_post_gate_delta,
P2__seq_cifar10__sym20__small_loss__post_update__s3,scoring,training,seq_cifar10,sym20,R0,small_loss,post_update,,,,3,new_required_historical_runs_lack_required_matched_diagnostics,accuracy_matrix;final_accuracy;ece15;brier_multiclass;nll;admission_counts;retained_counts;buffer_purity_coverage;gate_separation_trajectory;inversion_trajectory;replay_exposure;runtime_memory;fingerprints;same_example_pre_post_gate_delta,
P2__seq_cifar10__sym20__small_loss__post_update__s4,scoring,training,seq_cifar10,sym20,R0,small_loss,post_update,,,,4,new_required_historical_runs_lack_required_matched_diagnostics,accuracy_matrix;final_accuracy;ece15;brier_multiclass;nll;admission_counts;retained_counts;buffer_purity_coverage;gate_separation_trajectory;inversion_trajectory;replay_exposure;runtime_memory;fingerprints;same_example_pre_post_gate_delta,
P2__seq_cifar10__sym20__small_loss__pre_update__s0,scoring,training,seq_cifar10,sym20,R0,small_loss,pre_update,,,,0,new_required_historical_runs_lack_required_matched_diagnostics,accuracy_matrix;final_accuracy;ece15;brier_multiclass;nll;admission_counts;retained_counts;buffer_purity_coverage;gate_separation_trajectory;inversion_trajectory;replay_exposure;runtime_memory;fingerprints;same_example_pre_post_gate_delta,
P2__seq_cifar10__sym20__small_loss__pre_update__s1,scoring,training,seq_cifar10,sym20,R0,small_loss,pre_update,,,,1,new_required_historical_runs_lack_required_matched_diagnostics,accuracy_matrix;final_accuracy;ece15;brier_multiclass;nll;admission_counts;retained_counts;buffer_purity_coverage;gate_separation_trajectory;inversion_trajectory;replay_exposure;runtime_memory;fingerprints;same_example_pre_post_gate_delta,
P2__seq_cifar10__sym20__small_loss__pre_update__s2,scoring,training,seq_cifar10,sym20,R0,small_loss,pre_update,,,,2,new_required_historical_runs_lack_required_matched_diagnostics,accuracy_matrix;final_accuracy;ece15;brier_multiclass;nll;admission_counts;retained_counts;buffer_purity_coverage;gate_separation_trajectory;inversion_trajectory;replay_exposure;runtime_memory;fingerprints;same_example_pre_post_gate_delta,
P2__seq_cifar10__sym20__small_loss__pre_update__s3,scoring,training,seq_cifar10,sym20,R0,small_loss,pre_update,,,,3,new_required_historical_runs_lack_required_matched_diagnostics,accuracy_matrix;final_accuracy;ece15;brier_multiclass;nll;admission_counts;retained_counts;buffer_purity_coverage;gate_separation_trajectory;inversion_trajectory;replay_exposure;runtime_memory;fingerprints;same_example_pre_post_gate_delta,
P2__seq_cifar10__sym20__small_loss__pre_update__s4,scoring,training,seq_cifar10,sym20,R0,small_loss,pre_update,,,,4,new_required_historical_runs_lack_required_matched_diagnostics,accuracy_matrix;final_accuracy;ece15;brier_multiclass;nll;admission_counts;retained_counts;buffer_purity_coverage;gate_separation_trajectory;inversion_trajectory;replay_exposure;runtime_memory;fingerprints;same_example_pre_post_gate_delta,
P2__seq_cifar10__sym20__confidence__post_update__s0,scoring,training,seq_cifar10,sym20,R0,confidence,post_update,,,,0,new_required_historical_runs_lack_required_matched_diagnostics,accuracy_matrix;final_accuracy;ece15;brier_multiclass;nll;admission_counts;retained_counts;buffer_purity_coverage;gate_separation_trajectory;inversion_trajectory;replay_exposure;runtime_memory;fingerprints;same_example_pre_post_gate_delta,
P2__seq_cifar10__sym20__confidence__post_update__s1,scoring,training,seq_cifar10,sym20,R0,confidence,post_update,,,,1,new_required_historical_runs_lack_required_matched_diagnostics,accuracy_matrix;final_accuracy;ece15;brier_multiclass;nll;admission_counts;retained_counts;buffer_purity_coverage;gate_separation_trajectory;inversion_trajectory;replay_exposure;runtime_memory;fingerprints;same_example_pre_post_gate_delta,
P2__seq_cifar10__sym20__confidence__post_update__s2,scoring,training,seq_cifar10,sym20,R0,confidence,post_update,,,,2,new_required_historical_runs_lack_required_matched_diagnostics,accuracy_matrix;final_accuracy;ece15;brier_multiclass;nll;admission_counts;retained_counts;buffer_purity_coverage;gate_separation_trajectory;inversion_trajectory;replay_exposure;runtime_memory;fingerprints;same_example_pre_post_gate_delta,
P2__seq_cifar10__sym20__confidence__post_update__s3,scoring,training,seq_cifar10,sym20,R0,confidence,post_update,,,,3,new_required_historical_runs_lack_required_matched_diagnostics,accuracy_matrix;final_accuracy;ece15;brier_multiclass;nll;admission_counts;retained_counts;buffer_purity_coverage;gate_separation_trajectory;inversion_trajectory;replay_exposure;runtime_memory;fingerprints;same_example_pre_post_gate_delta,
P2__seq_cifar10__sym20__confidence__post_update__s4,scoring,training,seq_cifar10,sym20,R0,confidence,post_update,,,,4,new_required_historical_runs_lack_required_matched_diagnostics,accuracy_matrix;final_accuracy;ece15;brier_multiclass;nll;admission_counts;retained_counts;buffer_purity_coverage;gate_separation_trajectory;inversion_trajectory;replay_exposure;runtime_memory;fingerprints;same_example_pre_post_gate_delta,
P2__seq_cifar10__sym20__confidence__pre_update__s0,scoring,training,seq_cifar10,sym20,R0,confidence,pre_update,,,,0,new_required_historical_runs_lack_required_matched_diagnostics,accuracy_matrix;final_accuracy;ece15;brier_multiclass;nll;admission_counts;retained_counts;buffer_purity_coverage;gate_separation_trajectory;inversion_trajectory;replay_exposure;runtime_memory;fingerprints;same_example_pre_post_gate_delta,
P2__seq_cifar10__sym20__confidence__pre_update__s1,scoring,training,seq_cifar10,sym20,R0,confidence,pre_update,,,,1,new_required_historical_runs_lack_required_matched_diagnostics,accuracy_matrix;final_accuracy;ece15;brier_multiclass;nll;admission_counts;retained_counts;buffer_purity_coverage;gate_separation_trajectory;inversion_trajectory;replay_exposure;runtime_memory;fingerprints;same_example_pre_post_gate_delta,
P2__seq_cifar10__sym20__confidence__pre_update__s2,scoring,training,seq_cifar10,sym20,R0,confidence,pre_update,,,,2,new_required_historical_runs_lack_required_matched_diagnostics,accuracy_matrix;final_accuracy;ece15;brier_multiclass;nll;admission_counts;retained_counts;buffer_purity_coverage;gate_separation_trajectory;inversion_trajectory;replay_exposure;runtime_memory;fingerprints;same_example_pre_post_gate_delta,
P2__seq_cifar10__sym20__confidence__pre_update__s3,scoring,training,seq_cifar10,sym20,R0,confidence,pre_update,,,,3,new_required_historical_runs_lack_required_matched_diagnostics,accuracy_matrix;final_accuracy;ece15;brier_multiclass;nll;admission_counts;retained_counts;buffer_purity_coverage;gate_separation_trajectory;inversion_trajectory;replay_exposure;runtime_memory;fingerprints;same_example_pre_post_gate_delta,
P2__seq_cifar10__sym20__confidence__pre_update__s4,scoring,training,seq_cifar10,sym20,R0,confidence,pre_update,,,,4,new_required_historical_runs_lack_required_matched_diagnostics,accuracy_matrix;final_accuracy;ece15;brier_multiclass;nll;admission_counts;retained_counts;buffer_purity_coverage;gate_separation_trajectory;inversion_trajectory;replay_exposure;runtime_memory;fingerprints;same_example_pre_post_gate_delta,
P2__seq_cifar10__sym20__oracle_clean_admission__post_update__s0,scoring,training,seq_cifar10,sym20,R0,oracle_clean_admission,post_update,,,,0,new_required_historical_runs_lack_required_matched_diagnostics,accuracy_matrix;final_accuracy;ece15;brier_multiclass;nll;admission_counts;retained_counts;buffer_purity_coverage;gate_separation_trajectory;inversion_trajectory;replay_exposure;runtime_memory;fingerprints;same_example_pre_post_gate_delta,
P2__seq_cifar10__sym20__oracle_clean_admission__post_update__s1,scoring,training,seq_cifar10,sym20,R0,oracle_clean_admission,post_update,,,,1,new_required_historical_runs_lack_required_matched_diagnostics,accuracy_matrix;final_accuracy;ece15;brier_multiclass;nll;admission_counts;retained_counts;buffer_purity_coverage;gate_separation_trajectory;inversion_trajectory;replay_exposure;runtime_memory;fingerprints;same_example_pre_post_gate_delta,
P2__seq_cifar10__sym20__oracle_clean_admission__post_update__s2,scoring,training,seq_cifar10,sym20,R0,oracle_clean_admission,post_update,,,,2,new_required_historical_runs_lack_required_matched_diagnostics,accuracy_matrix;final_accuracy;ece15;brier_multiclass;nll;admission_counts;retained_counts;buffer_purity_coverage;gate_separation_trajectory;inversion_trajectory;replay_exposure;runtime_memory;fingerprints;same_example_pre_post_gate_delta,
P2__seq_cifar10__sym20__oracle_clean_admission__post_update__s3,scoring,training,seq_cifar10,sym20,R0,oracle_clean_admission,post_update,,,,3,new_required_historical_runs_lack_required_matched_diagnostics,accuracy_matrix;final_accuracy;ece15;brier_multiclass;nll;admission_counts;retained_counts;buffer_purity_coverage;gate_separation_trajectory;inversion_trajectory;replay_exposure;runtime_memory;fingerprints;same_example_pre_post_gate_delta,
P2__seq_cifar10__sym20__oracle_clean_admission__post_update__s4,scoring,training,seq_cifar10,sym20,R0,oracle_clean_admission,post_update,,,,4,new_required_historical_runs_lack_required_matched_diagnostics,accuracy_matrix;final_accuracy;ece15;brier_multiclass;nll;admission_counts;retained_counts;buffer_purity_coverage;gate_separation_trajectory;inversion_trajectory;replay_exposure;runtime_memory;fingerprints;same_example_pre_post_gate_delta,
P2__seq_cifar10__sym60__er__none__s0,scoring,training,seq_cifar10,sym60,R0,er,none,,,,0,new_required_historical_runs_lack_required_matched_diagnostics,accuracy_matrix;final_accuracy;ece15;brier_multiclass;nll;admission_counts;retained_counts;buffer_purity_coverage;gate_separation_trajectory;inversion_trajectory;replay_exposure;runtime_memory;fingerprints;same_example_pre_post_gate_delta,
P2__seq_cifar10__sym60__er__none__s1,scoring,training,seq_cifar10,sym60,R0,er,none,,,,1,new_required_historical_runs_lack_required_matched_diagnostics,accuracy_matrix;final_accuracy;ece15;brier_multiclass;nll;admission_counts;retained_counts;buffer_purity_coverage;gate_separation_trajectory;inversion_trajectory;replay_exposure;runtime_memory;fingerprints;same_example_pre_post_gate_delta,
P2__seq_cifar10__sym60__er__none__s2,scoring,training,seq_cifar10,sym60,R0,er,none,,,,2,new_required_historical_runs_lack_required_matched_diagnostics,accuracy_matrix;final_accuracy;ece15;brier_multiclass;nll;admission_counts;retained_counts;buffer_purity_coverage;gate_separation_trajectory;inversion_trajectory;replay_exposure;runtime_memory;fingerprints;same_example_pre_post_gate_delta,
P2__seq_cifar10__sym60__er__none__s3,scoring,training,seq_cifar10,sym60,R0,er,none,,,,3,new_required_historical_runs_lack_required_matched_diagnostics,accuracy_matrix;final_accuracy;ece15;brier_multiclass;nll;admission_counts;retained_counts;buffer_purity_coverage;gate_separation_trajectory;inversion_trajectory;replay_exposure;runtime_memory;fingerprints;same_example_pre_post_gate_delta,
P2__seq_cifar10__sym60__er__none__s4,scoring,training,seq_cifar10,sym60,R0,er,none,,,,4,new_required_historical_runs_lack_required_matched_diagnostics,accuracy_matrix;final_accuracy;ece15;brier_multiclass;nll;admission_counts;retained_counts;buffer_purity_coverage;gate_separation_trajectory;inversion_trajectory;replay_exposure;runtime_memory;fingerprints;same_example_pre_post_gate_delta,
P2__seq_cifar10__sym60__small_loss__post_update__s0,scoring,training,seq_cifar10,sym60,R0,small_loss,post_update,,,,0,new_required_historical_runs_lack_required_matched_diagnostics,accuracy_matrix;final_accuracy;ece15;brier_multiclass;nll;admission_counts;retained_counts;buffer_purity_coverage;gate_separation_trajectory;inversion_trajectory;replay_exposure;runtime_memory;fingerprints;same_example_pre_post_gate_delta,
P2__seq_cifar10__sym60__small_loss__post_update__s1,scoring,training,seq_cifar10,sym60,R0,small_loss,post_update,,,,1,new_required_historical_runs_lack_required_matched_diagnostics,accuracy_matrix;final_accuracy;ece15;brier_multiclass;nll;admission_counts;retained_counts;buffer_purity_coverage;gate_separation_trajectory;inversion_trajectory;replay_exposure;runtime_memory;fingerprints;same_example_pre_post_gate_delta,
P2__seq_cifar10__sym60__small_loss__post_update__s2,scoring,training,seq_cifar10,sym60,R0,small_loss,post_update,,,,2,new_required_historical_runs_lack_required_matched_diagnostics,accuracy_matrix;final_accuracy;ece15;brier_multiclass;nll;admission_counts;retained_counts;buffer_purity_coverage;gate_separation_trajectory;inversion_trajectory;replay_exposure;runtime_memory;fingerprints;same_example_pre_post_gate_delta,
P2__seq_cifar10__sym60__small_loss__post_update__s3,scoring,training,seq_cifar10,sym60,R0,small_loss,post_update,,,,3,new_required_historical_runs_lack_required_matched_diagnostics,accuracy_matrix;final_accuracy;ece15;brier_multiclass;nll;admission_counts;retained_counts;buffer_purity_coverage;gate_separation_trajectory;inversion_trajectory;replay_exposure;runtime_memory;fingerprints;same_example_pre_post_gate_delta,
P2__seq_cifar10__sym60__small_loss__post_update__s4,scoring,training,seq_cifar10,sym60,R0,small_loss,post_update,,,,4,new_required_historical_runs_lack_required_matched_diagnostics,accuracy_matrix;final_accuracy;ece15;brier_multiclass;nll;admission_counts;retained_counts;buffer_purity_coverage;gate_separation_trajectory;inversion_trajectory;replay_exposure;runtime_memory;fingerprints;same_example_pre_post_gate_delta,
P2__seq_cifar10__sym60__small_loss__pre_update__s0,scoring,training,seq_cifar10,sym60,R0,small_loss,pre_update,,,,0,new_required_historical_runs_lack_required_matched_diagnostics,accuracy_matrix;final_accuracy;ece15;brier_multiclass;nll;admission_counts;retained_counts;buffer_purity_coverage;gate_separation_trajectory;inversion_trajectory;replay_exposure;runtime_memory;fingerprints;same_example_pre_post_gate_delta,
P2__seq_cifar10__sym60__small_loss__pre_update__s1,scoring,training,seq_cifar10,sym60,R0,small_loss,pre_update,,,,1,new_required_historical_runs_lack_required_matched_diagnostics,accuracy_matrix;final_accuracy;ece15;brier_multiclass;nll;admission_counts;retained_counts;buffer_purity_coverage;gate_separation_trajectory;inversion_trajectory;replay_exposure;runtime_memory;fingerprints;same_example_pre_post_gate_delta,
P2__seq_cifar10__sym60__small_loss__pre_update__s2,scoring,training,seq_cifar10,sym60,R0,small_loss,pre_update,,,,2,new_required_historical_runs_lack_required_matched_diagnostics,accuracy_matrix;final_accuracy;ece15;brier_multiclass;nll;admission_counts;retained_counts;buffer_purity_coverage;gate_separation_trajectory;inversion_trajectory;replay_exposure;runtime_memory;fingerprints;same_example_pre_post_gate_delta,
P2__seq_cifar10__sym60__small_loss__pre_update__s3,scoring,training,seq_cifar10,sym60,R0,small_loss,pre_update,,,,3,new_required_historical_runs_lack_required_matched_diagnostics,accuracy_matrix;final_accuracy;ece15;brier_multiclass;nll;admission_counts;retained_counts;buffer_purity_coverage;gate_separation_trajectory;inversion_trajectory;replay_exposure;runtime_memory;fingerprints;same_example_pre_post_gate_delta,
P2__seq_cifar10__sym60__small_loss__pre_update__s4,scoring,training,seq_cifar10,sym60,R0,small_loss,pre_update,,,,4,new_required_historical_runs_lack_required_matched_diagnostics,accuracy_matrix;final_accuracy;ece15;brier_multiclass;nll;admission_counts;retained_counts;buffer_purity_coverage;gate_separation_trajectory;inversion_trajectory;replay_exposure;runtime_memory;fingerprints;same_example_pre_post_gate_delta,
P2__seq_cifar10__sym60__confidence__post_update__s0,scoring,training,seq_cifar10,sym60,R0,confidence,post_update,,,,0,new_required_historical_runs_lack_required_matched_diagnostics,accuracy_matrix;final_accuracy;ece15;brier_multiclass;nll;admission_counts;retained_counts;buffer_purity_coverage;gate_separation_trajectory;inversion_trajectory;replay_exposure;runtime_memory;fingerprints;same_example_pre_post_gate_delta,
P2__seq_cifar10__sym60__confidence__post_update__s1,scoring,training,seq_cifar10,sym60,R0,confidence,post_update,,,,1,new_required_historical_runs_lack_required_matched_diagnostics,accuracy_matrix;final_accuracy;ece15;brier_multiclass;nll;admission_counts;retained_counts;buffer_purity_coverage;gate_separation_trajectory;inversion_trajectory;replay_exposure;runtime_memory;fingerprints;same_example_pre_post_gate_delta,
P2__seq_cifar10__sym60__confidence__post_update__s2,scoring,training,seq_cifar10,sym60,R0,confidence,post_update,,,,2,new_required_historical_runs_lack_required_matched_diagnostics,accuracy_matrix;final_accuracy;ece15;brier_multiclass;nll;admission_counts;retained_counts;buffer_purity_coverage;gate_separation_trajectory;inversion_trajectory;replay_exposure;runtime_memory;fingerprints;same_example_pre_post_gate_delta,
P2__seq_cifar10__sym60__confidence__post_update__s3,scoring,training,seq_cifar10,sym60,R0,confidence,post_update,,,,3,new_required_historical_runs_lack_required_matched_diagnostics,accuracy_matrix;final_accuracy;ece15;brier_multiclass;nll;admission_counts;retained_counts;buffer_purity_coverage;gate_separation_trajectory;inversion_trajectory;replay_exposure;runtime_memory;fingerprints;same_example_pre_post_gate_delta,
P2__seq_cifar10__sym60__confidence__post_update__s4,scoring,training,seq_cifar10,sym60,R0,confidence,post_update,,,,4,new_required_historical_runs_lack_required_matched_diagnostics,accuracy_matrix;final_accuracy;ece15;brier_multiclass;nll;admission_counts;retained_counts;buffer_purity_coverage;gate_separation_trajectory;inversion_trajectory;replay_exposure;runtime_memory;fingerprints;same_example_pre_post_gate_delta,
P2__seq_cifar10__sym60__confidence__pre_update__s0,scoring,training,seq_cifar10,sym60,R0,confidence,pre_update,,,,0,new_required_historical_runs_lack_required_matched_diagnostics,accuracy_matrix;final_accuracy;ece15;brier_multiclass;nll;admission_counts;retained_counts;buffer_purity_coverage;gate_separation_trajectory;inversion_trajectory;replay_exposure;runtime_memory;fingerprints;same_example_pre_post_gate_delta,
P2__seq_cifar10__sym60__confidence__pre_update__s1,scoring,training,seq_cifar10,sym60,R0,confidence,pre_update,,,,1,new_required_historical_runs_lack_required_matched_diagnostics,accuracy_matrix;final_accuracy;ece15;brier_multiclass;nll;admission_counts;retained_counts;buffer_purity_coverage;gate_separation_trajectory;inversion_trajectory;replay_exposure;runtime_memory;fingerprints;same_example_pre_post_gate_delta,
P2__seq_cifar10__sym60__confidence__pre_update__s2,scoring,training,seq_cifar10,sym60,R0,confidence,pre_update,,,,2,new_required_historical_runs_lack_required_matched_diagnostics,accuracy_matrix;final_accuracy;ece15;brier_multiclass;nll;admission_counts;retained_counts;buffer_purity_coverage;gate_separation_trajectory;inversion_trajectory;replay_exposure;runtime_memory;fingerprints;same_example_pre_post_gate_delta,
P2__seq_cifar10__sym60__confidence__pre_update__s3,scoring,training,seq_cifar10,sym60,R0,confidence,pre_update,,,,3,new_required_historical_runs_lack_required_matched_diagnostics,accuracy_matrix;final_accuracy;ece15;brier_multiclass;nll;admission_counts;retained_counts;buffer_purity_coverage;gate_separation_trajectory;inversion_trajectory;replay_exposure;runtime_memory;fingerprints;same_example_pre_post_gate_delta,
P2__seq_cifar10__sym60__confidence__pre_update__s4,scoring,training,seq_cifar10,sym60,R0,confidence,pre_update,,,,4,new_required_historical_runs_lack_required_matched_diagnostics,accuracy_matrix;final_accuracy;ece15;brier_multiclass;nll;admission_counts;retained_counts;buffer_purity_coverage;gate_separation_trajectory;inversion_trajectory;replay_exposure;runtime_memory;fingerprints;same_example_pre_post_gate_delta,
P2__seq_cifar10__sym60__oracle_clean_admission__post_update__s0,scoring,training,seq_cifar10,sym60,R0,oracle_clean_admission,post_update,,,,0,new_required_historical_runs_lack_required_matched_diagnostics,accuracy_matrix;final_accuracy;ece15;brier_multiclass;nll;admission_counts;retained_counts;buffer_purity_coverage;gate_separation_trajectory;inversion_trajectory;replay_exposure;runtime_memory;fingerprints;same_example_pre_post_gate_delta,
P2__seq_cifar10__sym60__oracle_clean_admission__post_update__s1,scoring,training,seq_cifar10,sym60,R0,oracle_clean_admission,post_update,,,,1,new_required_historical_runs_lack_required_matched_diagnostics,accuracy_matrix;final_accuracy;ece15;brier_multiclass;nll;admission_counts;retained_counts;buffer_purity_coverage;gate_separation_trajectory;inversion_trajectory;replay_exposure;runtime_memory;fingerprints;same_example_pre_post_gate_delta,
P2__seq_cifar10__sym60__oracle_clean_admission__post_update__s2,scoring,training,seq_cifar10,sym60,R0,oracle_clean_admission,post_update,,,,2,new_required_historical_runs_lack_required_matched_diagnostics,accuracy_matrix;final_accuracy;ece15;brier_multiclass;nll;admission_counts;retained_counts;buffer_purity_coverage;gate_separation_trajectory;inversion_trajectory;replay_exposure;runtime_memory;fingerprints;same_example_pre_post_gate_delta,
P2__seq_cifar10__sym60__oracle_clean_admission__post_update__s3,scoring,training,seq_cifar10,sym60,R0,oracle_clean_admission,post_update,,,,3,new_required_historical_runs_lack_required_matched_diagnostics,accuracy_matrix;final_accuracy;ece15;brier_multiclass;nll;admission_counts;retained_counts;buffer_purity_coverage;gate_separation_trajectory;inversion_trajectory;replay_exposure;runtime_memory;fingerprints;same_example_pre_post_gate_delta,
P2__seq_cifar10__sym60__oracle_clean_admission__post_update__s4,scoring,training,seq_cifar10,sym60,R0,oracle_clean_admission,post_update,,,,4,new_required_historical_runs_lack_required_matched_diagnostics,accuracy_matrix;final_accuracy;ece15;brier_multiclass;nll;admission_counts;retained_counts;buffer_purity_coverage;gate_separation_trajectory;inversion_trajectory;replay_exposure;runtime_memory;fingerprints;same_example_pre_post_gate_delta,
P3H__split_cifar10__task1_sym40__s0,persistence,common_history,split_cifar10,task1_sym40,R0,ordinary_current_batch,pre_update_shadow_small_loss_and_matched_random,,,,0,new_required,task1_checkpoint;optimizer_state;two_shadow_buffers;rng_states;stable_ids;admission_multiplicity;fingerprints,
P3A__split_cifar10__task1_sym40__no_replay__s0,persistence,continuation,split_cifar10,task1_sym40,R0,no_replay,,,,0,0,new_required,task1_retention_trajectory;subsequent_task_accuracy;native_and_masked_accuracy;direct_exposure;runtime_memory,P3H__split_cifar10__task1_sym40__s0
P3__split_cifar10__task1_sym40__small_loss_pre__observed__lambda1__s0,persistence,continuation,split_cifar10,task1_sym40,R0,frozen_buffer_replay,pre_update_at_task1_admission,small_loss_pre,observed,1,0,new_required,task1_retention_trajectory;subsequent_task_accuracy;native_and_masked_accuracy;direct_replay_presentations;post_task1_replay_presentations;loss_normalized_exposure;residence;multiplicity;runtime_memory,P3H__split_cifar10__task1_sym40__s0
P3__split_cifar10__task1_sym40__small_loss_pre__observed__lambda2__s0,persistence,continuation,split_cifar10,task1_sym40,R0,frozen_buffer_replay,pre_update_at_task1_admission,small_loss_pre,observed,2,0,new_required,task1_retention_trajectory;subsequent_task_accuracy;native_and_masked_accuracy;direct_replay_presentations;post_task1_replay_presentations;loss_normalized_exposure;residence;multiplicity;runtime_memory,P3H__split_cifar10__task1_sym40__s0
P3__split_cifar10__task1_sym40__small_loss_pre__clean_reference_oracle__lambda1__s0,persistence,continuation,split_cifar10,task1_sym40,R0,frozen_buffer_replay,pre_update_at_task1_admission,small_loss_pre,clean_reference_oracle,1,0,new_required,task1_retention_trajectory;subsequent_task_accuracy;native_and_masked_accuracy;direct_replay_presentations;post_task1_replay_presentations;loss_normalized_exposure;residence;multiplicity;runtime_memory,P3H__split_cifar10__task1_sym40__s0
P3__split_cifar10__task1_sym40__small_loss_pre__clean_reference_oracle__lambda2__s0,persistence,continuation,split_cifar10,task1_sym40,R0,frozen_buffer_replay,pre_update_at_task1_admission,small_loss_pre,clean_reference_oracle,2,0,new_required,task1_retention_trajectory;subsequent_task_accuracy;native_and_masked_accuracy;direct_replay_presentations;post_task1_replay_presentations;loss_normalized_exposure;residence;multiplicity;runtime_memory,P3H__split_cifar10__task1_sym40__s0
P3__split_cifar10__task1_sym40__random_count_matched__observed__lambda1__s0,persistence,continuation,split_cifar10,task1_sym40,R0,frozen_buffer_replay,pre_update_at_task1_admission,random_count_matched,observed,1,0,new_required,task1_retention_trajectory;subsequent_task_accuracy;native_and_masked_accuracy;direct_replay_presentations;post_task1_replay_presentations;loss_normalized_exposure;residence;multiplicity;runtime_memory,P3H__split_cifar10__task1_sym40__s0
P3__split_cifar10__task1_sym40__random_count_matched__observed__lambda2__s0,persistence,continuation,split_cifar10,task1_sym40,R0,frozen_buffer_replay,pre_update_at_task1_admission,random_count_matched,observed,2,0,new_required,task1_retention_trajectory;subsequent_task_accuracy;native_and_masked_accuracy;direct_replay_presentations;post_task1_replay_presentations;loss_normalized_exposure;residence;multiplicity;runtime_memory,P3H__split_cifar10__task1_sym40__s0
P3__split_cifar10__task1_sym40__random_count_matched__clean_reference_oracle__lambda1__s0,persistence,continuation,split_cifar10,task1_sym40,R0,frozen_buffer_replay,pre_update_at_task1_admission,random_count_matched,clean_reference_oracle,1,0,new_required,task1_retention_trajectory;subsequent_task_accuracy;native_and_masked_accuracy;direct_replay_presentations;post_task1_replay_presentations;loss_normalized_exposure;residence;multiplicity;runtime_memory,P3H__split_cifar10__task1_sym40__s0
P3__split_cifar10__task1_sym40__random_count_matched__clean_reference_oracle__lambda2__s0,persistence,continuation,split_cifar10,task1_sym40,R0,frozen_buffer_replay,pre_update_at_task1_admission,random_count_matched,clean_reference_oracle,2,0,new_required,task1_retention_trajectory;subsequent_task_accuracy;native_and_masked_accuracy;direct_replay_presentations;post_task1_replay_presentations;loss_normalized_exposure;residence;multiplicity;runtime_memory,P3H__split_cifar10__task1_sym40__s0
P3H__split_cifar10__task1_sym40__s1,persistence,common_history,split_cifar10,task1_sym40,R0,ordinary_current_batch,pre_update_shadow_small_loss_and_matched_random,,,,1,new_required,task1_checkpoint;optimizer_state;two_shadow_buffers;rng_states;stable_ids;admission_multiplicity;fingerprints,
P3A__split_cifar10__task1_sym40__no_replay__s1,persistence,continuation,split_cifar10,task1_sym40,R0,no_replay,,,,0,1,new_required,task1_retention_trajectory;subsequent_task_accuracy;native_and_masked_accuracy;direct_exposure;runtime_memory,P3H__split_cifar10__task1_sym40__s1
P3__split_cifar10__task1_sym40__small_loss_pre__observed__lambda1__s1,persistence,continuation,split_cifar10,task1_sym40,R0,frozen_buffer_replay,pre_update_at_task1_admission,small_loss_pre,observed,1,1,new_required,task1_retention_trajectory;subsequent_task_accuracy;native_and_masked_accuracy;direct_replay_presentations;post_task1_replay_presentations;loss_normalized_exposure;residence;multiplicity;runtime_memory,P3H__split_cifar10__task1_sym40__s1
P3__split_cifar10__task1_sym40__small_loss_pre__observed__lambda2__s1,persistence,continuation,split_cifar10,task1_sym40,R0,frozen_buffer_replay,pre_update_at_task1_admission,small_loss_pre,observed,2,1,new_required,task1_retention_trajectory;subsequent_task_accuracy;native_and_masked_accuracy;direct_replay_presentations;post_task1_replay_presentations;loss_normalized_exposure;residence;multiplicity;runtime_memory,P3H__split_cifar10__task1_sym40__s1
P3__split_cifar10__task1_sym40__small_loss_pre__clean_reference_oracle__lambda1__s1,persistence,continuation,split_cifar10,task1_sym40,R0,frozen_buffer_replay,pre_update_at_task1_admission,small_loss_pre,clean_reference_oracle,1,1,new_required,task1_retention_trajectory;subsequent_task_accuracy;native_and_masked_accuracy;direct_replay_presentations;post_task1_replay_presentations;loss_normalized_exposure;residence;multiplicity;runtime_memory,P3H__split_cifar10__task1_sym40__s1
P3__split_cifar10__task1_sym40__small_loss_pre__clean_reference_oracle__lambda2__s1,persistence,continuation,split_cifar10,task1_sym40,R0,frozen_buffer_replay,pre_update_at_task1_admission,small_loss_pre,clean_reference_oracle,2,1,new_required,task1_retention_trajectory;subsequent_task_accuracy;native_and_masked_accuracy;direct_replay_presentations;post_task1_replay_presentations;loss_normalized_exposure;residence;multiplicity;runtime_memory,P3H__split_cifar10__task1_sym40__s1
P3__split_cifar10__task1_sym40__random_count_matched__observed__lambda1__s1,persistence,continuation,split_cifar10,task1_sym40,R0,frozen_buffer_replay,pre_update_at_task1_admission,random_count_matched,observed,1,1,new_required,task1_retention_trajectory;subsequent_task_accuracy;native_and_masked_accuracy;direct_replay_presentations;post_task1_replay_presentations;loss_normalized_exposure;residence;multiplicity;runtime_memory,P3H__split_cifar10__task1_sym40__s1
P3__split_cifar10__task1_sym40__random_count_matched__observed__lambda2__s1,persistence,continuation,split_cifar10,task1_sym40,R0,frozen_buffer_replay,pre_update_at_task1_admission,random_count_matched,observed,2,1,new_required,task1_retention_trajectory;subsequent_task_accuracy;native_and_masked_accuracy;direct_replay_presentations;post_task1_replay_presentations;loss_normalized_exposure;residence;multiplicity;runtime_memory,P3H__split_cifar10__task1_sym40__s1
P3__split_cifar10__task1_sym40__random_count_matched__clean_reference_oracle__lambda1__s1,persistence,continuation,split_cifar10,task1_sym40,R0,frozen_buffer_replay,pre_update_at_task1_admission,random_count_matched,clean_reference_oracle,1,1,new_required,task1_retention_trajectory;subsequent_task_accuracy;native_and_masked_accuracy;direct_replay_presentations;post_task1_replay_presentations;loss_normalized_exposure;residence;multiplicity;runtime_memory,P3H__split_cifar10__task1_sym40__s1
P3__split_cifar10__task1_sym40__random_count_matched__clean_reference_oracle__lambda2__s1,persistence,continuation,split_cifar10,task1_sym40,R0,frozen_buffer_replay,pre_update_at_task1_admission,random_count_matched,clean_reference_oracle,2,1,new_required,task1_retention_trajectory;subsequent_task_accuracy;native_and_masked_accuracy;direct_replay_presentations;post_task1_replay_presentations;loss_normalized_exposure;residence;multiplicity;runtime_memory,P3H__split_cifar10__task1_sym40__s1
P3H__split_cifar10__task1_sym40__s2,persistence,common_history,split_cifar10,task1_sym40,R0,ordinary_current_batch,pre_update_shadow_small_loss_and_matched_random,,,,2,new_required,task1_checkpoint;optimizer_state;two_shadow_buffers;rng_states;stable_ids;admission_multiplicity;fingerprints,
P3A__split_cifar10__task1_sym40__no_replay__s2,persistence,continuation,split_cifar10,task1_sym40,R0,no_replay,,,,0,2,new_required,task1_retention_trajectory;subsequent_task_accuracy;native_and_masked_accuracy;direct_exposure;runtime_memory,P3H__split_cifar10__task1_sym40__s2
P3__split_cifar10__task1_sym40__small_loss_pre__observed__lambda1__s2,persistence,continuation,split_cifar10,task1_sym40,R0,frozen_buffer_replay,pre_update_at_task1_admission,small_loss_pre,observed,1,2,new_required,task1_retention_trajectory;subsequent_task_accuracy;native_and_masked_accuracy;direct_replay_presentations;post_task1_replay_presentations;loss_normalized_exposure;residence;multiplicity;runtime_memory,P3H__split_cifar10__task1_sym40__s2
P3__split_cifar10__task1_sym40__small_loss_pre__observed__lambda2__s2,persistence,continuation,split_cifar10,task1_sym40,R0,frozen_buffer_replay,pre_update_at_task1_admission,small_loss_pre,observed,2,2,new_required,task1_retention_trajectory;subsequent_task_accuracy;native_and_masked_accuracy;direct_replay_presentations;post_task1_replay_presentations;loss_normalized_exposure;residence;multiplicity;runtime_memory,P3H__split_cifar10__task1_sym40__s2
P3__split_cifar10__task1_sym40__small_loss_pre__clean_reference_oracle__lambda1__s2,persistence,continuation,split_cifar10,task1_sym40,R0,frozen_buffer_replay,pre_update_at_task1_admission,small_loss_pre,clean_reference_oracle,1,2,new_required,task1_retention_trajectory;subsequent_task_accuracy;native_and_masked_accuracy;direct_replay_presentations;post_task1_replay_presentations;loss_normalized_exposure;residence;multiplicity;runtime_memory,P3H__split_cifar10__task1_sym40__s2
P3__split_cifar10__task1_sym40__small_loss_pre__clean_reference_oracle__lambda2__s2,persistence,continuation,split_cifar10,task1_sym40,R0,frozen_buffer_replay,pre_update_at_task1_admission,small_loss_pre,clean_reference_oracle,2,2,new_required,task1_retention_trajectory;subsequent_task_accuracy;native_and_masked_accuracy;direct_replay_presentations;post_task1_replay_presentations;loss_normalized_exposure;residence;multiplicity;runtime_memory,P3H__split_cifar10__task1_sym40__s2
P3__split_cifar10__task1_sym40__random_count_matched__observed__lambda1__s2,persistence,continuation,split_cifar10,task1_sym40,R0,frozen_buffer_replay,pre_update_at_task1_admission,random_count_matched,observed,1,2,new_required,task1_retention_trajectory;subsequent_task_accuracy;native_and_masked_accuracy;direct_replay_presentations;post_task1_replay_presentations;loss_normalized_exposure;residence;multiplicity;runtime_memory,P3H__split_cifar10__task1_sym40__s2
P3__split_cifar10__task1_sym40__random_count_matched__observed__lambda2__s2,persistence,continuation,split_cifar10,task1_sym40,R0,frozen_buffer_replay,pre_update_at_task1_admission,random_count_matched,observed,2,2,new_required,task1_retention_trajectory;subsequent_task_accuracy;native_and_masked_accuracy;direct_replay_presentations;post_task1_replay_presentations;loss_normalized_exposure;residence;multiplicity;runtime_memory,P3H__split_cifar10__task1_sym40__s2
P3__split_cifar10__task1_sym40__random_count_matched__clean_reference_oracle__lambda1__s2,persistence,continuation,split_cifar10,task1_sym40,R0,frozen_buffer_replay,pre_update_at_task1_admission,random_count_matched,clean_reference_oracle,1,2,new_required,task1_retention_trajectory;subsequent_task_accuracy;native_and_masked_accuracy;direct_replay_presentations;post_task1_replay_presentations;loss_normalized_exposure;residence;multiplicity;runtime_memory,P3H__split_cifar10__task1_sym40__s2
P3__split_cifar10__task1_sym40__random_count_matched__clean_reference_oracle__lambda2__s2,persistence,continuation,split_cifar10,task1_sym40,R0,frozen_buffer_replay,pre_update_at_task1_admission,random_count_matched,clean_reference_oracle,2,2,new_required,task1_retention_trajectory;subsequent_task_accuracy;native_and_masked_accuracy;direct_replay_presentations;post_task1_replay_presentations;loss_normalized_exposure;residence;multiplicity;runtime_memory,P3H__split_cifar10__task1_sym40__s2
P3H__split_cifar10__task1_sym40__s3,persistence,common_history,split_cifar10,task1_sym40,R0,ordinary_current_batch,pre_update_shadow_small_loss_and_matched_random,,,,3,new_required,task1_checkpoint;optimizer_state;two_shadow_buffers;rng_states;stable_ids;admission_multiplicity;fingerprints,
P3A__split_cifar10__task1_sym40__no_replay__s3,persistence,continuation,split_cifar10,task1_sym40,R0,no_replay,,,,0,3,new_required,task1_retention_trajectory;subsequent_task_accuracy;native_and_masked_accuracy;direct_exposure;runtime_memory,P3H__split_cifar10__task1_sym40__s3
P3__split_cifar10__task1_sym40__small_loss_pre__observed__lambda1__s3,persistence,continuation,split_cifar10,task1_sym40,R0,frozen_buffer_replay,pre_update_at_task1_admission,small_loss_pre,observed,1,3,new_required,task1_retention_trajectory;subsequent_task_accuracy;native_and_masked_accuracy;direct_replay_presentations;post_task1_replay_presentations;loss_normalized_exposure;residence;multiplicity;runtime_memory,P3H__split_cifar10__task1_sym40__s3
P3__split_cifar10__task1_sym40__small_loss_pre__observed__lambda2__s3,persistence,continuation,split_cifar10,task1_sym40,R0,frozen_buffer_replay,pre_update_at_task1_admission,small_loss_pre,observed,2,3,new_required,task1_retention_trajectory;subsequent_task_accuracy;native_and_masked_accuracy;direct_replay_presentations;post_task1_replay_presentations;loss_normalized_exposure;residence;multiplicity;runtime_memory,P3H__split_cifar10__task1_sym40__s3
P3__split_cifar10__task1_sym40__small_loss_pre__clean_reference_oracle__lambda1__s3,persistence,continuation,split_cifar10,task1_sym40,R0,frozen_buffer_replay,pre_update_at_task1_admission,small_loss_pre,clean_reference_oracle,1,3,new_required,task1_retention_trajectory;subsequent_task_accuracy;native_and_masked_accuracy;direct_replay_presentations;post_task1_replay_presentations;loss_normalized_exposure;residence;multiplicity;runtime_memory,P3H__split_cifar10__task1_sym40__s3
P3__split_cifar10__task1_sym40__small_loss_pre__clean_reference_oracle__lambda2__s3,persistence,continuation,split_cifar10,task1_sym40,R0,frozen_buffer_replay,pre_update_at_task1_admission,small_loss_pre,clean_reference_oracle,2,3,new_required,task1_retention_trajectory;subsequent_task_accuracy;native_and_masked_accuracy;direct_replay_presentations;post_task1_replay_presentations;loss_normalized_exposure;residence;multiplicity;runtime_memory,P3H__split_cifar10__task1_sym40__s3
P3__split_cifar10__task1_sym40__random_count_matched__observed__lambda1__s3,persistence,continuation,split_cifar10,task1_sym40,R0,frozen_buffer_replay,pre_update_at_task1_admission,random_count_matched,observed,1,3,new_required,task1_retention_trajectory;subsequent_task_accuracy;native_and_masked_accuracy;direct_replay_presentations;post_task1_replay_presentations;loss_normalized_exposure;residence;multiplicity;runtime_memory,P3H__split_cifar10__task1_sym40__s3
P3__split_cifar10__task1_sym40__random_count_matched__observed__lambda2__s3,persistence,continuation,split_cifar10,task1_sym40,R0,frozen_buffer_replay,pre_update_at_task1_admission,random_count_matched,observed,2,3,new_required,task1_retention_trajectory;subsequent_task_accuracy;native_and_masked_accuracy;direct_replay_presentations;post_task1_replay_presentations;loss_normalized_exposure;residence;multiplicity;runtime_memory,P3H__split_cifar10__task1_sym40__s3
P3__split_cifar10__task1_sym40__random_count_matched__clean_reference_oracle__lambda1__s3,persistence,continuation,split_cifar10,task1_sym40,R0,frozen_buffer_replay,pre_update_at_task1_admission,random_count_matched,clean_reference_oracle,1,3,new_required,task1_retention_trajectory;subsequent_task_accuracy;native_and_masked_accuracy;direct_replay_presentations;post_task1_replay_presentations;loss_normalized_exposure;residence;multiplicity;runtime_memory,P3H__split_cifar10__task1_sym40__s3
P3__split_cifar10__task1_sym40__random_count_matched__clean_reference_oracle__lambda2__s3,persistence,continuation,split_cifar10,task1_sym40,R0,frozen_buffer_replay,pre_update_at_task1_admission,random_count_matched,clean_reference_oracle,2,3,new_required,task1_retention_trajectory;subsequent_task_accuracy;native_and_masked_accuracy;direct_replay_presentations;post_task1_replay_presentations;loss_normalized_exposure;residence;multiplicity;runtime_memory,P3H__split_cifar10__task1_sym40__s3
P3H__split_cifar10__task1_sym40__s4,persistence,common_history,split_cifar10,task1_sym40,R0,ordinary_current_batch,pre_update_shadow_small_loss_and_matched_random,,,,4,new_required,task1_checkpoint;optimizer_state;two_shadow_buffers;rng_states;stable_ids;admission_multiplicity;fingerprints,
P3A__split_cifar10__task1_sym40__no_replay__s4,persistence,continuation,split_cifar10,task1_sym40,R0,no_replay,,,,0,4,new_required,task1_retention_trajectory;subsequent_task_accuracy;native_and_masked_accuracy;direct_exposure;runtime_memory,P3H__split_cifar10__task1_sym40__s4
P3__split_cifar10__task1_sym40__small_loss_pre__observed__lambda1__s4,persistence,continuation,split_cifar10,task1_sym40,R0,frozen_buffer_replay,pre_update_at_task1_admission,small_loss_pre,observed,1,4,new_required,task1_retention_trajectory;subsequent_task_accuracy;native_and_masked_accuracy;direct_replay_presentations;post_task1_replay_presentations;loss_normalized_exposure;residence;multiplicity;runtime_memory,P3H__split_cifar10__task1_sym40__s4
P3__split_cifar10__task1_sym40__small_loss_pre__observed__lambda2__s4,persistence,continuation,split_cifar10,task1_sym40,R0,frozen_buffer_replay,pre_update_at_task1_admission,small_loss_pre,observed,2,4,new_required,task1_retention_trajectory;subsequent_task_accuracy;native_and_masked_accuracy;direct_replay_presentations;post_task1_replay_presentations;loss_normalized_exposure;residence;multiplicity;runtime_memory,P3H__split_cifar10__task1_sym40__s4
P3__split_cifar10__task1_sym40__small_loss_pre__clean_reference_oracle__lambda1__s4,persistence,continuation,split_cifar10,task1_sym40,R0,frozen_buffer_replay,pre_update_at_task1_admission,small_loss_pre,clean_reference_oracle,1,4,new_required,task1_retention_trajectory;subsequent_task_accuracy;native_and_masked_accuracy;direct_replay_presentations;post_task1_replay_presentations;loss_normalized_exposure;residence;multiplicity;runtime_memory,P3H__split_cifar10__task1_sym40__s4
P3__split_cifar10__task1_sym40__small_loss_pre__clean_reference_oracle__lambda2__s4,persistence,continuation,split_cifar10,task1_sym40,R0,frozen_buffer_replay,pre_update_at_task1_admission,small_loss_pre,clean_reference_oracle,2,4,new_required,task1_retention_trajectory;subsequent_task_accuracy;native_and_masked_accuracy;direct_replay_presentations;post_task1_replay_presentations;loss_normalized_exposure;residence;multiplicity;runtime_memory,P3H__split_cifar10__task1_sym40__s4
P3__split_cifar10__task1_sym40__random_count_matched__observed__lambda1__s4,persistence,continuation,split_cifar10,task1_sym40,R0,frozen_buffer_replay,pre_update_at_task1_admission,random_count_matched,observed,1,4,new_required,task1_retention_trajectory;subsequent_task_accuracy;native_and_masked_accuracy;direct_replay_presentations;post_task1_replay_presentations;loss_normalized_exposure;residence;multiplicity;runtime_memory,P3H__split_cifar10__task1_sym40__s4
P3__split_cifar10__task1_sym40__random_count_matched__observed__lambda2__s4,persistence,continuation,split_cifar10,task1_sym40,R0,frozen_buffer_replay,pre_update_at_task1_admission,random_count_matched,observed,2,4,new_required,task1_retention_trajectory;subsequent_task_accuracy;native_and_masked_accuracy;direct_replay_presentations;post_task1_replay_presentations;loss_normalized_exposure;residence;multiplicity;runtime_memory,P3H__split_cifar10__task1_sym40__s4
P3__split_cifar10__task1_sym40__random_count_matched__clean_reference_oracle__lambda1__s4,persistence,continuation,split_cifar10,task1_sym40,R0,frozen_buffer_replay,pre_update_at_task1_admission,random_count_matched,clean_reference_oracle,1,4,new_required,task1_retention_trajectory;subsequent_task_accuracy;native_and_masked_accuracy;direct_replay_presentations;post_task1_replay_presentations;loss_normalized_exposure;residence;multiplicity;runtime_memory,P3H__split_cifar10__task1_sym40__s4
P3__split_cifar10__task1_sym40__random_count_matched__clean_reference_oracle__lambda2__s4,persistence,continuation,split_cifar10,task1_sym40,R0,frozen_buffer_replay,pre_update_at_task1_admission,random_count_matched,clean_reference_oracle,2,4,new_required,task1_retention_trajectory;subsequent_task_accuracy;native_and_masked_accuracy;direct_replay_presentations;post_task1_replay_presentations;loss_normalized_exposure;residence;multiplicity;runtime_memory,P3H__split_cifar10__task1_sym40__s4
P3H__split_cifar10__task1_sym60__s0,persistence,common_history,split_cifar10,task1_sym60,R0,ordinary_current_batch,pre_update_shadow_small_loss_and_matched_random,,,,0,new_required,task1_checkpoint;optimizer_state;two_shadow_buffers;rng_states;stable_ids;admission_multiplicity;fingerprints,
P3A__split_cifar10__task1_sym60__no_replay__s0,persistence,continuation,split_cifar10,task1_sym60,R0,no_replay,,,,0,0,new_required,task1_retention_trajectory;subsequent_task_accuracy;native_and_masked_accuracy;direct_exposure;runtime_memory,P3H__split_cifar10__task1_sym60__s0
P3__split_cifar10__task1_sym60__small_loss_pre__observed__lambda1__s0,persistence,continuation,split_cifar10,task1_sym60,R0,frozen_buffer_replay,pre_update_at_task1_admission,small_loss_pre,observed,1,0,new_required,task1_retention_trajectory;subsequent_task_accuracy;native_and_masked_accuracy;direct_replay_presentations;post_task1_replay_presentations;loss_normalized_exposure;residence;multiplicity;runtime_memory,P3H__split_cifar10__task1_sym60__s0
P3__split_cifar10__task1_sym60__small_loss_pre__observed__lambda2__s0,persistence,continuation,split_cifar10,task1_sym60,R0,frozen_buffer_replay,pre_update_at_task1_admission,small_loss_pre,observed,2,0,new_required,task1_retention_trajectory;subsequent_task_accuracy;native_and_masked_accuracy;direct_replay_presentations;post_task1_replay_presentations;loss_normalized_exposure;residence;multiplicity;runtime_memory,P3H__split_cifar10__task1_sym60__s0
P3__split_cifar10__task1_sym60__small_loss_pre__clean_reference_oracle__lambda1__s0,persistence,continuation,split_cifar10,task1_sym60,R0,frozen_buffer_replay,pre_update_at_task1_admission,small_loss_pre,clean_reference_oracle,1,0,new_required,task1_retention_trajectory;subsequent_task_accuracy;native_and_masked_accuracy;direct_replay_presentations;post_task1_replay_presentations;loss_normalized_exposure;residence;multiplicity;runtime_memory,P3H__split_cifar10__task1_sym60__s0
P3__split_cifar10__task1_sym60__small_loss_pre__clean_reference_oracle__lambda2__s0,persistence,continuation,split_cifar10,task1_sym60,R0,frozen_buffer_replay,pre_update_at_task1_admission,small_loss_pre,clean_reference_oracle,2,0,new_required,task1_retention_trajectory;subsequent_task_accuracy;native_and_masked_accuracy;direct_replay_presentations;post_task1_replay_presentations;loss_normalized_exposure;residence;multiplicity;runtime_memory,P3H__split_cifar10__task1_sym60__s0
P3__split_cifar10__task1_sym60__random_count_matched__observed__lambda1__s0,persistence,continuation,split_cifar10,task1_sym60,R0,frozen_buffer_replay,pre_update_at_task1_admission,random_count_matched,observed,1,0,new_required,task1_retention_trajectory;subsequent_task_accuracy;native_and_masked_accuracy;direct_replay_presentations;post_task1_replay_presentations;loss_normalized_exposure;residence;multiplicity;runtime_memory,P3H__split_cifar10__task1_sym60__s0
P3__split_cifar10__task1_sym60__random_count_matched__observed__lambda2__s0,persistence,continuation,split_cifar10,task1_sym60,R0,frozen_buffer_replay,pre_update_at_task1_admission,random_count_matched,observed,2,0,new_required,task1_retention_trajectory;subsequent_task_accuracy;native_and_masked_accuracy;direct_replay_presentations;post_task1_replay_presentations;loss_normalized_exposure;residence;multiplicity;runtime_memory,P3H__split_cifar10__task1_sym60__s0
P3__split_cifar10__task1_sym60__random_count_matched__clean_reference_oracle__lambda1__s0,persistence,continuation,split_cifar10,task1_sym60,R0,frozen_buffer_replay,pre_update_at_task1_admission,random_count_matched,clean_reference_oracle,1,0,new_required,task1_retention_trajectory;subsequent_task_accuracy;native_and_masked_accuracy;direct_replay_presentations;post_task1_replay_presentations;loss_normalized_exposure;residence;multiplicity;runtime_memory,P3H__split_cifar10__task1_sym60__s0
P3__split_cifar10__task1_sym60__random_count_matched__clean_reference_oracle__lambda2__s0,persistence,continuation,split_cifar10,task1_sym60,R0,frozen_buffer_replay,pre_update_at_task1_admission,random_count_matched,clean_reference_oracle,2,0,new_required,task1_retention_trajectory;subsequent_task_accuracy;native_and_masked_accuracy;direct_replay_presentations;post_task1_replay_presentations;loss_normalized_exposure;residence;multiplicity;runtime_memory,P3H__split_cifar10__task1_sym60__s0
P3H__split_cifar10__task1_sym60__s1,persistence,common_history,split_cifar10,task1_sym60,R0,ordinary_current_batch,pre_update_shadow_small_loss_and_matched_random,,,,1,new_required,task1_checkpoint;optimizer_state;two_shadow_buffers;rng_states;stable_ids;admission_multiplicity;fingerprints,
P3A__split_cifar10__task1_sym60__no_replay__s1,persistence,continuation,split_cifar10,task1_sym60,R0,no_replay,,,,0,1,new_required,task1_retention_trajectory;subsequent_task_accuracy;native_and_masked_accuracy;direct_exposure;runtime_memory,P3H__split_cifar10__task1_sym60__s1
P3__split_cifar10__task1_sym60__small_loss_pre__observed__lambda1__s1,persistence,continuation,split_cifar10,task1_sym60,R0,frozen_buffer_replay,pre_update_at_task1_admission,small_loss_pre,observed,1,1,new_required,task1_retention_trajectory;subsequent_task_accuracy;native_and_masked_accuracy;direct_replay_presentations;post_task1_replay_presentations;loss_normalized_exposure;residence;multiplicity;runtime_memory,P3H__split_cifar10__task1_sym60__s1
P3__split_cifar10__task1_sym60__small_loss_pre__observed__lambda2__s1,persistence,continuation,split_cifar10,task1_sym60,R0,frozen_buffer_replay,pre_update_at_task1_admission,small_loss_pre,observed,2,1,new_required,task1_retention_trajectory;subsequent_task_accuracy;native_and_masked_accuracy;direct_replay_presentations;post_task1_replay_presentations;loss_normalized_exposure;residence;multiplicity;runtime_memory,P3H__split_cifar10__task1_sym60__s1
P3__split_cifar10__task1_sym60__small_loss_pre__clean_reference_oracle__lambda1__s1,persistence,continuation,split_cifar10,task1_sym60,R0,frozen_buffer_replay,pre_update_at_task1_admission,small_loss_pre,clean_reference_oracle,1,1,new_required,task1_retention_trajectory;subsequent_task_accuracy;native_and_masked_accuracy;direct_replay_presentations;post_task1_replay_presentations;loss_normalized_exposure;residence;multiplicity;runtime_memory,P3H__split_cifar10__task1_sym60__s1
P3__split_cifar10__task1_sym60__small_loss_pre__clean_reference_oracle__lambda2__s1,persistence,continuation,split_cifar10,task1_sym60,R0,frozen_buffer_replay,pre_update_at_task1_admission,small_loss_pre,clean_reference_oracle,2,1,new_required,task1_retention_trajectory;subsequent_task_accuracy;native_and_masked_accuracy;direct_replay_presentations;post_task1_replay_presentations;loss_normalized_exposure;residence;multiplicity;runtime_memory,P3H__split_cifar10__task1_sym60__s1
P3__split_cifar10__task1_sym60__random_count_matched__observed__lambda1__s1,persistence,continuation,split_cifar10,task1_sym60,R0,frozen_buffer_replay,pre_update_at_task1_admission,random_count_matched,observed,1,1,new_required,task1_retention_trajectory;subsequent_task_accuracy;native_and_masked_accuracy;direct_replay_presentations;post_task1_replay_presentations;loss_normalized_exposure;residence;multiplicity;runtime_memory,P3H__split_cifar10__task1_sym60__s1
P3__split_cifar10__task1_sym60__random_count_matched__observed__lambda2__s1,persistence,continuation,split_cifar10,task1_sym60,R0,frozen_buffer_replay,pre_update_at_task1_admission,random_count_matched,observed,2,1,new_required,task1_retention_trajectory;subsequent_task_accuracy;native_and_masked_accuracy;direct_replay_presentations;post_task1_replay_presentations;loss_normalized_exposure;residence;multiplicity;runtime_memory,P3H__split_cifar10__task1_sym60__s1
P3__split_cifar10__task1_sym60__random_count_matched__clean_reference_oracle__lambda1__s1,persistence,continuation,split_cifar10,task1_sym60,R0,frozen_buffer_replay,pre_update_at_task1_admission,random_count_matched,clean_reference_oracle,1,1,new_required,task1_retention_trajectory;subsequent_task_accuracy;native_and_masked_accuracy;direct_replay_presentations;post_task1_replay_presentations;loss_normalized_exposure;residence;multiplicity;runtime_memory,P3H__split_cifar10__task1_sym60__s1
P3__split_cifar10__task1_sym60__random_count_matched__clean_reference_oracle__lambda2__s1,persistence,continuation,split_cifar10,task1_sym60,R0,frozen_buffer_replay,pre_update_at_task1_admission,random_count_matched,clean_reference_oracle,2,1,new_required,task1_retention_trajectory;subsequent_task_accuracy;native_and_masked_accuracy;direct_replay_presentations;post_task1_replay_presentations;loss_normalized_exposure;residence;multiplicity;runtime_memory,P3H__split_cifar10__task1_sym60__s1
P3H__split_cifar10__task1_sym60__s2,persistence,common_history,split_cifar10,task1_sym60,R0,ordinary_current_batch,pre_update_shadow_small_loss_and_matched_random,,,,2,new_required,task1_checkpoint;optimizer_state;two_shadow_buffers;rng_states;stable_ids;admission_multiplicity;fingerprints,
P3A__split_cifar10__task1_sym60__no_replay__s2,persistence,continuation,split_cifar10,task1_sym60,R0,no_replay,,,,0,2,new_required,task1_retention_trajectory;subsequent_task_accuracy;native_and_masked_accuracy;direct_exposure;runtime_memory,P3H__split_cifar10__task1_sym60__s2
P3__split_cifar10__task1_sym60__small_loss_pre__observed__lambda1__s2,persistence,continuation,split_cifar10,task1_sym60,R0,frozen_buffer_replay,pre_update_at_task1_admission,small_loss_pre,observed,1,2,new_required,task1_retention_trajectory;subsequent_task_accuracy;native_and_masked_accuracy;direct_replay_presentations;post_task1_replay_presentations;loss_normalized_exposure;residence;multiplicity;runtime_memory,P3H__split_cifar10__task1_sym60__s2
P3__split_cifar10__task1_sym60__small_loss_pre__observed__lambda2__s2,persistence,continuation,split_cifar10,task1_sym60,R0,frozen_buffer_replay,pre_update_at_task1_admission,small_loss_pre,observed,2,2,new_required,task1_retention_trajectory;subsequent_task_accuracy;native_and_masked_accuracy;direct_replay_presentations;post_task1_replay_presentations;loss_normalized_exposure;residence;multiplicity;runtime_memory,P3H__split_cifar10__task1_sym60__s2
P3__split_cifar10__task1_sym60__small_loss_pre__clean_reference_oracle__lambda1__s2,persistence,continuation,split_cifar10,task1_sym60,R0,frozen_buffer_replay,pre_update_at_task1_admission,small_loss_pre,clean_reference_oracle,1,2,new_required,task1_retention_trajectory;subsequent_task_accuracy;native_and_masked_accuracy;direct_replay_presentations;post_task1_replay_presentations;loss_normalized_exposure;residence;multiplicity;runtime_memory,P3H__split_cifar10__task1_sym60__s2
P3__split_cifar10__task1_sym60__small_loss_pre__clean_reference_oracle__lambda2__s2,persistence,continuation,split_cifar10,task1_sym60,R0,frozen_buffer_replay,pre_update_at_task1_admission,small_loss_pre,clean_reference_oracle,2,2,new_required,task1_retention_trajectory;subsequent_task_accuracy;native_and_masked_accuracy;direct_replay_presentations;post_task1_replay_presentations;loss_normalized_exposure;residence;multiplicity;runtime_memory,P3H__split_cifar10__task1_sym60__s2
P3__split_cifar10__task1_sym60__random_count_matched__observed__lambda1__s2,persistence,continuation,split_cifar10,task1_sym60,R0,frozen_buffer_replay,pre_update_at_task1_admission,random_count_matched,observed,1,2,new_required,task1_retention_trajectory;subsequent_task_accuracy;native_and_masked_accuracy;direct_replay_presentations;post_task1_replay_presentations;loss_normalized_exposure;residence;multiplicity;runtime_memory,P3H__split_cifar10__task1_sym60__s2
P3__split_cifar10__task1_sym60__random_count_matched__observed__lambda2__s2,persistence,continuation,split_cifar10,task1_sym60,R0,frozen_buffer_replay,pre_update_at_task1_admission,random_count_matched,observed,2,2,new_required,task1_retention_trajectory;subsequent_task_accuracy;native_and_masked_accuracy;direct_replay_presentations;post_task1_replay_presentations;loss_normalized_exposure;residence;multiplicity;runtime_memory,P3H__split_cifar10__task1_sym60__s2
P3__split_cifar10__task1_sym60__random_count_matched__clean_reference_oracle__lambda1__s2,persistence,continuation,split_cifar10,task1_sym60,R0,frozen_buffer_replay,pre_update_at_task1_admission,random_count_matched,clean_reference_oracle,1,2,new_required,task1_retention_trajectory;subsequent_task_accuracy;native_and_masked_accuracy;direct_replay_presentations;post_task1_replay_presentations;loss_normalized_exposure;residence;multiplicity;runtime_memory,P3H__split_cifar10__task1_sym60__s2
P3__split_cifar10__task1_sym60__random_count_matched__clean_reference_oracle__lambda2__s2,persistence,continuation,split_cifar10,task1_sym60,R0,frozen_buffer_replay,pre_update_at_task1_admission,random_count_matched,clean_reference_oracle,2,2,new_required,task1_retention_trajectory;subsequent_task_accuracy;native_and_masked_accuracy;direct_replay_presentations;post_task1_replay_presentations;loss_normalized_exposure;residence;multiplicity;runtime_memory,P3H__split_cifar10__task1_sym60__s2
P3H__split_cifar10__task1_sym60__s3,persistence,common_history,split_cifar10,task1_sym60,R0,ordinary_current_batch,pre_update_shadow_small_loss_and_matched_random,,,,3,new_required,task1_checkpoint;optimizer_state;two_shadow_buffers;rng_states;stable_ids;admission_multiplicity;fingerprints,
P3A__split_cifar10__task1_sym60__no_replay__s3,persistence,continuation,split_cifar10,task1_sym60,R0,no_replay,,,,0,3,new_required,task1_retention_trajectory;subsequent_task_accuracy;native_and_masked_accuracy;direct_exposure;runtime_memory,P3H__split_cifar10__task1_sym60__s3
P3__split_cifar10__task1_sym60__small_loss_pre__observed__lambda1__s3,persistence,continuation,split_cifar10,task1_sym60,R0,frozen_buffer_replay,pre_update_at_task1_admission,small_loss_pre,observed,1,3,new_required,task1_retention_trajectory;subsequent_task_accuracy;native_and_masked_accuracy;direct_replay_presentations;post_task1_replay_presentations;loss_normalized_exposure;residence;multiplicity;runtime_memory,P3H__split_cifar10__task1_sym60__s3
P3__split_cifar10__task1_sym60__small_loss_pre__observed__lambda2__s3,persistence,continuation,split_cifar10,task1_sym60,R0,frozen_buffer_replay,pre_update_at_task1_admission,small_loss_pre,observed,2,3,new_required,task1_retention_trajectory;subsequent_task_accuracy;native_and_masked_accuracy;direct_replay_presentations;post_task1_replay_presentations;loss_normalized_exposure;residence;multiplicity;runtime_memory,P3H__split_cifar10__task1_sym60__s3
P3__split_cifar10__task1_sym60__small_loss_pre__clean_reference_oracle__lambda1__s3,persistence,continuation,split_cifar10,task1_sym60,R0,frozen_buffer_replay,pre_update_at_task1_admission,small_loss_pre,clean_reference_oracle,1,3,new_required,task1_retention_trajectory;subsequent_task_accuracy;native_and_masked_accuracy;direct_replay_presentations;post_task1_replay_presentations;loss_normalized_exposure;residence;multiplicity;runtime_memory,P3H__split_cifar10__task1_sym60__s3
P3__split_cifar10__task1_sym60__small_loss_pre__clean_reference_oracle__lambda2__s3,persistence,continuation,split_cifar10,task1_sym60,R0,frozen_buffer_replay,pre_update_at_task1_admission,small_loss_pre,clean_reference_oracle,2,3,new_required,task1_retention_trajectory;subsequent_task_accuracy;native_and_masked_accuracy;direct_replay_presentations;post_task1_replay_presentations;loss_normalized_exposure;residence;multiplicity;runtime_memory,P3H__split_cifar10__task1_sym60__s3
P3__split_cifar10__task1_sym60__random_count_matched__observed__lambda1__s3,persistence,continuation,split_cifar10,task1_sym60,R0,frozen_buffer_replay,pre_update_at_task1_admission,random_count_matched,observed,1,3,new_required,task1_retention_trajectory;subsequent_task_accuracy;native_and_masked_accuracy;direct_replay_presentations;post_task1_replay_presentations;loss_normalized_exposure;residence;multiplicity;runtime_memory,P3H__split_cifar10__task1_sym60__s3
P3__split_cifar10__task1_sym60__random_count_matched__observed__lambda2__s3,persistence,continuation,split_cifar10,task1_sym60,R0,frozen_buffer_replay,pre_update_at_task1_admission,random_count_matched,observed,2,3,new_required,task1_retention_trajectory;subsequent_task_accuracy;native_and_masked_accuracy;direct_replay_presentations;post_task1_replay_presentations;loss_normalized_exposure;residence;multiplicity;runtime_memory,P3H__split_cifar10__task1_sym60__s3
P3__split_cifar10__task1_sym60__random_count_matched__clean_reference_oracle__lambda1__s3,persistence,continuation,split_cifar10,task1_sym60,R0,frozen_buffer_replay,pre_update_at_task1_admission,random_count_matched,clean_reference_oracle,1,3,new_required,task1_retention_trajectory;subsequent_task_accuracy;native_and_masked_accuracy;direct_replay_presentations;post_task1_replay_presentations;loss_normalized_exposure;residence;multiplicity;runtime_memory,P3H__split_cifar10__task1_sym60__s3
P3__split_cifar10__task1_sym60__random_count_matched__clean_reference_oracle__lambda2__s3,persistence,continuation,split_cifar10,task1_sym60,R0,frozen_buffer_replay,pre_update_at_task1_admission,random_count_matched,clean_reference_oracle,2,3,new_required,task1_retention_trajectory;subsequent_task_accuracy;native_and_masked_accuracy;direct_replay_presentations;post_task1_replay_presentations;loss_normalized_exposure;residence;multiplicity;runtime_memory,P3H__split_cifar10__task1_sym60__s3
P3H__split_cifar10__task1_sym60__s4,persistence,common_history,split_cifar10,task1_sym60,R0,ordinary_current_batch,pre_update_shadow_small_loss_and_matched_random,,,,4,new_required,task1_checkpoint;optimizer_state;two_shadow_buffers;rng_states;stable_ids;admission_multiplicity;fingerprints,
P3A__split_cifar10__task1_sym60__no_replay__s4,persistence,continuation,split_cifar10,task1_sym60,R0,no_replay,,,,0,4,new_required,task1_retention_trajectory;subsequent_task_accuracy;native_and_masked_accuracy;direct_exposure;runtime_memory,P3H__split_cifar10__task1_sym60__s4
P3__split_cifar10__task1_sym60__small_loss_pre__observed__lambda1__s4,persistence,continuation,split_cifar10,task1_sym60,R0,frozen_buffer_replay,pre_update_at_task1_admission,small_loss_pre,observed,1,4,new_required,task1_retention_trajectory;subsequent_task_accuracy;native_and_masked_accuracy;direct_replay_presentations;post_task1_replay_presentations;loss_normalized_exposure;residence;multiplicity;runtime_memory,P3H__split_cifar10__task1_sym60__s4
P3__split_cifar10__task1_sym60__small_loss_pre__observed__lambda2__s4,persistence,continuation,split_cifar10,task1_sym60,R0,frozen_buffer_replay,pre_update_at_task1_admission,small_loss_pre,observed,2,4,new_required,task1_retention_trajectory;subsequent_task_accuracy;native_and_masked_accuracy;direct_replay_presentations;post_task1_replay_presentations;loss_normalized_exposure;residence;multiplicity;runtime_memory,P3H__split_cifar10__task1_sym60__s4
P3__split_cifar10__task1_sym60__small_loss_pre__clean_reference_oracle__lambda1__s4,persistence,continuation,split_cifar10,task1_sym60,R0,frozen_buffer_replay,pre_update_at_task1_admission,small_loss_pre,clean_reference_oracle,1,4,new_required,task1_retention_trajectory;subsequent_task_accuracy;native_and_masked_accuracy;direct_replay_presentations;post_task1_replay_presentations;loss_normalized_exposure;residence;multiplicity;runtime_memory,P3H__split_cifar10__task1_sym60__s4
P3__split_cifar10__task1_sym60__small_loss_pre__clean_reference_oracle__lambda2__s4,persistence,continuation,split_cifar10,task1_sym60,R0,frozen_buffer_replay,pre_update_at_task1_admission,small_loss_pre,clean_reference_oracle,2,4,new_required,task1_retention_trajectory;subsequent_task_accuracy;native_and_masked_accuracy;direct_replay_presentations;post_task1_replay_presentations;loss_normalized_exposure;residence;multiplicity;runtime_memory,P3H__split_cifar10__task1_sym60__s4
P3__split_cifar10__task1_sym60__random_count_matched__observed__lambda1__s4,persistence,continuation,split_cifar10,task1_sym60,R0,frozen_buffer_replay,pre_update_at_task1_admission,random_count_matched,observed,1,4,new_required,task1_retention_trajectory;subsequent_task_accuracy;native_and_masked_accuracy;direct_replay_presentations;post_task1_replay_presentations;loss_normalized_exposure;residence;multiplicity;runtime_memory,P3H__split_cifar10__task1_sym60__s4
P3__split_cifar10__task1_sym60__random_count_matched__observed__lambda2__s4,persistence,continuation,split_cifar10,task1_sym60,R0,frozen_buffer_replay,pre_update_at_task1_admission,random_count_matched,observed,2,4,new_required,task1_retention_trajectory;subsequent_task_accuracy;native_and_masked_accuracy;direct_replay_presentations;post_task1_replay_presentations;loss_normalized_exposure;residence;multiplicity;runtime_memory,P3H__split_cifar10__task1_sym60__s4
P3__split_cifar10__task1_sym60__random_count_matched__clean_reference_oracle__lambda1__s4,persistence,continuation,split_cifar10,task1_sym60,R0,frozen_buffer_replay,pre_update_at_task1_admission,random_count_matched,clean_reference_oracle,1,4,new_required,task1_retention_trajectory;subsequent_task_accuracy;native_and_masked_accuracy;direct_replay_presentations;post_task1_replay_presentations;loss_normalized_exposure;residence;multiplicity;runtime_memory,P3H__split_cifar10__task1_sym60__s4
P3__split_cifar10__task1_sym60__random_count_matched__clean_reference_oracle__lambda2__s4,persistence,continuation,split_cifar10,task1_sym60,R0,frozen_buffer_replay,pre_update_at_task1_admission,random_count_matched,clean_reference_oracle,2,4,new_required,task1_retention_trajectory;subsequent_task_accuracy;native_and_masked_accuracy;direct_replay_presentations;post_task1_replay_presentations;loss_normalized_exposure;residence;multiplicity;runtime_memory,P3H__split_cifar10__task1_sym60__s4
P3H__seq_cifar10__task1_sym40__s0,persistence,common_history,seq_cifar10,task1_sym40,R0,ordinary_current_batch,pre_update_shadow_small_loss_and_matched_random,,,,0,new_required,task1_checkpoint;optimizer_state;two_shadow_buffers;rng_states;stable_ids;admission_multiplicity;fingerprints,
P3A__seq_cifar10__task1_sym40__no_replay__s0,persistence,continuation,seq_cifar10,task1_sym40,R0,no_replay,,,,0,0,new_required,task1_retention_trajectory;subsequent_task_accuracy;native_and_masked_accuracy;direct_exposure;runtime_memory,P3H__seq_cifar10__task1_sym40__s0
P3__seq_cifar10__task1_sym40__small_loss_pre__observed__lambda1__s0,persistence,continuation,seq_cifar10,task1_sym40,R0,frozen_buffer_replay,pre_update_at_task1_admission,small_loss_pre,observed,1,0,new_required,task1_retention_trajectory;subsequent_task_accuracy;native_and_masked_accuracy;direct_replay_presentations;post_task1_replay_presentations;loss_normalized_exposure;residence;multiplicity;runtime_memory,P3H__seq_cifar10__task1_sym40__s0
P3__seq_cifar10__task1_sym40__small_loss_pre__observed__lambda2__s0,persistence,continuation,seq_cifar10,task1_sym40,R0,frozen_buffer_replay,pre_update_at_task1_admission,small_loss_pre,observed,2,0,new_required,task1_retention_trajectory;subsequent_task_accuracy;native_and_masked_accuracy;direct_replay_presentations;post_task1_replay_presentations;loss_normalized_exposure;residence;multiplicity;runtime_memory,P3H__seq_cifar10__task1_sym40__s0
P3__seq_cifar10__task1_sym40__small_loss_pre__clean_reference_oracle__lambda1__s0,persistence,continuation,seq_cifar10,task1_sym40,R0,frozen_buffer_replay,pre_update_at_task1_admission,small_loss_pre,clean_reference_oracle,1,0,new_required,task1_retention_trajectory;subsequent_task_accuracy;native_and_masked_accuracy;direct_replay_presentations;post_task1_replay_presentations;loss_normalized_exposure;residence;multiplicity;runtime_memory,P3H__seq_cifar10__task1_sym40__s0
P3__seq_cifar10__task1_sym40__small_loss_pre__clean_reference_oracle__lambda2__s0,persistence,continuation,seq_cifar10,task1_sym40,R0,frozen_buffer_replay,pre_update_at_task1_admission,small_loss_pre,clean_reference_oracle,2,0,new_required,task1_retention_trajectory;subsequent_task_accuracy;native_and_masked_accuracy;direct_replay_presentations;post_task1_replay_presentations;loss_normalized_exposure;residence;multiplicity;runtime_memory,P3H__seq_cifar10__task1_sym40__s0
P3__seq_cifar10__task1_sym40__random_count_matched__observed__lambda1__s0,persistence,continuation,seq_cifar10,task1_sym40,R0,frozen_buffer_replay,pre_update_at_task1_admission,random_count_matched,observed,1,0,new_required,task1_retention_trajectory;subsequent_task_accuracy;native_and_masked_accuracy;direct_replay_presentations;post_task1_replay_presentations;loss_normalized_exposure;residence;multiplicity;runtime_memory,P3H__seq_cifar10__task1_sym40__s0
P3__seq_cifar10__task1_sym40__random_count_matched__observed__lambda2__s0,persistence,continuation,seq_cifar10,task1_sym40,R0,frozen_buffer_replay,pre_update_at_task1_admission,random_count_matched,observed,2,0,new_required,task1_retention_trajectory;subsequent_task_accuracy;native_and_masked_accuracy;direct_replay_presentations;post_task1_replay_presentations;loss_normalized_exposure;residence;multiplicity;runtime_memory,P3H__seq_cifar10__task1_sym40__s0
P3__seq_cifar10__task1_sym40__random_count_matched__clean_reference_oracle__lambda1__s0,persistence,continuation,seq_cifar10,task1_sym40,R0,frozen_buffer_replay,pre_update_at_task1_admission,random_count_matched,clean_reference_oracle,1,0,new_required,task1_retention_trajectory;subsequent_task_accuracy;native_and_masked_accuracy;direct_replay_presentations;post_task1_replay_presentations;loss_normalized_exposure;residence;multiplicity;runtime_memory,P3H__seq_cifar10__task1_sym40__s0
P3__seq_cifar10__task1_sym40__random_count_matched__clean_reference_oracle__lambda2__s0,persistence,continuation,seq_cifar10,task1_sym40,R0,frozen_buffer_replay,pre_update_at_task1_admission,random_count_matched,clean_reference_oracle,2,0,new_required,task1_retention_trajectory;subsequent_task_accuracy;native_and_masked_accuracy;direct_replay_presentations;post_task1_replay_presentations;loss_normalized_exposure;residence;multiplicity;runtime_memory,P3H__seq_cifar10__task1_sym40__s0
P3H__seq_cifar10__task1_sym40__s1,persistence,common_history,seq_cifar10,task1_sym40,R0,ordinary_current_batch,pre_update_shadow_small_loss_and_matched_random,,,,1,new_required,task1_checkpoint;optimizer_state;two_shadow_buffers;rng_states;stable_ids;admission_multiplicity;fingerprints,
P3A__seq_cifar10__task1_sym40__no_replay__s1,persistence,continuation,seq_cifar10,task1_sym40,R0,no_replay,,,,0,1,new_required,task1_retention_trajectory;subsequent_task_accuracy;native_and_masked_accuracy;direct_exposure;runtime_memory,P3H__seq_cifar10__task1_sym40__s1
P3__seq_cifar10__task1_sym40__small_loss_pre__observed__lambda1__s1,persistence,continuation,seq_cifar10,task1_sym40,R0,frozen_buffer_replay,pre_update_at_task1_admission,small_loss_pre,observed,1,1,new_required,task1_retention_trajectory;subsequent_task_accuracy;native_and_masked_accuracy;direct_replay_presentations;post_task1_replay_presentations;loss_normalized_exposure;residence;multiplicity;runtime_memory,P3H__seq_cifar10__task1_sym40__s1
P3__seq_cifar10__task1_sym40__small_loss_pre__observed__lambda2__s1,persistence,continuation,seq_cifar10,task1_sym40,R0,frozen_buffer_replay,pre_update_at_task1_admission,small_loss_pre,observed,2,1,new_required,task1_retention_trajectory;subsequent_task_accuracy;native_and_masked_accuracy;direct_replay_presentations;post_task1_replay_presentations;loss_normalized_exposure;residence;multiplicity;runtime_memory,P3H__seq_cifar10__task1_sym40__s1
P3__seq_cifar10__task1_sym40__small_loss_pre__clean_reference_oracle__lambda1__s1,persistence,continuation,seq_cifar10,task1_sym40,R0,frozen_buffer_replay,pre_update_at_task1_admission,small_loss_pre,clean_reference_oracle,1,1,new_required,task1_retention_trajectory;subsequent_task_accuracy;native_and_masked_accuracy;direct_replay_presentations;post_task1_replay_presentations;loss_normalized_exposure;residence;multiplicity;runtime_memory,P3H__seq_cifar10__task1_sym40__s1
P3__seq_cifar10__task1_sym40__small_loss_pre__clean_reference_oracle__lambda2__s1,persistence,continuation,seq_cifar10,task1_sym40,R0,frozen_buffer_replay,pre_update_at_task1_admission,small_loss_pre,clean_reference_oracle,2,1,new_required,task1_retention_trajectory;subsequent_task_accuracy;native_and_masked_accuracy;direct_replay_presentations;post_task1_replay_presentations;loss_normalized_exposure;residence;multiplicity;runtime_memory,P3H__seq_cifar10__task1_sym40__s1
P3__seq_cifar10__task1_sym40__random_count_matched__observed__lambda1__s1,persistence,continuation,seq_cifar10,task1_sym40,R0,frozen_buffer_replay,pre_update_at_task1_admission,random_count_matched,observed,1,1,new_required,task1_retention_trajectory;subsequent_task_accuracy;native_and_masked_accuracy;direct_replay_presentations;post_task1_replay_presentations;loss_normalized_exposure;residence;multiplicity;runtime_memory,P3H__seq_cifar10__task1_sym40__s1
P3__seq_cifar10__task1_sym40__random_count_matched__observed__lambda2__s1,persistence,continuation,seq_cifar10,task1_sym40,R0,frozen_buffer_replay,pre_update_at_task1_admission,random_count_matched,observed,2,1,new_required,task1_retention_trajectory;subsequent_task_accuracy;native_and_masked_accuracy;direct_replay_presentations;post_task1_replay_presentations;loss_normalized_exposure;residence;multiplicity;runtime_memory,P3H__seq_cifar10__task1_sym40__s1
P3__seq_cifar10__task1_sym40__random_count_matched__clean_reference_oracle__lambda1__s1,persistence,continuation,seq_cifar10,task1_sym40,R0,frozen_buffer_replay,pre_update_at_task1_admission,random_count_matched,clean_reference_oracle,1,1,new_required,task1_retention_trajectory;subsequent_task_accuracy;native_and_masked_accuracy;direct_replay_presentations;post_task1_replay_presentations;loss_normalized_exposure;residence;multiplicity;runtime_memory,P3H__seq_cifar10__task1_sym40__s1
P3__seq_cifar10__task1_sym40__random_count_matched__clean_reference_oracle__lambda2__s1,persistence,continuation,seq_cifar10,task1_sym40,R0,frozen_buffer_replay,pre_update_at_task1_admission,random_count_matched,clean_reference_oracle,2,1,new_required,task1_retention_trajectory;subsequent_task_accuracy;native_and_masked_accuracy;direct_replay_presentations;post_task1_replay_presentations;loss_normalized_exposure;residence;multiplicity;runtime_memory,P3H__seq_cifar10__task1_sym40__s1
P3H__seq_cifar10__task1_sym40__s2,persistence,common_history,seq_cifar10,task1_sym40,R0,ordinary_current_batch,pre_update_shadow_small_loss_and_matched_random,,,,2,new_required,task1_checkpoint;optimizer_state;two_shadow_buffers;rng_states;stable_ids;admission_multiplicity;fingerprints,
P3A__seq_cifar10__task1_sym40__no_replay__s2,persistence,continuation,seq_cifar10,task1_sym40,R0,no_replay,,,,0,2,new_required,task1_retention_trajectory;subsequent_task_accuracy;native_and_masked_accuracy;direct_exposure;runtime_memory,P3H__seq_cifar10__task1_sym40__s2
P3__seq_cifar10__task1_sym40__small_loss_pre__observed__lambda1__s2,persistence,continuation,seq_cifar10,task1_sym40,R0,frozen_buffer_replay,pre_update_at_task1_admission,small_loss_pre,observed,1,2,new_required,task1_retention_trajectory;subsequent_task_accuracy;native_and_masked_accuracy;direct_replay_presentations;post_task1_replay_presentations;loss_normalized_exposure;residence;multiplicity;runtime_memory,P3H__seq_cifar10__task1_sym40__s2
P3__seq_cifar10__task1_sym40__small_loss_pre__observed__lambda2__s2,persistence,continuation,seq_cifar10,task1_sym40,R0,frozen_buffer_replay,pre_update_at_task1_admission,small_loss_pre,observed,2,2,new_required,task1_retention_trajectory;subsequent_task_accuracy;native_and_masked_accuracy;direct_replay_presentations;post_task1_replay_presentations;loss_normalized_exposure;residence;multiplicity;runtime_memory,P3H__seq_cifar10__task1_sym40__s2
P3__seq_cifar10__task1_sym40__small_loss_pre__clean_reference_oracle__lambda1__s2,persistence,continuation,seq_cifar10,task1_sym40,R0,frozen_buffer_replay,pre_update_at_task1_admission,small_loss_pre,clean_reference_oracle,1,2,new_required,task1_retention_trajectory;subsequent_task_accuracy;native_and_masked_accuracy;direct_replay_presentations;post_task1_replay_presentations;loss_normalized_exposure;residence;multiplicity;runtime_memory,P3H__seq_cifar10__task1_sym40__s2
P3__seq_cifar10__task1_sym40__small_loss_pre__clean_reference_oracle__lambda2__s2,persistence,continuation,seq_cifar10,task1_sym40,R0,frozen_buffer_replay,pre_update_at_task1_admission,small_loss_pre,clean_reference_oracle,2,2,new_required,task1_retention_trajectory;subsequent_task_accuracy;native_and_masked_accuracy;direct_replay_presentations;post_task1_replay_presentations;loss_normalized_exposure;residence;multiplicity;runtime_memory,P3H__seq_cifar10__task1_sym40__s2
P3__seq_cifar10__task1_sym40__random_count_matched__observed__lambda1__s2,persistence,continuation,seq_cifar10,task1_sym40,R0,frozen_buffer_replay,pre_update_at_task1_admission,random_count_matched,observed,1,2,new_required,task1_retention_trajectory;subsequent_task_accuracy;native_and_masked_accuracy;direct_replay_presentations;post_task1_replay_presentations;loss_normalized_exposure;residence;multiplicity;runtime_memory,P3H__seq_cifar10__task1_sym40__s2
P3__seq_cifar10__task1_sym40__random_count_matched__observed__lambda2__s2,persistence,continuation,seq_cifar10,task1_sym40,R0,frozen_buffer_replay,pre_update_at_task1_admission,random_count_matched,observed,2,2,new_required,task1_retention_trajectory;subsequent_task_accuracy;native_and_masked_accuracy;direct_replay_presentations;post_task1_replay_presentations;loss_normalized_exposure;residence;multiplicity;runtime_memory,P3H__seq_cifar10__task1_sym40__s2
P3__seq_cifar10__task1_sym40__random_count_matched__clean_reference_oracle__lambda1__s2,persistence,continuation,seq_cifar10,task1_sym40,R0,frozen_buffer_replay,pre_update_at_task1_admission,random_count_matched,clean_reference_oracle,1,2,new_required,task1_retention_trajectory;subsequent_task_accuracy;native_and_masked_accuracy;direct_replay_presentations;post_task1_replay_presentations;loss_normalized_exposure;residence;multiplicity;runtime_memory,P3H__seq_cifar10__task1_sym40__s2
P3__seq_cifar10__task1_sym40__random_count_matched__clean_reference_oracle__lambda2__s2,persistence,continuation,seq_cifar10,task1_sym40,R0,frozen_buffer_replay,pre_update_at_task1_admission,random_count_matched,clean_reference_oracle,2,2,new_required,task1_retention_trajectory;subsequent_task_accuracy;native_and_masked_accuracy;direct_replay_presentations;post_task1_replay_presentations;loss_normalized_exposure;residence;multiplicity;runtime_memory,P3H__seq_cifar10__task1_sym40__s2
P3H__seq_cifar10__task1_sym40__s3,persistence,common_history,seq_cifar10,task1_sym40,R0,ordinary_current_batch,pre_update_shadow_small_loss_and_matched_random,,,,3,new_required,task1_checkpoint;optimizer_state;two_shadow_buffers;rng_states;stable_ids;admission_multiplicity;fingerprints,
P3A__seq_cifar10__task1_sym40__no_replay__s3,persistence,continuation,seq_cifar10,task1_sym40,R0,no_replay,,,,0,3,new_required,task1_retention_trajectory;subsequent_task_accuracy;native_and_masked_accuracy;direct_exposure;runtime_memory,P3H__seq_cifar10__task1_sym40__s3
P3__seq_cifar10__task1_sym40__small_loss_pre__observed__lambda1__s3,persistence,continuation,seq_cifar10,task1_sym40,R0,frozen_buffer_replay,pre_update_at_task1_admission,small_loss_pre,observed,1,3,new_required,task1_retention_trajectory;subsequent_task_accuracy;native_and_masked_accuracy;direct_replay_presentations;post_task1_replay_presentations;loss_normalized_exposure;residence;multiplicity;runtime_memory,P3H__seq_cifar10__task1_sym40__s3
P3__seq_cifar10__task1_sym40__small_loss_pre__observed__lambda2__s3,persistence,continuation,seq_cifar10,task1_sym40,R0,frozen_buffer_replay,pre_update_at_task1_admission,small_loss_pre,observed,2,3,new_required,task1_retention_trajectory;subsequent_task_accuracy;native_and_masked_accuracy;direct_replay_presentations;post_task1_replay_presentations;loss_normalized_exposure;residence;multiplicity;runtime_memory,P3H__seq_cifar10__task1_sym40__s3
P3__seq_cifar10__task1_sym40__small_loss_pre__clean_reference_oracle__lambda1__s3,persistence,continuation,seq_cifar10,task1_sym40,R0,frozen_buffer_replay,pre_update_at_task1_admission,small_loss_pre,clean_reference_oracle,1,3,new_required,task1_retention_trajectory;subsequent_task_accuracy;native_and_masked_accuracy;direct_replay_presentations;post_task1_replay_presentations;loss_normalized_exposure;residence;multiplicity;runtime_memory,P3H__seq_cifar10__task1_sym40__s3
P3__seq_cifar10__task1_sym40__small_loss_pre__clean_reference_oracle__lambda2__s3,persistence,continuation,seq_cifar10,task1_sym40,R0,frozen_buffer_replay,pre_update_at_task1_admission,small_loss_pre,clean_reference_oracle,2,3,new_required,task1_retention_trajectory;subsequent_task_accuracy;native_and_masked_accuracy;direct_replay_presentations;post_task1_replay_presentations;loss_normalized_exposure;residence;multiplicity;runtime_memory,P3H__seq_cifar10__task1_sym40__s3
P3__seq_cifar10__task1_sym40__random_count_matched__observed__lambda1__s3,persistence,continuation,seq_cifar10,task1_sym40,R0,frozen_buffer_replay,pre_update_at_task1_admission,random_count_matched,observed,1,3,new_required,task1_retention_trajectory;subsequent_task_accuracy;native_and_masked_accuracy;direct_replay_presentations;post_task1_replay_presentations;loss_normalized_exposure;residence;multiplicity;runtime_memory,P3H__seq_cifar10__task1_sym40__s3
P3__seq_cifar10__task1_sym40__random_count_matched__observed__lambda2__s3,persistence,continuation,seq_cifar10,task1_sym40,R0,frozen_buffer_replay,pre_update_at_task1_admission,random_count_matched,observed,2,3,new_required,task1_retention_trajectory;subsequent_task_accuracy;native_and_masked_accuracy;direct_replay_presentations;post_task1_replay_presentations;loss_normalized_exposure;residence;multiplicity;runtime_memory,P3H__seq_cifar10__task1_sym40__s3
P3__seq_cifar10__task1_sym40__random_count_matched__clean_reference_oracle__lambda1__s3,persistence,continuation,seq_cifar10,task1_sym40,R0,frozen_buffer_replay,pre_update_at_task1_admission,random_count_matched,clean_reference_oracle,1,3,new_required,task1_retention_trajectory;subsequent_task_accuracy;native_and_masked_accuracy;direct_replay_presentations;post_task1_replay_presentations;loss_normalized_exposure;residence;multiplicity;runtime_memory,P3H__seq_cifar10__task1_sym40__s3
P3__seq_cifar10__task1_sym40__random_count_matched__clean_reference_oracle__lambda2__s3,persistence,continuation,seq_cifar10,task1_sym40,R0,frozen_buffer_replay,pre_update_at_task1_admission,random_count_matched,clean_reference_oracle,2,3,new_required,task1_retention_trajectory;subsequent_task_accuracy;native_and_masked_accuracy;direct_replay_presentations;post_task1_replay_presentations;loss_normalized_exposure;residence;multiplicity;runtime_memory,P3H__seq_cifar10__task1_sym40__s3
P3H__seq_cifar10__task1_sym40__s4,persistence,common_history,seq_cifar10,task1_sym40,R0,ordinary_current_batch,pre_update_shadow_small_loss_and_matched_random,,,,4,new_required,task1_checkpoint;optimizer_state;two_shadow_buffers;rng_states;stable_ids;admission_multiplicity;fingerprints,
P3A__seq_cifar10__task1_sym40__no_replay__s4,persistence,continuation,seq_cifar10,task1_sym40,R0,no_replay,,,,0,4,new_required,task1_retention_trajectory;subsequent_task_accuracy;native_and_masked_accuracy;direct_exposure;runtime_memory,P3H__seq_cifar10__task1_sym40__s4
P3__seq_cifar10__task1_sym40__small_loss_pre__observed__lambda1__s4,persistence,continuation,seq_cifar10,task1_sym40,R0,frozen_buffer_replay,pre_update_at_task1_admission,small_loss_pre,observed,1,4,new_required,task1_retention_trajectory;subsequent_task_accuracy;native_and_masked_accuracy;direct_replay_presentations;post_task1_replay_presentations;loss_normalized_exposure;residence;multiplicity;runtime_memory,P3H__seq_cifar10__task1_sym40__s4
P3__seq_cifar10__task1_sym40__small_loss_pre__observed__lambda2__s4,persistence,continuation,seq_cifar10,task1_sym40,R0,frozen_buffer_replay,pre_update_at_task1_admission,small_loss_pre,observed,2,4,new_required,task1_retention_trajectory;subsequent_task_accuracy;native_and_masked_accuracy;direct_replay_presentations;post_task1_replay_presentations;loss_normalized_exposure;residence;multiplicity;runtime_memory,P3H__seq_cifar10__task1_sym40__s4
P3__seq_cifar10__task1_sym40__small_loss_pre__clean_reference_oracle__lambda1__s4,persistence,continuation,seq_cifar10,task1_sym40,R0,frozen_buffer_replay,pre_update_at_task1_admission,small_loss_pre,clean_reference_oracle,1,4,new_required,task1_retention_trajectory;subsequent_task_accuracy;native_and_masked_accuracy;direct_replay_presentations;post_task1_replay_presentations;loss_normalized_exposure;residence;multiplicity;runtime_memory,P3H__seq_cifar10__task1_sym40__s4
P3__seq_cifar10__task1_sym40__small_loss_pre__clean_reference_oracle__lambda2__s4,persistence,continuation,seq_cifar10,task1_sym40,R0,frozen_buffer_replay,pre_update_at_task1_admission,small_loss_pre,clean_reference_oracle,2,4,new_required,task1_retention_trajectory;subsequent_task_accuracy;native_and_masked_accuracy;direct_replay_presentations;post_task1_replay_presentations;loss_normalized_exposure;residence;multiplicity;runtime_memory,P3H__seq_cifar10__task1_sym40__s4
P3__seq_cifar10__task1_sym40__random_count_matched__observed__lambda1__s4,persistence,continuation,seq_cifar10,task1_sym40,R0,frozen_buffer_replay,pre_update_at_task1_admission,random_count_matched,observed,1,4,new_required,task1_retention_trajectory;subsequent_task_accuracy;native_and_masked_accuracy;direct_replay_presentations;post_task1_replay_presentations;loss_normalized_exposure;residence;multiplicity;runtime_memory,P3H__seq_cifar10__task1_sym40__s4
P3__seq_cifar10__task1_sym40__random_count_matched__observed__lambda2__s4,persistence,continuation,seq_cifar10,task1_sym40,R0,frozen_buffer_replay,pre_update_at_task1_admission,random_count_matched,observed,2,4,new_required,task1_retention_trajectory;subsequent_task_accuracy;native_and_masked_accuracy;direct_replay_presentations;post_task1_replay_presentations;loss_normalized_exposure;residence;multiplicity;runtime_memory,P3H__seq_cifar10__task1_sym40__s4
P3__seq_cifar10__task1_sym40__random_count_matched__clean_reference_oracle__lambda1__s4,persistence,continuation,seq_cifar10,task1_sym40,R0,frozen_buffer_replay,pre_update_at_task1_admission,random_count_matched,clean_reference_oracle,1,4,new_required,task1_retention_trajectory;subsequent_task_accuracy;native_and_masked_accuracy;direct_replay_presentations;post_task1_replay_presentations;loss_normalized_exposure;residence;multiplicity;runtime_memory,P3H__seq_cifar10__task1_sym40__s4
P3__seq_cifar10__task1_sym40__random_count_matched__clean_reference_oracle__lambda2__s4,persistence,continuation,seq_cifar10,task1_sym40,R0,frozen_buffer_replay,pre_update_at_task1_admission,random_count_matched,clean_reference_oracle,2,4,new_required,task1_retention_trajectory;subsequent_task_accuracy;native_and_masked_accuracy;direct_replay_presentations;post_task1_replay_presentations;loss_normalized_exposure;residence;multiplicity;runtime_memory,P3H__seq_cifar10__task1_sym40__s4
P3H__seq_cifar10__task1_sym60__s0,persistence,common_history,seq_cifar10,task1_sym60,R0,ordinary_current_batch,pre_update_shadow_small_loss_and_matched_random,,,,0,new_required,task1_checkpoint;optimizer_state;two_shadow_buffers;rng_states;stable_ids;admission_multiplicity;fingerprints,
P3A__seq_cifar10__task1_sym60__no_replay__s0,persistence,continuation,seq_cifar10,task1_sym60,R0,no_replay,,,,0,0,new_required,task1_retention_trajectory;subsequent_task_accuracy;native_and_masked_accuracy;direct_exposure;runtime_memory,P3H__seq_cifar10__task1_sym60__s0
P3__seq_cifar10__task1_sym60__small_loss_pre__observed__lambda1__s0,persistence,continuation,seq_cifar10,task1_sym60,R0,frozen_buffer_replay,pre_update_at_task1_admission,small_loss_pre,observed,1,0,new_required,task1_retention_trajectory;subsequent_task_accuracy;native_and_masked_accuracy;direct_replay_presentations;post_task1_replay_presentations;loss_normalized_exposure;residence;multiplicity;runtime_memory,P3H__seq_cifar10__task1_sym60__s0
P3__seq_cifar10__task1_sym60__small_loss_pre__observed__lambda2__s0,persistence,continuation,seq_cifar10,task1_sym60,R0,frozen_buffer_replay,pre_update_at_task1_admission,small_loss_pre,observed,2,0,new_required,task1_retention_trajectory;subsequent_task_accuracy;native_and_masked_accuracy;direct_replay_presentations;post_task1_replay_presentations;loss_normalized_exposure;residence;multiplicity;runtime_memory,P3H__seq_cifar10__task1_sym60__s0
P3__seq_cifar10__task1_sym60__small_loss_pre__clean_reference_oracle__lambda1__s0,persistence,continuation,seq_cifar10,task1_sym60,R0,frozen_buffer_replay,pre_update_at_task1_admission,small_loss_pre,clean_reference_oracle,1,0,new_required,task1_retention_trajectory;subsequent_task_accuracy;native_and_masked_accuracy;direct_replay_presentations;post_task1_replay_presentations;loss_normalized_exposure;residence;multiplicity;runtime_memory,P3H__seq_cifar10__task1_sym60__s0
P3__seq_cifar10__task1_sym60__small_loss_pre__clean_reference_oracle__lambda2__s0,persistence,continuation,seq_cifar10,task1_sym60,R0,frozen_buffer_replay,pre_update_at_task1_admission,small_loss_pre,clean_reference_oracle,2,0,new_required,task1_retention_trajectory;subsequent_task_accuracy;native_and_masked_accuracy;direct_replay_presentations;post_task1_replay_presentations;loss_normalized_exposure;residence;multiplicity;runtime_memory,P3H__seq_cifar10__task1_sym60__s0
P3__seq_cifar10__task1_sym60__random_count_matched__observed__lambda1__s0,persistence,continuation,seq_cifar10,task1_sym60,R0,frozen_buffer_replay,pre_update_at_task1_admission,random_count_matched,observed,1,0,new_required,task1_retention_trajectory;subsequent_task_accuracy;native_and_masked_accuracy;direct_replay_presentations;post_task1_replay_presentations;loss_normalized_exposure;residence;multiplicity;runtime_memory,P3H__seq_cifar10__task1_sym60__s0
P3__seq_cifar10__task1_sym60__random_count_matched__observed__lambda2__s0,persistence,continuation,seq_cifar10,task1_sym60,R0,frozen_buffer_replay,pre_update_at_task1_admission,random_count_matched,observed,2,0,new_required,task1_retention_trajectory;subsequent_task_accuracy;native_and_masked_accuracy;direct_replay_presentations;post_task1_replay_presentations;loss_normalized_exposure;residence;multiplicity;runtime_memory,P3H__seq_cifar10__task1_sym60__s0
P3__seq_cifar10__task1_sym60__random_count_matched__clean_reference_oracle__lambda1__s0,persistence,continuation,seq_cifar10,task1_sym60,R0,frozen_buffer_replay,pre_update_at_task1_admission,random_count_matched,clean_reference_oracle,1,0,new_required,task1_retention_trajectory;subsequent_task_accuracy;native_and_masked_accuracy;direct_replay_presentations;post_task1_replay_presentations;loss_normalized_exposure;residence;multiplicity;runtime_memory,P3H__seq_cifar10__task1_sym60__s0
P3__seq_cifar10__task1_sym60__random_count_matched__clean_reference_oracle__lambda2__s0,persistence,continuation,seq_cifar10,task1_sym60,R0,frozen_buffer_replay,pre_update_at_task1_admission,random_count_matched,clean_reference_oracle,2,0,new_required,task1_retention_trajectory;subsequent_task_accuracy;native_and_masked_accuracy;direct_replay_presentations;post_task1_replay_presentations;loss_normalized_exposure;residence;multiplicity;runtime_memory,P3H__seq_cifar10__task1_sym60__s0
P3H__seq_cifar10__task1_sym60__s1,persistence,common_history,seq_cifar10,task1_sym60,R0,ordinary_current_batch,pre_update_shadow_small_loss_and_matched_random,,,,1,new_required,task1_checkpoint;optimizer_state;two_shadow_buffers;rng_states;stable_ids;admission_multiplicity;fingerprints,
P3A__seq_cifar10__task1_sym60__no_replay__s1,persistence,continuation,seq_cifar10,task1_sym60,R0,no_replay,,,,0,1,new_required,task1_retention_trajectory;subsequent_task_accuracy;native_and_masked_accuracy;direct_exposure;runtime_memory,P3H__seq_cifar10__task1_sym60__s1
P3__seq_cifar10__task1_sym60__small_loss_pre__observed__lambda1__s1,persistence,continuation,seq_cifar10,task1_sym60,R0,frozen_buffer_replay,pre_update_at_task1_admission,small_loss_pre,observed,1,1,new_required,task1_retention_trajectory;subsequent_task_accuracy;native_and_masked_accuracy;direct_replay_presentations;post_task1_replay_presentations;loss_normalized_exposure;residence;multiplicity;runtime_memory,P3H__seq_cifar10__task1_sym60__s1
P3__seq_cifar10__task1_sym60__small_loss_pre__observed__lambda2__s1,persistence,continuation,seq_cifar10,task1_sym60,R0,frozen_buffer_replay,pre_update_at_task1_admission,small_loss_pre,observed,2,1,new_required,task1_retention_trajectory;subsequent_task_accuracy;native_and_masked_accuracy;direct_replay_presentations;post_task1_replay_presentations;loss_normalized_exposure;residence;multiplicity;runtime_memory,P3H__seq_cifar10__task1_sym60__s1
P3__seq_cifar10__task1_sym60__small_loss_pre__clean_reference_oracle__lambda1__s1,persistence,continuation,seq_cifar10,task1_sym60,R0,frozen_buffer_replay,pre_update_at_task1_admission,small_loss_pre,clean_reference_oracle,1,1,new_required,task1_retention_trajectory;subsequent_task_accuracy;native_and_masked_accuracy;direct_replay_presentations;post_task1_replay_presentations;loss_normalized_exposure;residence;multiplicity;runtime_memory,P3H__seq_cifar10__task1_sym60__s1
P3__seq_cifar10__task1_sym60__small_loss_pre__clean_reference_oracle__lambda2__s1,persistence,continuation,seq_cifar10,task1_sym60,R0,frozen_buffer_replay,pre_update_at_task1_admission,small_loss_pre,clean_reference_oracle,2,1,new_required,task1_retention_trajectory;subsequent_task_accuracy;native_and_masked_accuracy;direct_replay_presentations;post_task1_replay_presentations;loss_normalized_exposure;residence;multiplicity;runtime_memory,P3H__seq_cifar10__task1_sym60__s1
P3__seq_cifar10__task1_sym60__random_count_matched__observed__lambda1__s1,persistence,continuation,seq_cifar10,task1_sym60,R0,frozen_buffer_replay,pre_update_at_task1_admission,random_count_matched,observed,1,1,new_required,task1_retention_trajectory;subsequent_task_accuracy;native_and_masked_accuracy;direct_replay_presentations;post_task1_replay_presentations;loss_normalized_exposure;residence;multiplicity;runtime_memory,P3H__seq_cifar10__task1_sym60__s1
P3__seq_cifar10__task1_sym60__random_count_matched__observed__lambda2__s1,persistence,continuation,seq_cifar10,task1_sym60,R0,frozen_buffer_replay,pre_update_at_task1_admission,random_count_matched,observed,2,1,new_required,task1_retention_trajectory;subsequent_task_accuracy;native_and_masked_accuracy;direct_replay_presentations;post_task1_replay_presentations;loss_normalized_exposure;residence;multiplicity;runtime_memory,P3H__seq_cifar10__task1_sym60__s1
P3__seq_cifar10__task1_sym60__random_count_matched__clean_reference_oracle__lambda1__s1,persistence,continuation,seq_cifar10,task1_sym60,R0,frozen_buffer_replay,pre_update_at_task1_admission,random_count_matched,clean_reference_oracle,1,1,new_required,task1_retention_trajectory;subsequent_task_accuracy;native_and_masked_accuracy;direct_replay_presentations;post_task1_replay_presentations;loss_normalized_exposure;residence;multiplicity;runtime_memory,P3H__seq_cifar10__task1_sym60__s1
P3__seq_cifar10__task1_sym60__random_count_matched__clean_reference_oracle__lambda2__s1,persistence,continuation,seq_cifar10,task1_sym60,R0,frozen_buffer_replay,pre_update_at_task1_admission,random_count_matched,clean_reference_oracle,2,1,new_required,task1_retention_trajectory;subsequent_task_accuracy;native_and_masked_accuracy;direct_replay_presentations;post_task1_replay_presentations;loss_normalized_exposure;residence;multiplicity;runtime_memory,P3H__seq_cifar10__task1_sym60__s1
P3H__seq_cifar10__task1_sym60__s2,persistence,common_history,seq_cifar10,task1_sym60,R0,ordinary_current_batch,pre_update_shadow_small_loss_and_matched_random,,,,2,new_required,task1_checkpoint;optimizer_state;two_shadow_buffers;rng_states;stable_ids;admission_multiplicity;fingerprints,
P3A__seq_cifar10__task1_sym60__no_replay__s2,persistence,continuation,seq_cifar10,task1_sym60,R0,no_replay,,,,0,2,new_required,task1_retention_trajectory;subsequent_task_accuracy;native_and_masked_accuracy;direct_exposure;runtime_memory,P3H__seq_cifar10__task1_sym60__s2
P3__seq_cifar10__task1_sym60__small_loss_pre__observed__lambda1__s2,persistence,continuation,seq_cifar10,task1_sym60,R0,frozen_buffer_replay,pre_update_at_task1_admission,small_loss_pre,observed,1,2,new_required,task1_retention_trajectory;subsequent_task_accuracy;native_and_masked_accuracy;direct_replay_presentations;post_task1_replay_presentations;loss_normalized_exposure;residence;multiplicity;runtime_memory,P3H__seq_cifar10__task1_sym60__s2
P3__seq_cifar10__task1_sym60__small_loss_pre__observed__lambda2__s2,persistence,continuation,seq_cifar10,task1_sym60,R0,frozen_buffer_replay,pre_update_at_task1_admission,small_loss_pre,observed,2,2,new_required,task1_retention_trajectory;subsequent_task_accuracy;native_and_masked_accuracy;direct_replay_presentations;post_task1_replay_presentations;loss_normalized_exposure;residence;multiplicity;runtime_memory,P3H__seq_cifar10__task1_sym60__s2
P3__seq_cifar10__task1_sym60__small_loss_pre__clean_reference_oracle__lambda1__s2,persistence,continuation,seq_cifar10,task1_sym60,R0,frozen_buffer_replay,pre_update_at_task1_admission,small_loss_pre,clean_reference_oracle,1,2,new_required,task1_retention_trajectory;subsequent_task_accuracy;native_and_masked_accuracy;direct_replay_presentations;post_task1_replay_presentations;loss_normalized_exposure;residence;multiplicity;runtime_memory,P3H__seq_cifar10__task1_sym60__s2
P3__seq_cifar10__task1_sym60__small_loss_pre__clean_reference_oracle__lambda2__s2,persistence,continuation,seq_cifar10,task1_sym60,R0,frozen_buffer_replay,pre_update_at_task1_admission,small_loss_pre,clean_reference_oracle,2,2,new_required,task1_retention_trajectory;subsequent_task_accuracy;native_and_masked_accuracy;direct_replay_presentations;post_task1_replay_presentations;loss_normalized_exposure;residence;multiplicity;runtime_memory,P3H__seq_cifar10__task1_sym60__s2
P3__seq_cifar10__task1_sym60__random_count_matched__observed__lambda1__s2,persistence,continuation,seq_cifar10,task1_sym60,R0,frozen_buffer_replay,pre_update_at_task1_admission,random_count_matched,observed,1,2,new_required,task1_retention_trajectory;subsequent_task_accuracy;native_and_masked_accuracy;direct_replay_presentations;post_task1_replay_presentations;loss_normalized_exposure;residence;multiplicity;runtime_memory,P3H__seq_cifar10__task1_sym60__s2
P3__seq_cifar10__task1_sym60__random_count_matched__observed__lambda2__s2,persistence,continuation,seq_cifar10,task1_sym60,R0,frozen_buffer_replay,pre_update_at_task1_admission,random_count_matched,observed,2,2,new_required,task1_retention_trajectory;subsequent_task_accuracy;native_and_masked_accuracy;direct_replay_presentations;post_task1_replay_presentations;loss_normalized_exposure;residence;multiplicity;runtime_memory,P3H__seq_cifar10__task1_sym60__s2
P3__seq_cifar10__task1_sym60__random_count_matched__clean_reference_oracle__lambda1__s2,persistence,continuation,seq_cifar10,task1_sym60,R0,frozen_buffer_replay,pre_update_at_task1_admission,random_count_matched,clean_reference_oracle,1,2,new_required,task1_retention_trajectory;subsequent_task_accuracy;native_and_masked_accuracy;direct_replay_presentations;post_task1_replay_presentations;loss_normalized_exposure;residence;multiplicity;runtime_memory,P3H__seq_cifar10__task1_sym60__s2
P3__seq_cifar10__task1_sym60__random_count_matched__clean_reference_oracle__lambda2__s2,persistence,continuation,seq_cifar10,task1_sym60,R0,frozen_buffer_replay,pre_update_at_task1_admission,random_count_matched,clean_reference_oracle,2,2,new_required,task1_retention_trajectory;subsequent_task_accuracy;native_and_masked_accuracy;direct_replay_presentations;post_task1_replay_presentations;loss_normalized_exposure;residence;multiplicity;runtime_memory,P3H__seq_cifar10__task1_sym60__s2
P3H__seq_cifar10__task1_sym60__s3,persistence,common_history,seq_cifar10,task1_sym60,R0,ordinary_current_batch,pre_update_shadow_small_loss_and_matched_random,,,,3,new_required,task1_checkpoint;optimizer_state;two_shadow_buffers;rng_states;stable_ids;admission_multiplicity;fingerprints,
P3A__seq_cifar10__task1_sym60__no_replay__s3,persistence,continuation,seq_cifar10,task1_sym60,R0,no_replay,,,,0,3,new_required,task1_retention_trajectory;subsequent_task_accuracy;native_and_masked_accuracy;direct_exposure;runtime_memory,P3H__seq_cifar10__task1_sym60__s3
P3__seq_cifar10__task1_sym60__small_loss_pre__observed__lambda1__s3,persistence,continuation,seq_cifar10,task1_sym60,R0,frozen_buffer_replay,pre_update_at_task1_admission,small_loss_pre,observed,1,3,new_required,task1_retention_trajectory;subsequent_task_accuracy;native_and_masked_accuracy;direct_replay_presentations;post_task1_replay_presentations;loss_normalized_exposure;residence;multiplicity;runtime_memory,P3H__seq_cifar10__task1_sym60__s3
P3__seq_cifar10__task1_sym60__small_loss_pre__observed__lambda2__s3,persistence,continuation,seq_cifar10,task1_sym60,R0,frozen_buffer_replay,pre_update_at_task1_admission,small_loss_pre,observed,2,3,new_required,task1_retention_trajectory;subsequent_task_accuracy;native_and_masked_accuracy;direct_replay_presentations;post_task1_replay_presentations;loss_normalized_exposure;residence;multiplicity;runtime_memory,P3H__seq_cifar10__task1_sym60__s3
P3__seq_cifar10__task1_sym60__small_loss_pre__clean_reference_oracle__lambda1__s3,persistence,continuation,seq_cifar10,task1_sym60,R0,frozen_buffer_replay,pre_update_at_task1_admission,small_loss_pre,clean_reference_oracle,1,3,new_required,task1_retention_trajectory;subsequent_task_accuracy;native_and_masked_accuracy;direct_replay_presentations;post_task1_replay_presentations;loss_normalized_exposure;residence;multiplicity;runtime_memory,P3H__seq_cifar10__task1_sym60__s3
P3__seq_cifar10__task1_sym60__small_loss_pre__clean_reference_oracle__lambda2__s3,persistence,continuation,seq_cifar10,task1_sym60,R0,frozen_buffer_replay,pre_update_at_task1_admission,small_loss_pre,clean_reference_oracle,2,3,new_required,task1_retention_trajectory;subsequent_task_accuracy;native_and_masked_accuracy;direct_replay_presentations;post_task1_replay_presentations;loss_normalized_exposure;residence;multiplicity;runtime_memory,P3H__seq_cifar10__task1_sym60__s3
P3__seq_cifar10__task1_sym60__random_count_matched__observed__lambda1__s3,persistence,continuation,seq_cifar10,task1_sym60,R0,frozen_buffer_replay,pre_update_at_task1_admission,random_count_matched,observed,1,3,new_required,task1_retention_trajectory;subsequent_task_accuracy;native_and_masked_accuracy;direct_replay_presentations;post_task1_replay_presentations;loss_normalized_exposure;residence;multiplicity;runtime_memory,P3H__seq_cifar10__task1_sym60__s3
P3__seq_cifar10__task1_sym60__random_count_matched__observed__lambda2__s3,persistence,continuation,seq_cifar10,task1_sym60,R0,frozen_buffer_replay,pre_update_at_task1_admission,random_count_matched,observed,2,3,new_required,task1_retention_trajectory;subsequent_task_accuracy;native_and_masked_accuracy;direct_replay_presentations;post_task1_replay_presentations;loss_normalized_exposure;residence;multiplicity;runtime_memory,P3H__seq_cifar10__task1_sym60__s3
P3__seq_cifar10__task1_sym60__random_count_matched__clean_reference_oracle__lambda1__s3,persistence,continuation,seq_cifar10,task1_sym60,R0,frozen_buffer_replay,pre_update_at_task1_admission,random_count_matched,clean_reference_oracle,1,3,new_required,task1_retention_trajectory;subsequent_task_accuracy;native_and_masked_accuracy;direct_replay_presentations;post_task1_replay_presentations;loss_normalized_exposure;residence;multiplicity;runtime_memory,P3H__seq_cifar10__task1_sym60__s3
P3__seq_cifar10__task1_sym60__random_count_matched__clean_reference_oracle__lambda2__s3,persistence,continuation,seq_cifar10,task1_sym60,R0,frozen_buffer_replay,pre_update_at_task1_admission,random_count_matched,clean_reference_oracle,2,3,new_required,task1_retention_trajectory;subsequent_task_accuracy;native_and_masked_accuracy;direct_replay_presentations;post_task1_replay_presentations;loss_normalized_exposure;residence;multiplicity;runtime_memory,P3H__seq_cifar10__task1_sym60__s3
P3H__seq_cifar10__task1_sym60__s4,persistence,common_history,seq_cifar10,task1_sym60,R0,ordinary_current_batch,pre_update_shadow_small_loss_and_matched_random,,,,4,new_required,task1_checkpoint;optimizer_state;two_shadow_buffers;rng_states;stable_ids;admission_multiplicity;fingerprints,
P3A__seq_cifar10__task1_sym60__no_replay__s4,persistence,continuation,seq_cifar10,task1_sym60,R0,no_replay,,,,0,4,new_required,task1_retention_trajectory;subsequent_task_accuracy;native_and_masked_accuracy;direct_exposure;runtime_memory,P3H__seq_cifar10__task1_sym60__s4
P3__seq_cifar10__task1_sym60__small_loss_pre__observed__lambda1__s4,persistence,continuation,seq_cifar10,task1_sym60,R0,frozen_buffer_replay,pre_update_at_task1_admission,small_loss_pre,observed,1,4,new_required,task1_retention_trajectory;subsequent_task_accuracy;native_and_masked_accuracy;direct_replay_presentations;post_task1_replay_presentations;loss_normalized_exposure;residence;multiplicity;runtime_memory,P3H__seq_cifar10__task1_sym60__s4
P3__seq_cifar10__task1_sym60__small_loss_pre__observed__lambda2__s4,persistence,continuation,seq_cifar10,task1_sym60,R0,frozen_buffer_replay,pre_update_at_task1_admission,small_loss_pre,observed,2,4,new_required,task1_retention_trajectory;subsequent_task_accuracy;native_and_masked_accuracy;direct_replay_presentations;post_task1_replay_presentations;loss_normalized_exposure;residence;multiplicity;runtime_memory,P3H__seq_cifar10__task1_sym60__s4
P3__seq_cifar10__task1_sym60__small_loss_pre__clean_reference_oracle__lambda1__s4,persistence,continuation,seq_cifar10,task1_sym60,R0,frozen_buffer_replay,pre_update_at_task1_admission,small_loss_pre,clean_reference_oracle,1,4,new_required,task1_retention_trajectory;subsequent_task_accuracy;native_and_masked_accuracy;direct_replay_presentations;post_task1_replay_presentations;loss_normalized_exposure;residence;multiplicity;runtime_memory,P3H__seq_cifar10__task1_sym60__s4
P3__seq_cifar10__task1_sym60__small_loss_pre__clean_reference_oracle__lambda2__s4,persistence,continuation,seq_cifar10,task1_sym60,R0,frozen_buffer_replay,pre_update_at_task1_admission,small_loss_pre,clean_reference_oracle,2,4,new_required,task1_retention_trajectory;subsequent_task_accuracy;native_and_masked_accuracy;direct_replay_presentations;post_task1_replay_presentations;loss_normalized_exposure;residence;multiplicity;runtime_memory,P3H__seq_cifar10__task1_sym60__s4
P3__seq_cifar10__task1_sym60__random_count_matched__observed__lambda1__s4,persistence,continuation,seq_cifar10,task1_sym60,R0,frozen_buffer_replay,pre_update_at_task1_admission,random_count_matched,observed,1,4,new_required,task1_retention_trajectory;subsequent_task_accuracy;native_and_masked_accuracy;direct_replay_presentations;post_task1_replay_presentations;loss_normalized_exposure;residence;multiplicity;runtime_memory,P3H__seq_cifar10__task1_sym60__s4
P3__seq_cifar10__task1_sym60__random_count_matched__observed__lambda2__s4,persistence,continuation,seq_cifar10,task1_sym60,R0,frozen_buffer_replay,pre_update_at_task1_admission,random_count_matched,observed,2,4,new_required,task1_retention_trajectory;subsequent_task_accuracy;native_and_masked_accuracy;direct_replay_presentations;post_task1_replay_presentations;loss_normalized_exposure;residence;multiplicity;runtime_memory,P3H__seq_cifar10__task1_sym60__s4
P3__seq_cifar10__task1_sym60__random_count_matched__clean_reference_oracle__lambda1__s4,persistence,continuation,seq_cifar10,task1_sym60,R0,frozen_buffer_replay,pre_update_at_task1_admission,random_count_matched,clean_reference_oracle,1,4,new_required,task1_retention_trajectory;subsequent_task_accuracy;native_and_masked_accuracy;direct_replay_presentations;post_task1_replay_presentations;loss_normalized_exposure;residence;multiplicity;runtime_memory,P3H__seq_cifar10__task1_sym60__s4
P3__seq_cifar10__task1_sym60__random_count_matched__clean_reference_oracle__lambda2__s4,persistence,continuation,seq_cifar10,task1_sym60,R0,frozen_buffer_replay,pre_update_at_task1_admission,random_count_matched,clean_reference_oracle,2,4,new_required,task1_retention_trajectory;subsequent_task_accuracy;native_and_masked_accuracy;direct_replay_presentations;post_task1_replay_presentations;loss_normalized_exposure;residence;multiplicity;runtime_memory,P3H__seq_cifar10__task1_sym60__s4
P4__split_cifar10__sym20__R1__er__s0,recipe,training,split_cifar10,sym20,R1,er,none_or_oracle,,,,0,new_required,accuracy_matrix;final_accuracy;ece15;brier_multiclass;nll;admission_counts;retained_counts;buffer_purity_coverage;gate_separation_trajectory;inversion_trajectory;replay_exposure;runtime_memory;fingerprints;optimization_steps;clean_data_acquisition_retention,
P4__split_cifar10__sym20__R1__er__s1,recipe,training,split_cifar10,sym20,R1,er,none_or_oracle,,,,1,new_required,accuracy_matrix;final_accuracy;ece15;brier_multiclass;nll;admission_counts;retained_counts;buffer_purity_coverage;gate_separation_trajectory;inversion_trajectory;replay_exposure;runtime_memory;fingerprints;optimization_steps;clean_data_acquisition_retention,
P4__split_cifar10__sym20__R1__er__s2,recipe,training,split_cifar10,sym20,R1,er,none_or_oracle,,,,2,new_required,accuracy_matrix;final_accuracy;ece15;brier_multiclass;nll;admission_counts;retained_counts;buffer_purity_coverage;gate_separation_trajectory;inversion_trajectory;replay_exposure;runtime_memory;fingerprints;optimization_steps;clean_data_acquisition_retention,
P4__split_cifar10__sym20__R1__er__s3,recipe,training,split_cifar10,sym20,R1,er,none_or_oracle,,,,3,new_required,accuracy_matrix;final_accuracy;ece15;brier_multiclass;nll;admission_counts;retained_counts;buffer_purity_coverage;gate_separation_trajectory;inversion_trajectory;replay_exposure;runtime_memory;fingerprints;optimization_steps;clean_data_acquisition_retention,
P4__split_cifar10__sym20__R1__er__s4,recipe,training,split_cifar10,sym20,R1,er,none_or_oracle,,,,4,new_required,accuracy_matrix;final_accuracy;ece15;brier_multiclass;nll;admission_counts;retained_counts;buffer_purity_coverage;gate_separation_trajectory;inversion_trajectory;replay_exposure;runtime_memory;fingerprints;optimization_steps;clean_data_acquisition_retention,
P4__split_cifar10__sym20__R1__small_loss_pre__s0,recipe,training,split_cifar10,sym20,R1,small_loss_pre,pre_update,,,,0,new_required,accuracy_matrix;final_accuracy;ece15;brier_multiclass;nll;admission_counts;retained_counts;buffer_purity_coverage;gate_separation_trajectory;inversion_trajectory;replay_exposure;runtime_memory;fingerprints;optimization_steps;clean_data_acquisition_retention,
P4__split_cifar10__sym20__R1__small_loss_pre__s1,recipe,training,split_cifar10,sym20,R1,small_loss_pre,pre_update,,,,1,new_required,accuracy_matrix;final_accuracy;ece15;brier_multiclass;nll;admission_counts;retained_counts;buffer_purity_coverage;gate_separation_trajectory;inversion_trajectory;replay_exposure;runtime_memory;fingerprints;optimization_steps;clean_data_acquisition_retention,
P4__split_cifar10__sym20__R1__small_loss_pre__s2,recipe,training,split_cifar10,sym20,R1,small_loss_pre,pre_update,,,,2,new_required,accuracy_matrix;final_accuracy;ece15;brier_multiclass;nll;admission_counts;retained_counts;buffer_purity_coverage;gate_separation_trajectory;inversion_trajectory;replay_exposure;runtime_memory;fingerprints;optimization_steps;clean_data_acquisition_retention,
P4__split_cifar10__sym20__R1__small_loss_pre__s3,recipe,training,split_cifar10,sym20,R1,small_loss_pre,pre_update,,,,3,new_required,accuracy_matrix;final_accuracy;ece15;brier_multiclass;nll;admission_counts;retained_counts;buffer_purity_coverage;gate_separation_trajectory;inversion_trajectory;replay_exposure;runtime_memory;fingerprints;optimization_steps;clean_data_acquisition_retention,
P4__split_cifar10__sym20__R1__small_loss_pre__s4,recipe,training,split_cifar10,sym20,R1,small_loss_pre,pre_update,,,,4,new_required,accuracy_matrix;final_accuracy;ece15;brier_multiclass;nll;admission_counts;retained_counts;buffer_purity_coverage;gate_separation_trajectory;inversion_trajectory;replay_exposure;runtime_memory;fingerprints;optimization_steps;clean_data_acquisition_retention,
P4__split_cifar10__sym20__R1__confidence_pre__s0,recipe,training,split_cifar10,sym20,R1,confidence_pre,pre_update,,,,0,new_required,accuracy_matrix;final_accuracy;ece15;brier_multiclass;nll;admission_counts;retained_counts;buffer_purity_coverage;gate_separation_trajectory;inversion_trajectory;replay_exposure;runtime_memory;fingerprints;optimization_steps;clean_data_acquisition_retention,
P4__split_cifar10__sym20__R1__confidence_pre__s1,recipe,training,split_cifar10,sym20,R1,confidence_pre,pre_update,,,,1,new_required,accuracy_matrix;final_accuracy;ece15;brier_multiclass;nll;admission_counts;retained_counts;buffer_purity_coverage;gate_separation_trajectory;inversion_trajectory;replay_exposure;runtime_memory;fingerprints;optimization_steps;clean_data_acquisition_retention,
P4__split_cifar10__sym20__R1__confidence_pre__s2,recipe,training,split_cifar10,sym20,R1,confidence_pre,pre_update,,,,2,new_required,accuracy_matrix;final_accuracy;ece15;brier_multiclass;nll;admission_counts;retained_counts;buffer_purity_coverage;gate_separation_trajectory;inversion_trajectory;replay_exposure;runtime_memory;fingerprints;optimization_steps;clean_data_acquisition_retention,
P4__split_cifar10__sym20__R1__confidence_pre__s3,recipe,training,split_cifar10,sym20,R1,confidence_pre,pre_update,,,,3,new_required,accuracy_matrix;final_accuracy;ece15;brier_multiclass;nll;admission_counts;retained_counts;buffer_purity_coverage;gate_separation_trajectory;inversion_trajectory;replay_exposure;runtime_memory;fingerprints;optimization_steps;clean_data_acquisition_retention,
P4__split_cifar10__sym20__R1__confidence_pre__s4,recipe,training,split_cifar10,sym20,R1,confidence_pre,pre_update,,,,4,new_required,accuracy_matrix;final_accuracy;ece15;brier_multiclass;nll;admission_counts;retained_counts;buffer_purity_coverage;gate_separation_trajectory;inversion_trajectory;replay_exposure;runtime_memory;fingerprints;optimization_steps;clean_data_acquisition_retention,
P4__split_cifar10__sym20__R1__oracle_clean_admission__s0,recipe,training,split_cifar10,sym20,R1,oracle_clean_admission,none_or_oracle,,,,0,new_required,accuracy_matrix;final_accuracy;ece15;brier_multiclass;nll;admission_counts;retained_counts;buffer_purity_coverage;gate_separation_trajectory;inversion_trajectory;replay_exposure;runtime_memory;fingerprints;optimization_steps;clean_data_acquisition_retention,
P4__split_cifar10__sym20__R1__oracle_clean_admission__s1,recipe,training,split_cifar10,sym20,R1,oracle_clean_admission,none_or_oracle,,,,1,new_required,accuracy_matrix;final_accuracy;ece15;brier_multiclass;nll;admission_counts;retained_counts;buffer_purity_coverage;gate_separation_trajectory;inversion_trajectory;replay_exposure;runtime_memory;fingerprints;optimization_steps;clean_data_acquisition_retention,
P4__split_cifar10__sym20__R1__oracle_clean_admission__s2,recipe,training,split_cifar10,sym20,R1,oracle_clean_admission,none_or_oracle,,,,2,new_required,accuracy_matrix;final_accuracy;ece15;brier_multiclass;nll;admission_counts;retained_counts;buffer_purity_coverage;gate_separation_trajectory;inversion_trajectory;replay_exposure;runtime_memory;fingerprints;optimization_steps;clean_data_acquisition_retention,
P4__split_cifar10__sym20__R1__oracle_clean_admission__s3,recipe,training,split_cifar10,sym20,R1,oracle_clean_admission,none_or_oracle,,,,3,new_required,accuracy_matrix;final_accuracy;ece15;brier_multiclass;nll;admission_counts;retained_counts;buffer_purity_coverage;gate_separation_trajectory;inversion_trajectory;replay_exposure;runtime_memory;fingerprints;optimization_steps;clean_data_acquisition_retention,
P4__split_cifar10__sym20__R1__oracle_clean_admission__s4,recipe,training,split_cifar10,sym20,R1,oracle_clean_admission,none_or_oracle,,,,4,new_required,accuracy_matrix;final_accuracy;ece15;brier_multiclass;nll;admission_counts;retained_counts;buffer_purity_coverage;gate_separation_trajectory;inversion_trajectory;replay_exposure;runtime_memory;fingerprints;optimization_steps;clean_data_acquisition_retention,
P4__split_cifar10__sym60__R1__er__s0,recipe,training,split_cifar10,sym60,R1,er,none_or_oracle,,,,0,new_required,accuracy_matrix;final_accuracy;ece15;brier_multiclass;nll;admission_counts;retained_counts;buffer_purity_coverage;gate_separation_trajectory;inversion_trajectory;replay_exposure;runtime_memory;fingerprints;optimization_steps;clean_data_acquisition_retention,
P4__split_cifar10__sym60__R1__er__s1,recipe,training,split_cifar10,sym60,R1,er,none_or_oracle,,,,1,new_required,accuracy_matrix;final_accuracy;ece15;brier_multiclass;nll;admission_counts;retained_counts;buffer_purity_coverage;gate_separation_trajectory;inversion_trajectory;replay_exposure;runtime_memory;fingerprints;optimization_steps;clean_data_acquisition_retention,
P4__split_cifar10__sym60__R1__er__s2,recipe,training,split_cifar10,sym60,R1,er,none_or_oracle,,,,2,new_required,accuracy_matrix;final_accuracy;ece15;brier_multiclass;nll;admission_counts;retained_counts;buffer_purity_coverage;gate_separation_trajectory;inversion_trajectory;replay_exposure;runtime_memory;fingerprints;optimization_steps;clean_data_acquisition_retention,
P4__split_cifar10__sym60__R1__er__s3,recipe,training,split_cifar10,sym60,R1,er,none_or_oracle,,,,3,new_required,accuracy_matrix;final_accuracy;ece15;brier_multiclass;nll;admission_counts;retained_counts;buffer_purity_coverage;gate_separation_trajectory;inversion_trajectory;replay_exposure;runtime_memory;fingerprints;optimization_steps;clean_data_acquisition_retention,
P4__split_cifar10__sym60__R1__er__s4,recipe,training,split_cifar10,sym60,R1,er,none_or_oracle,,,,4,new_required,accuracy_matrix;final_accuracy;ece15;brier_multiclass;nll;admission_counts;retained_counts;buffer_purity_coverage;gate_separation_trajectory;inversion_trajectory;replay_exposure;runtime_memory;fingerprints;optimization_steps;clean_data_acquisition_retention,
P4__split_cifar10__sym60__R1__small_loss_pre__s0,recipe,training,split_cifar10,sym60,R1,small_loss_pre,pre_update,,,,0,new_required,accuracy_matrix;final_accuracy;ece15;brier_multiclass;nll;admission_counts;retained_counts;buffer_purity_coverage;gate_separation_trajectory;inversion_trajectory;replay_exposure;runtime_memory;fingerprints;optimization_steps;clean_data_acquisition_retention,
P4__split_cifar10__sym60__R1__small_loss_pre__s1,recipe,training,split_cifar10,sym60,R1,small_loss_pre,pre_update,,,,1,new_required,accuracy_matrix;final_accuracy;ece15;brier_multiclass;nll;admission_counts;retained_counts;buffer_purity_coverage;gate_separation_trajectory;inversion_trajectory;replay_exposure;runtime_memory;fingerprints;optimization_steps;clean_data_acquisition_retention,
P4__split_cifar10__sym60__R1__small_loss_pre__s2,recipe,training,split_cifar10,sym60,R1,small_loss_pre,pre_update,,,,2,new_required,accuracy_matrix;final_accuracy;ece15;brier_multiclass;nll;admission_counts;retained_counts;buffer_purity_coverage;gate_separation_trajectory;inversion_trajectory;replay_exposure;runtime_memory;fingerprints;optimization_steps;clean_data_acquisition_retention,
P4__split_cifar10__sym60__R1__small_loss_pre__s3,recipe,training,split_cifar10,sym60,R1,small_loss_pre,pre_update,,,,3,new_required,accuracy_matrix;final_accuracy;ece15;brier_multiclass;nll;admission_counts;retained_counts;buffer_purity_coverage;gate_separation_trajectory;inversion_trajectory;replay_exposure;runtime_memory;fingerprints;optimization_steps;clean_data_acquisition_retention,
P4__split_cifar10__sym60__R1__small_loss_pre__s4,recipe,training,split_cifar10,sym60,R1,small_loss_pre,pre_update,,,,4,new_required,accuracy_matrix;final_accuracy;ece15;brier_multiclass;nll;admission_counts;retained_counts;buffer_purity_coverage;gate_separation_trajectory;inversion_trajectory;replay_exposure;runtime_memory;fingerprints;optimization_steps;clean_data_acquisition_retention,
P4__split_cifar10__sym60__R1__confidence_pre__s0,recipe,training,split_cifar10,sym60,R1,confidence_pre,pre_update,,,,0,new_required,accuracy_matrix;final_accuracy;ece15;brier_multiclass;nll;admission_counts;retained_counts;buffer_purity_coverage;gate_separation_trajectory;inversion_trajectory;replay_exposure;runtime_memory;fingerprints;optimization_steps;clean_data_acquisition_retention,
P4__split_cifar10__sym60__R1__confidence_pre__s1,recipe,training,split_cifar10,sym60,R1,confidence_pre,pre_update,,,,1,new_required,accuracy_matrix;final_accuracy;ece15;brier_multiclass;nll;admission_counts;retained_counts;buffer_purity_coverage;gate_separation_trajectory;inversion_trajectory;replay_exposure;runtime_memory;fingerprints;optimization_steps;clean_data_acquisition_retention,
P4__split_cifar10__sym60__R1__confidence_pre__s2,recipe,training,split_cifar10,sym60,R1,confidence_pre,pre_update,,,,2,new_required,accuracy_matrix;final_accuracy;ece15;brier_multiclass;nll;admission_counts;retained_counts;buffer_purity_coverage;gate_separation_trajectory;inversion_trajectory;replay_exposure;runtime_memory;fingerprints;optimization_steps;clean_data_acquisition_retention,
P4__split_cifar10__sym60__R1__confidence_pre__s3,recipe,training,split_cifar10,sym60,R1,confidence_pre,pre_update,,,,3,new_required,accuracy_matrix;final_accuracy;ece15;brier_multiclass;nll;admission_counts;retained_counts;buffer_purity_coverage;gate_separation_trajectory;inversion_trajectory;replay_exposure;runtime_memory;fingerprints;optimization_steps;clean_data_acquisition_retention,
P4__split_cifar10__sym60__R1__confidence_pre__s4,recipe,training,split_cifar10,sym60,R1,confidence_pre,pre_update,,,,4,new_required,accuracy_matrix;final_accuracy;ece15;brier_multiclass;nll;admission_counts;retained_counts;buffer_purity_coverage;gate_separation_trajectory;inversion_trajectory;replay_exposure;runtime_memory;fingerprints;optimization_steps;clean_data_acquisition_retention,
P4__split_cifar10__sym60__R1__oracle_clean_admission__s0,recipe,training,split_cifar10,sym60,R1,oracle_clean_admission,none_or_oracle,,,,0,new_required,accuracy_matrix;final_accuracy;ece15;brier_multiclass;nll;admission_counts;retained_counts;buffer_purity_coverage;gate_separation_trajectory;inversion_trajectory;replay_exposure;runtime_memory;fingerprints;optimization_steps;clean_data_acquisition_retention,
P4__split_cifar10__sym60__R1__oracle_clean_admission__s1,recipe,training,split_cifar10,sym60,R1,oracle_clean_admission,none_or_oracle,,,,1,new_required,accuracy_matrix;final_accuracy;ece15;brier_multiclass;nll;admission_counts;retained_counts;buffer_purity_coverage;gate_separation_trajectory;inversion_trajectory;replay_exposure;runtime_memory;fingerprints;optimization_steps;clean_data_acquisition_retention,
P4__split_cifar10__sym60__R1__oracle_clean_admission__s2,recipe,training,split_cifar10,sym60,R1,oracle_clean_admission,none_or_oracle,,,,2,new_required,accuracy_matrix;final_accuracy;ece15;brier_multiclass;nll;admission_counts;retained_counts;buffer_purity_coverage;gate_separation_trajectory;inversion_trajectory;replay_exposure;runtime_memory;fingerprints;optimization_steps;clean_data_acquisition_retention,
P4__split_cifar10__sym60__R1__oracle_clean_admission__s3,recipe,training,split_cifar10,sym60,R1,oracle_clean_admission,none_or_oracle,,,,3,new_required,accuracy_matrix;final_accuracy;ece15;brier_multiclass;nll;admission_counts;retained_counts;buffer_purity_coverage;gate_separation_trajectory;inversion_trajectory;replay_exposure;runtime_memory;fingerprints;optimization_steps;clean_data_acquisition_retention,
P4__split_cifar10__sym60__R1__oracle_clean_admission__s4,recipe,training,split_cifar10,sym60,R1,oracle_clean_admission,none_or_oracle,,,,4,new_required,accuracy_matrix;final_accuracy;ece15;brier_multiclass;nll;admission_counts;retained_counts;buffer_purity_coverage;gate_separation_trajectory;inversion_trajectory;replay_exposure;runtime_memory;fingerprints;optimization_steps;clean_data_acquisition_retention,
P4__seq_cifar10__sym20__R1__er__s0,recipe,training,seq_cifar10,sym20,R1,er,none_or_oracle,,,,0,new_required,accuracy_matrix;final_accuracy;ece15;brier_multiclass;nll;admission_counts;retained_counts;buffer_purity_coverage;gate_separation_trajectory;inversion_trajectory;replay_exposure;runtime_memory;fingerprints;optimization_steps;clean_data_acquisition_retention,
P4__seq_cifar10__sym20__R1__er__s1,recipe,training,seq_cifar10,sym20,R1,er,none_or_oracle,,,,1,new_required,accuracy_matrix;final_accuracy;ece15;brier_multiclass;nll;admission_counts;retained_counts;buffer_purity_coverage;gate_separation_trajectory;inversion_trajectory;replay_exposure;runtime_memory;fingerprints;optimization_steps;clean_data_acquisition_retention,
P4__seq_cifar10__sym20__R1__er__s2,recipe,training,seq_cifar10,sym20,R1,er,none_or_oracle,,,,2,new_required,accuracy_matrix;final_accuracy;ece15;brier_multiclass;nll;admission_counts;retained_counts;buffer_purity_coverage;gate_separation_trajectory;inversion_trajectory;replay_exposure;runtime_memory;fingerprints;optimization_steps;clean_data_acquisition_retention,
P4__seq_cifar10__sym20__R1__er__s3,recipe,training,seq_cifar10,sym20,R1,er,none_or_oracle,,,,3,new_required,accuracy_matrix;final_accuracy;ece15;brier_multiclass;nll;admission_counts;retained_counts;buffer_purity_coverage;gate_separation_trajectory;inversion_trajectory;replay_exposure;runtime_memory;fingerprints;optimization_steps;clean_data_acquisition_retention,
P4__seq_cifar10__sym20__R1__er__s4,recipe,training,seq_cifar10,sym20,R1,er,none_or_oracle,,,,4,new_required,accuracy_matrix;final_accuracy;ece15;brier_multiclass;nll;admission_counts;retained_counts;buffer_purity_coverage;gate_separation_trajectory;inversion_trajectory;replay_exposure;runtime_memory;fingerprints;optimization_steps;clean_data_acquisition_retention,
P4__seq_cifar10__sym20__R1__small_loss_pre__s0,recipe,training,seq_cifar10,sym20,R1,small_loss_pre,pre_update,,,,0,new_required,accuracy_matrix;final_accuracy;ece15;brier_multiclass;nll;admission_counts;retained_counts;buffer_purity_coverage;gate_separation_trajectory;inversion_trajectory;replay_exposure;runtime_memory;fingerprints;optimization_steps;clean_data_acquisition_retention,
P4__seq_cifar10__sym20__R1__small_loss_pre__s1,recipe,training,seq_cifar10,sym20,R1,small_loss_pre,pre_update,,,,1,new_required,accuracy_matrix;final_accuracy;ece15;brier_multiclass;nll;admission_counts;retained_counts;buffer_purity_coverage;gate_separation_trajectory;inversion_trajectory;replay_exposure;runtime_memory;fingerprints;optimization_steps;clean_data_acquisition_retention,
P4__seq_cifar10__sym20__R1__small_loss_pre__s2,recipe,training,seq_cifar10,sym20,R1,small_loss_pre,pre_update,,,,2,new_required,accuracy_matrix;final_accuracy;ece15;brier_multiclass;nll;admission_counts;retained_counts;buffer_purity_coverage;gate_separation_trajectory;inversion_trajectory;replay_exposure;runtime_memory;fingerprints;optimization_steps;clean_data_acquisition_retention,
P4__seq_cifar10__sym20__R1__small_loss_pre__s3,recipe,training,seq_cifar10,sym20,R1,small_loss_pre,pre_update,,,,3,new_required,accuracy_matrix;final_accuracy;ece15;brier_multiclass;nll;admission_counts;retained_counts;buffer_purity_coverage;gate_separation_trajectory;inversion_trajectory;replay_exposure;runtime_memory;fingerprints;optimization_steps;clean_data_acquisition_retention,
P4__seq_cifar10__sym20__R1__small_loss_pre__s4,recipe,training,seq_cifar10,sym20,R1,small_loss_pre,pre_update,,,,4,new_required,accuracy_matrix;final_accuracy;ece15;brier_multiclass;nll;admission_counts;retained_counts;buffer_purity_coverage;gate_separation_trajectory;inversion_trajectory;replay_exposure;runtime_memory;fingerprints;optimization_steps;clean_data_acquisition_retention,
P4__seq_cifar10__sym20__R1__confidence_pre__s0,recipe,training,seq_cifar10,sym20,R1,confidence_pre,pre_update,,,,0,new_required,accuracy_matrix;final_accuracy;ece15;brier_multiclass;nll;admission_counts;retained_counts;buffer_purity_coverage;gate_separation_trajectory;inversion_trajectory;replay_exposure;runtime_memory;fingerprints;optimization_steps;clean_data_acquisition_retention,
P4__seq_cifar10__sym20__R1__confidence_pre__s1,recipe,training,seq_cifar10,sym20,R1,confidence_pre,pre_update,,,,1,new_required,accuracy_matrix;final_accuracy;ece15;brier_multiclass;nll;admission_counts;retained_counts;buffer_purity_coverage;gate_separation_trajectory;inversion_trajectory;replay_exposure;runtime_memory;fingerprints;optimization_steps;clean_data_acquisition_retention,
P4__seq_cifar10__sym20__R1__confidence_pre__s2,recipe,training,seq_cifar10,sym20,R1,confidence_pre,pre_update,,,,2,new_required,accuracy_matrix;final_accuracy;ece15;brier_multiclass;nll;admission_counts;retained_counts;buffer_purity_coverage;gate_separation_trajectory;inversion_trajectory;replay_exposure;runtime_memory;fingerprints;optimization_steps;clean_data_acquisition_retention,
P4__seq_cifar10__sym20__R1__confidence_pre__s3,recipe,training,seq_cifar10,sym20,R1,confidence_pre,pre_update,,,,3,new_required,accuracy_matrix;final_accuracy;ece15;brier_multiclass;nll;admission_counts;retained_counts;buffer_purity_coverage;gate_separation_trajectory;inversion_trajectory;replay_exposure;runtime_memory;fingerprints;optimization_steps;clean_data_acquisition_retention,
P4__seq_cifar10__sym20__R1__confidence_pre__s4,recipe,training,seq_cifar10,sym20,R1,confidence_pre,pre_update,,,,4,new_required,accuracy_matrix;final_accuracy;ece15;brier_multiclass;nll;admission_counts;retained_counts;buffer_purity_coverage;gate_separation_trajectory;inversion_trajectory;replay_exposure;runtime_memory;fingerprints;optimization_steps;clean_data_acquisition_retention,
P4__seq_cifar10__sym20__R1__oracle_clean_admission__s0,recipe,training,seq_cifar10,sym20,R1,oracle_clean_admission,none_or_oracle,,,,0,new_required,accuracy_matrix;final_accuracy;ece15;brier_multiclass;nll;admission_counts;retained_counts;buffer_purity_coverage;gate_separation_trajectory;inversion_trajectory;replay_exposure;runtime_memory;fingerprints;optimization_steps;clean_data_acquisition_retention,
P4__seq_cifar10__sym20__R1__oracle_clean_admission__s1,recipe,training,seq_cifar10,sym20,R1,oracle_clean_admission,none_or_oracle,,,,1,new_required,accuracy_matrix;final_accuracy;ece15;brier_multiclass;nll;admission_counts;retained_counts;buffer_purity_coverage;gate_separation_trajectory;inversion_trajectory;replay_exposure;runtime_memory;fingerprints;optimization_steps;clean_data_acquisition_retention,
P4__seq_cifar10__sym20__R1__oracle_clean_admission__s2,recipe,training,seq_cifar10,sym20,R1,oracle_clean_admission,none_or_oracle,,,,2,new_required,accuracy_matrix;final_accuracy;ece15;brier_multiclass;nll;admission_counts;retained_counts;buffer_purity_coverage;gate_separation_trajectory;inversion_trajectory;replay_exposure;runtime_memory;fingerprints;optimization_steps;clean_data_acquisition_retention,
P4__seq_cifar10__sym20__R1__oracle_clean_admission__s3,recipe,training,seq_cifar10,sym20,R1,oracle_clean_admission,none_or_oracle,,,,3,new_required,accuracy_matrix;final_accuracy;ece15;brier_multiclass;nll;admission_counts;retained_counts;buffer_purity_coverage;gate_separation_trajectory;inversion_trajectory;replay_exposure;runtime_memory;fingerprints;optimization_steps;clean_data_acquisition_retention,
P4__seq_cifar10__sym20__R1__oracle_clean_admission__s4,recipe,training,seq_cifar10,sym20,R1,oracle_clean_admission,none_or_oracle,,,,4,new_required,accuracy_matrix;final_accuracy;ece15;brier_multiclass;nll;admission_counts;retained_counts;buffer_purity_coverage;gate_separation_trajectory;inversion_trajectory;replay_exposure;runtime_memory;fingerprints;optimization_steps;clean_data_acquisition_retention,
P4__seq_cifar10__sym60__R1__er__s0,recipe,training,seq_cifar10,sym60,R1,er,none_or_oracle,,,,0,new_required,accuracy_matrix;final_accuracy;ece15;brier_multiclass;nll;admission_counts;retained_counts;buffer_purity_coverage;gate_separation_trajectory;inversion_trajectory;replay_exposure;runtime_memory;fingerprints;optimization_steps;clean_data_acquisition_retention,
P4__seq_cifar10__sym60__R1__er__s1,recipe,training,seq_cifar10,sym60,R1,er,none_or_oracle,,,,1,new_required,accuracy_matrix;final_accuracy;ece15;brier_multiclass;nll;admission_counts;retained_counts;buffer_purity_coverage;gate_separation_trajectory;inversion_trajectory;replay_exposure;runtime_memory;fingerprints;optimization_steps;clean_data_acquisition_retention,
P4__seq_cifar10__sym60__R1__er__s2,recipe,training,seq_cifar10,sym60,R1,er,none_or_oracle,,,,2,new_required,accuracy_matrix;final_accuracy;ece15;brier_multiclass;nll;admission_counts;retained_counts;buffer_purity_coverage;gate_separation_trajectory;inversion_trajectory;replay_exposure;runtime_memory;fingerprints;optimization_steps;clean_data_acquisition_retention,
P4__seq_cifar10__sym60__R1__er__s3,recipe,training,seq_cifar10,sym60,R1,er,none_or_oracle,,,,3,new_required,accuracy_matrix;final_accuracy;ece15;brier_multiclass;nll;admission_counts;retained_counts;buffer_purity_coverage;gate_separation_trajectory;inversion_trajectory;replay_exposure;runtime_memory;fingerprints;optimization_steps;clean_data_acquisition_retention,
P4__seq_cifar10__sym60__R1__er__s4,recipe,training,seq_cifar10,sym60,R1,er,none_or_oracle,,,,4,new_required,accuracy_matrix;final_accuracy;ece15;brier_multiclass;nll;admission_counts;retained_counts;buffer_purity_coverage;gate_separation_trajectory;inversion_trajectory;replay_exposure;runtime_memory;fingerprints;optimization_steps;clean_data_acquisition_retention,
P4__seq_cifar10__sym60__R1__small_loss_pre__s0,recipe,training,seq_cifar10,sym60,R1,small_loss_pre,pre_update,,,,0,new_required,accuracy_matrix;final_accuracy;ece15;brier_multiclass;nll;admission_counts;retained_counts;buffer_purity_coverage;gate_separation_trajectory;inversion_trajectory;replay_exposure;runtime_memory;fingerprints;optimization_steps;clean_data_acquisition_retention,
P4__seq_cifar10__sym60__R1__small_loss_pre__s1,recipe,training,seq_cifar10,sym60,R1,small_loss_pre,pre_update,,,,1,new_required,accuracy_matrix;final_accuracy;ece15;brier_multiclass;nll;admission_counts;retained_counts;buffer_purity_coverage;gate_separation_trajectory;inversion_trajectory;replay_exposure;runtime_memory;fingerprints;optimization_steps;clean_data_acquisition_retention,
P4__seq_cifar10__sym60__R1__small_loss_pre__s2,recipe,training,seq_cifar10,sym60,R1,small_loss_pre,pre_update,,,,2,new_required,accuracy_matrix;final_accuracy;ece15;brier_multiclass;nll;admission_counts;retained_counts;buffer_purity_coverage;gate_separation_trajectory;inversion_trajectory;replay_exposure;runtime_memory;fingerprints;optimization_steps;clean_data_acquisition_retention,
P4__seq_cifar10__sym60__R1__small_loss_pre__s3,recipe,training,seq_cifar10,sym60,R1,small_loss_pre,pre_update,,,,3,new_required,accuracy_matrix;final_accuracy;ece15;brier_multiclass;nll;admission_counts;retained_counts;buffer_purity_coverage;gate_separation_trajectory;inversion_trajectory;replay_exposure;runtime_memory;fingerprints;optimization_steps;clean_data_acquisition_retention,
P4__seq_cifar10__sym60__R1__small_loss_pre__s4,recipe,training,seq_cifar10,sym60,R1,small_loss_pre,pre_update,,,,4,new_required,accuracy_matrix;final_accuracy;ece15;brier_multiclass;nll;admission_counts;retained_counts;buffer_purity_coverage;gate_separation_trajectory;inversion_trajectory;replay_exposure;runtime_memory;fingerprints;optimization_steps;clean_data_acquisition_retention,
P4__seq_cifar10__sym60__R1__confidence_pre__s0,recipe,training,seq_cifar10,sym60,R1,confidence_pre,pre_update,,,,0,new_required,accuracy_matrix;final_accuracy;ece15;brier_multiclass;nll;admission_counts;retained_counts;buffer_purity_coverage;gate_separation_trajectory;inversion_trajectory;replay_exposure;runtime_memory;fingerprints;optimization_steps;clean_data_acquisition_retention,
P4__seq_cifar10__sym60__R1__confidence_pre__s1,recipe,training,seq_cifar10,sym60,R1,confidence_pre,pre_update,,,,1,new_required,accuracy_matrix;final_accuracy;ece15;brier_multiclass;nll;admission_counts;retained_counts;buffer_purity_coverage;gate_separation_trajectory;inversion_trajectory;replay_exposure;runtime_memory;fingerprints;optimization_steps;clean_data_acquisition_retention,
P4__seq_cifar10__sym60__R1__confidence_pre__s2,recipe,training,seq_cifar10,sym60,R1,confidence_pre,pre_update,,,,2,new_required,accuracy_matrix;final_accuracy;ece15;brier_multiclass;nll;admission_counts;retained_counts;buffer_purity_coverage;gate_separation_trajectory;inversion_trajectory;replay_exposure;runtime_memory;fingerprints;optimization_steps;clean_data_acquisition_retention,
P4__seq_cifar10__sym60__R1__confidence_pre__s3,recipe,training,seq_cifar10,sym60,R1,confidence_pre,pre_update,,,,3,new_required,accuracy_matrix;final_accuracy;ece15;brier_multiclass;nll;admission_counts;retained_counts;buffer_purity_coverage;gate_separation_trajectory;inversion_trajectory;replay_exposure;runtime_memory;fingerprints;optimization_steps;clean_data_acquisition_retention,
P4__seq_cifar10__sym60__R1__confidence_pre__s4,recipe,training,seq_cifar10,sym60,R1,confidence_pre,pre_update,,,,4,new_required,accuracy_matrix;final_accuracy;ece15;brier_multiclass;nll;admission_counts;retained_counts;buffer_purity_coverage;gate_separation_trajectory;inversion_trajectory;replay_exposure;runtime_memory;fingerprints;optimization_steps;clean_data_acquisition_retention,
P4__seq_cifar10__sym60__R1__oracle_clean_admission__s0,recipe,training,seq_cifar10,sym60,R1,oracle_clean_admission,none_or_oracle,,,,0,new_required,accuracy_matrix;final_accuracy;ece15;brier_multiclass;nll;admission_counts;retained_counts;buffer_purity_coverage;gate_separation_trajectory;inversion_trajectory;replay_exposure;runtime_memory;fingerprints;optimization_steps;clean_data_acquisition_retention,
P4__seq_cifar10__sym60__R1__oracle_clean_admission__s1,recipe,training,seq_cifar10,sym60,R1,oracle_clean_admission,none_or_oracle,,,,1,new_required,accuracy_matrix;final_accuracy;ece15;brier_multiclass;nll;admission_counts;retained_counts;buffer_purity_coverage;gate_separation_trajectory;inversion_trajectory;replay_exposure;runtime_memory;fingerprints;optimization_steps;clean_data_acquisition_retention,
P4__seq_cifar10__sym60__R1__oracle_clean_admission__s2,recipe,training,seq_cifar10,sym60,R1,oracle_clean_admission,none_or_oracle,,,,2,new_required,accuracy_matrix;final_accuracy;ece15;brier_multiclass;nll;admission_counts;retained_counts;buffer_purity_coverage;gate_separation_trajectory;inversion_trajectory;replay_exposure;runtime_memory;fingerprints;optimization_steps;clean_data_acquisition_retention,
P4__seq_cifar10__sym60__R1__oracle_clean_admission__s3,recipe,training,seq_cifar10,sym60,R1,oracle_clean_admission,none_or_oracle,,,,3,new_required,accuracy_matrix;final_accuracy;ece15;brier_multiclass;nll;admission_counts;retained_counts;buffer_purity_coverage;gate_separation_trajectory;inversion_trajectory;replay_exposure;runtime_memory;fingerprints;optimization_steps;clean_data_acquisition_retention,
P4__seq_cifar10__sym60__R1__oracle_clean_admission__s4,recipe,training,seq_cifar10,sym60,R1,oracle_clean_admission,none_or_oracle,,,,4,new_required,accuracy_matrix;final_accuracy;ece15;brier_multiclass;nll;admission_counts;retained_counts;buffer_purity_coverage;gate_separation_trajectory;inversion_trajectory;replay_exposure;runtime_memory;fingerprints;optimization_steps;clean_data_acquisition_retention,
P4C__split_cifar10__clean__R0__er__s0,recipe,training,split_cifar10,clean,R0,er,,,,,0,new_required_for_matched_clean_reference_and_required_outputs,accuracy_matrix;final_accuracy;ece15;brier_multiclass;nll;acquisition_retention;runtime_memory;fingerprints,
P4C__split_cifar10__clean__R0__er__s1,recipe,training,split_cifar10,clean,R0,er,,,,,1,new_required_for_matched_clean_reference_and_required_outputs,accuracy_matrix;final_accuracy;ece15;brier_multiclass;nll;acquisition_retention;runtime_memory;fingerprints,
P4C__split_cifar10__clean__R0__er__s2,recipe,training,split_cifar10,clean,R0,er,,,,,2,new_required_for_matched_clean_reference_and_required_outputs,accuracy_matrix;final_accuracy;ece15;brier_multiclass;nll;acquisition_retention;runtime_memory;fingerprints,
P4C__split_cifar10__clean__R0__er__s3,recipe,training,split_cifar10,clean,R0,er,,,,,3,new_required_for_matched_clean_reference_and_required_outputs,accuracy_matrix;final_accuracy;ece15;brier_multiclass;nll;acquisition_retention;runtime_memory;fingerprints,
P4C__split_cifar10__clean__R0__er__s4,recipe,training,split_cifar10,clean,R0,er,,,,,4,new_required_for_matched_clean_reference_and_required_outputs,accuracy_matrix;final_accuracy;ece15;brier_multiclass;nll;acquisition_retention;runtime_memory;fingerprints,
P4C__split_cifar10__clean__R1__er__s0,recipe,training,split_cifar10,clean,R1,er,,,,,0,new_required_for_matched_clean_reference_and_required_outputs,accuracy_matrix;final_accuracy;ece15;brier_multiclass;nll;acquisition_retention;runtime_memory;fingerprints,
P4C__split_cifar10__clean__R1__er__s1,recipe,training,split_cifar10,clean,R1,er,,,,,1,new_required_for_matched_clean_reference_and_required_outputs,accuracy_matrix;final_accuracy;ece15;brier_multiclass;nll;acquisition_retention;runtime_memory;fingerprints,
P4C__split_cifar10__clean__R1__er__s2,recipe,training,split_cifar10,clean,R1,er,,,,,2,new_required_for_matched_clean_reference_and_required_outputs,accuracy_matrix;final_accuracy;ece15;brier_multiclass;nll;acquisition_retention;runtime_memory;fingerprints,
P4C__split_cifar10__clean__R1__er__s3,recipe,training,split_cifar10,clean,R1,er,,,,,3,new_required_for_matched_clean_reference_and_required_outputs,accuracy_matrix;final_accuracy;ece15;brier_multiclass;nll;acquisition_retention;runtime_memory;fingerprints,
P4C__split_cifar10__clean__R1__er__s4,recipe,training,split_cifar10,clean,R1,er,,,,,4,new_required_for_matched_clean_reference_and_required_outputs,accuracy_matrix;final_accuracy;ece15;brier_multiclass;nll;acquisition_retention;runtime_memory;fingerprints,
P4C__seq_cifar10__clean__R0__er__s0,recipe,training,seq_cifar10,clean,R0,er,,,,,0,new_required_for_matched_clean_reference_and_required_outputs,accuracy_matrix;final_accuracy;ece15;brier_multiclass;nll;acquisition_retention;runtime_memory;fingerprints,
P4C__seq_cifar10__clean__R0__er__s1,recipe,training,seq_cifar10,clean,R0,er,,,,,1,new_required_for_matched_clean_reference_and_required_outputs,accuracy_matrix;final_accuracy;ece15;brier_multiclass;nll;acquisition_retention;runtime_memory;fingerprints,
P4C__seq_cifar10__clean__R0__er__s2,recipe,training,seq_cifar10,clean,R0,er,,,,,2,new_required_for_matched_clean_reference_and_required_outputs,accuracy_matrix;final_accuracy;ece15;brier_multiclass;nll;acquisition_retention;runtime_memory;fingerprints,
P4C__seq_cifar10__clean__R0__er__s3,recipe,training,seq_cifar10,clean,R0,er,,,,,3,new_required_for_matched_clean_reference_and_required_outputs,accuracy_matrix;final_accuracy;ece15;brier_multiclass;nll;acquisition_retention;runtime_memory;fingerprints,
P4C__seq_cifar10__clean__R0__er__s4,recipe,training,seq_cifar10,clean,R0,er,,,,,4,new_required_for_matched_clean_reference_and_required_outputs,accuracy_matrix;final_accuracy;ece15;brier_multiclass;nll;acquisition_retention;runtime_memory;fingerprints,
P4C__seq_cifar10__clean__R1__er__s0,recipe,training,seq_cifar10,clean,R1,er,,,,,0,new_required_for_matched_clean_reference_and_required_outputs,accuracy_matrix;final_accuracy;ece15;brier_multiclass;nll;acquisition_retention;runtime_memory;fingerprints,
P4C__seq_cifar10__clean__R1__er__s1,recipe,training,seq_cifar10,clean,R1,er,,,,,1,new_required_for_matched_clean_reference_and_required_outputs,accuracy_matrix;final_accuracy;ece15;brier_multiclass;nll;acquisition_retention;runtime_memory;fingerprints,
P4C__seq_cifar10__clean__R1__er__s2,recipe,training,seq_cifar10,clean,R1,er,,,,,2,new_required_for_matched_clean_reference_and_required_outputs,accuracy_matrix;final_accuracy;ece15;brier_multiclass;nll;acquisition_retention;runtime_memory;fingerprints,
P4C__seq_cifar10__clean__R1__er__s3,recipe,training,seq_cifar10,clean,R1,er,,,,,3,new_required_for_matched_clean_reference_and_required_outputs,accuracy_matrix;final_accuracy;ece15;brier_multiclass;nll;acquisition_retention;runtime_memory;fingerprints,
P4C__seq_cifar10__clean__R1__er__s4,recipe,training,seq_cifar10,clean,R1,er,,,,,4,new_required_for_matched_clean_reference_and_required_outputs,accuracy_matrix;final_accuracy;ece15;brier_multiclass;nll;acquisition_retention;runtime_memory;fingerprints,
P8__mammoth_seq_cifar10__sym20__er__s0,aer,training,mammoth_seq_cifar10,sym20,pinned_mammoth_e75a491c,er,,,,,0,conditional_only_if_existing_AER_provenance_can_be_matched,accuracy;runtime;source_and_data_provenance;sample_sd_inventory,
P8__mammoth_seq_cifar10__sym20__er__s1,aer,training,mammoth_seq_cifar10,sym20,pinned_mammoth_e75a491c,er,,,,,1,conditional_only_if_existing_AER_provenance_can_be_matched,accuracy;runtime;source_and_data_provenance;sample_sd_inventory,
P8__mammoth_seq_cifar10__sym20__er__s2,aer,training,mammoth_seq_cifar10,sym20,pinned_mammoth_e75a491c,er,,,,,2,conditional_only_if_existing_AER_provenance_can_be_matched,accuracy;runtime;source_and_data_provenance;sample_sd_inventory,
P8__mammoth_seq_cifar10__asym40__er__s0,aer,training,mammoth_seq_cifar10,asym40,pinned_mammoth_e75a491c,er,,,,,0,conditional_only_if_existing_AER_provenance_can_be_matched,accuracy;runtime;source_and_data_provenance;sample_sd_inventory,
P8__mammoth_seq_cifar10__asym40__er__s1,aer,training,mammoth_seq_cifar10,asym40,pinned_mammoth_e75a491c,er,,,,,1,conditional_only_if_existing_AER_provenance_can_be_matched,accuracy;runtime;source_and_data_provenance;sample_sd_inventory,
P8__mammoth_seq_cifar10__asym40__er__s2,aer,training,mammoth_seq_cifar10,asym40,pinned_mammoth_e75a491c,er,,,,,2,conditional_only_if_existing_AER_provenance_can_be_matched,accuracy;runtime;source_and_data_provenance;sample_sd_inventory,
P8__mammoth_seq_cifar10__sym60__er__s2,aer,training,mammoth_seq_cifar10,sym60,pinned_mammoth_e75a491c,er,,,,,2,conditional_only_if_existing_AER_provenance_can_be_matched,accuracy;runtime;source_and_data_provenance;sample_sd_inventory,
