"relative_path","absolute_path","category","size_bytes","last_write_utc","sha256_before"
"C:\Users\mirro\Downloads\reliability_gated_replay_nn.zip","C:\Users\mirro\Downloads\reliability_gated_replay_nn.zip","attached_submission_package","805748","2026-09-22T13:43:20.7997847Z","095ec506ee8778a9a0d94cf00091e4c8f1a2be8d993978a00c99efc65cd613bf"
".zenodo.json","C:\work\reliability-gated-replay\.zenodo.json","submission_metadata","1489","2026-07-03T19:11:38.1308628Z","faf2cd2ed19880f9c77310ee8e6736fedb52c7d85287226237b318a639b775a2"
"CITATION.cff","C:\work\reliability-gated-replay\CITATION.cff","submission_metadata","971","2026-07-03T19:11:38.1326138Z","ee67250addb7ad4bd5f5c6e81922693a9ae9edfb91bd4bdb492d7f4fb36a7b6e"
"evidence\raw_evidence_manifest.csv","C:\work\reliability-gated-replay\evidence\raw_evidence_manifest.csv","evidence_manifest","203637","2026-07-03T19:11:38.4060292Z","25786503b5aedba74b95fa62c1fad4cd31f2fd3f6c47f205ce09cb0f2eca70ed"
"evidence\README.md","C:\work\reliability-gated-replay\evidence\README.md","evidence_manifest","1741","2026-07-03T19:11:38.4000308Z","2b9940bb597c6739507f745138bfecb716c369b386fa67f558fa42f88f608ef3"
"highlights.tex","C:\work\reliability-gated-replay\highlights.tex","manuscript_or_publication","613","2026-07-12T14:37:32.1439630Z","f0a690064c93b9458a109b49e8b718d7c0f7eb5dfdd3c1ce0965e843135f903f"
"manuscript.tex","C:\work\reliability-gated-replay\manuscript.tex","manuscript_or_publication","79148","2026-07-12T14:37:14.7007258Z","2f2421eb50a678dda2ffc5d9171127688d72a052bb7743210b644289e52afc1f"
"paper\figs\fig_integrated_power_risk_frontier.pdf","C:\work\reliability-gated-replay\paper\figs\fig_integrated_power_risk_frontier.pdf","manuscript_or_publication","25448","2026-07-07T15:23:11.2111703Z","f96358ccb6deabd55606aee133b884d8e82a4bc766ccad2ab843a59b20897b6a"
"paper\figs\fig2_reliability_gated_replay.pdf","C:\work\reliability-gated-replay\paper\figs\fig2_reliability_gated_replay.pdf","manuscript_or_publication","356688","2026-07-03T19:11:38.5536924Z","094ab11940c4647353e1c65aa104ec9254d9dd4852f7a090b05dda575e3976d1"
"paper\figs\fig3_main_cifar_benchmark.pdf","C:\work\reliability-gated-replay\paper\figs\fig3_main_cifar_benchmark.pdf","manuscript_or_publication","34634","2026-07-07T15:23:12.6874578Z","149ffaad26ab2882c79eb5c05f38e55f4c148882a3999210d23d8e091f26154c"
"paper\figs\fig4_buffer_purity_gate_alignment.pdf","C:\work\reliability-gated-replay\paper\figs\fig4_buffer_purity_gate_alignment.pdf","manuscript_or_publication","36711","2026-07-07T15:37:14.1957554Z","679141e3d5e6b299049b16adfb52b1ec2da7cae966a032ea89b8359b9ac8282a"
"paper\figs\fig5_memorization_inversion.pdf","C:\work\reliability-gated-replay\paper\figs\fig5_memorization_inversion.pdf","manuscript_or_publication","33233","2026-07-07T15:37:14.9661769Z","b1cc5cd3fac3f9b7b7a265534e0aaccb277dde328232a907ccbf50eb5246ce00"
"paper\figs\fig7_c10n_alignment_purity.pdf","C:\work\reliability-gated-replay\paper\figs\fig7_c10n_alignment_purity.pdf","manuscript_or_publication","32250","2026-07-07T15:37:16.3638162Z","72b2c618270f4e8e4a6fba11e95e5a2035bce0b3cc18cc02c8c7fac0bb8ce1a4"
"paper\figs\figA_c10n_frontier.pdf","C:\work\reliability-gated-replay\paper\figs\figA_c10n_frontier.pdf","manuscript_or_publication","24424","2026-07-07T15:37:15.5665300Z","2c20a1cbda98bbaffa3fd8072d042419994d4462bf62d9318504a0b3b178575f"
"paper\figs\figB_c10n_separation.pdf","C:\work\reliability-gated-replay\paper\figs\figB_c10n_separation.pdf","manuscript_or_publication","19691","2026-07-07T15:37:16.9024796Z","e3f737344963aac96108fcc0c400fbfdb8d8091c4123051f592bee52f06351ba"
"paper\figs\figC_c10n_purity.pdf","C:\work\reliability-gated-replay\paper\figs\figC_c10n_purity.pdf","manuscript_or_publication","22428","2026-07-07T15:37:17.2012207Z","998edd2279bfc3c2c6b8068f6b6779e48ec7264be2f2715669f11c5d8db848aa"
"paper\figs\figS1_taskwise_cifar_trajectories.pdf","C:\work\reliability-gated-replay\paper\figs\figS1_taskwise_cifar_trajectories.pdf","manuscript_or_publication","39680","2026-07-07T15:23:16.5674044Z","134991d8c6cf14514ffe3fe9d131fcec755d2adb97e5faa4513c758ac4e2bfa6"
"paper\figs\figS2_aer_external_baseline.pdf","C:\work\reliability-gated-replay\paper\figs\figS2_aer_external_baseline.pdf","manuscript_or_publication","31608","2026-07-07T15:37:56.0927829Z","64697e4c161646f5d78399fa04e46078d137fb7f4015e27cb386263b44607ebd"
"paper\manuscript.log","C:\work\reliability-gated-replay\paper\manuscript.log","manuscript_or_publication","7717","2026-07-07T15:39:39.2458026Z","8e9a6c4ad1cf89630a71fdb9919b16f69c7e14957a40493b6aefb6d52eecf0a7"
"paper\manuscript.spl","C:\work\reliability-gated-replay\paper\manuscript.spl","manuscript_or_publication","0","2026-07-07T15:39:18.1343028Z","e3b0c44298fc1c149afbf4c8996fb92427ae41e4649b934ca495991b7852b855"
"paper\manuscript.tex","C:\work\reliability-gated-replay\paper\manuscript.tex","manuscript_or_publication","64375","2026-07-07T15:36:46.2301786Z","bcd43669fa5ff0314d341904c0ec745b0b3f6e489e02dc548763d82f01a5c669"
"paper\references.bib","C:\work\reliability-gated-replay\paper\references.bib","manuscript_or_publication","18556","2026-07-03T19:11:38.5370850Z","96ceb5cf3292acd3054631b81b7ffc90cb8f76baa28ed9f722629e8e8db5c5e0"
"paper\tables\table_cifar100_scale.tex","C:\work\reliability-gated-replay\paper\tables\table_cifar100_scale.tex","manuscript_or_publication","1235","2026-07-06T18:33:11.0880426Z","4d82513363503e2d5661a46fd21d944a7b652e2bece849c2a355aa7b1248f85e"
"references (1).bib","C:\work\reliability-gated-replay\references (1).bib","manuscript_or_publication","18556","2026-07-09T16:38:50.5744426Z","96ceb5cf3292acd3054631b81b7ffc90cb8f76baa28ed9f722629e8e8db5c5e0"
"reliability_gated_replay_nn (1).pdf","C:\work\reliability-gated-replay\reliability_gated_replay_nn (1).pdf","manuscript_or_publication","1224961","2026-07-09T16:38:24.3584727Z","6a018e8796952469b0b154f57b3121ce29fe5858dc3f8149a8355a1a74e01b5b"
"results\acceptance_panel.csv\configs\split_cifar10__clean__derpp__seed0.json","C:\work\reliability-gated-replay\results\acceptance_panel.csv\configs\split_cifar10__clean__derpp__seed0.json","original_results","599","2026-07-06T16:07:04.5205150Z","f58908e2f419b34921d74aef015bab4566ebe895590eb3e0de157294a8ee78b8"
"results\acceptance_panel.csv\configs\split_cifar10__clean__derpp__seed1.json","C:\work\reliability-gated-replay\results\acceptance_panel.csv\configs\split_cifar10__clean__derpp__seed1.json","original_results","599","2026-07-06T16:09:04.0929973Z","168f9b6839e1938dda456fe608c3c751d63d020f87f9627086187762579fb7c9"
"results\acceptance_panel.csv\configs\split_cifar10__clean__derpp__seed2.json","C:\work\reliability-gated-replay\results\acceptance_panel.csv\configs\split_cifar10__clean__derpp__seed2.json","original_results","599","2026-07-06T16:11:01.2652975Z","90bfe633c515b3b87a65e41865700a874313a342a9a44f422845ef0a38fa7c49"
"results\acceptance_panel.csv\configs\split_cifar10__clean__er__seed0.json","C:\work\reliability-gated-replay\results\acceptance_panel.csv\configs\split_cifar10__clean__er__seed0.json","original_results","563","2026-07-06T16:01:41.0446960Z","385e35931a38fca86a91950bfb9c705d1ad571bcc1368f580c1934276570a6b1"
"results\acceptance_panel.csv\configs\split_cifar10__clean__er__seed1.json","C:\work\reliability-gated-replay\results\acceptance_panel.csv\configs\split_cifar10__clean__er__seed1.json","original_results","563","2026-07-06T16:03:24.4865166Z","a42ccf2334cdd1e58b2bb071c447a958e477fbc2e83e5aa7dff3a056cd3d8c2d"
"results\acceptance_panel.csv\configs\split_cifar10__clean__er__seed2.json","C:\work\reliability-gated-replay\results\acceptance_panel.csv\configs\split_cifar10__clean__er__seed2.json","original_results","563","2026-07-06T16:05:07.3824351Z","46c69c1debcc2cd0c4f55be5ff3a505f41bbc925165c8416d80bdb58462ef09d"
"results\acceptance_panel.csv\configs\split_cifar10__clean__er_ace__seed0.json","C:\work\reliability-gated-replay\results\acceptance_panel.csv\configs\split_cifar10__clean__er_ace__seed0.json","original_results","563","2026-07-06T16:12:44.2772454Z","619caefeacc235f166a42719aff3dd18b480f9182c2bb728e6d230e8f41d27d7"
"results\acceptance_panel.csv\configs\split_cifar10__clean__er_ace__seed1.json","C:\work\reliability-gated-replay\results\acceptance_panel.csv\configs\split_cifar10__clean__er_ace__seed1.json","original_results","563","2026-07-06T16:14:27.2337259Z","08b1a5f58ad23e20492d999af3daf3f1eea1e0be302628a2a1a57dfb04fd045d"
"results\acceptance_panel.csv\configs\split_cifar10__clean__er_ace__seed2.json","C:\work\reliability-gated-replay\results\acceptance_panel.csv\configs\split_cifar10__clean__er_ace__seed2.json","original_results","563","2026-07-06T16:16:09.2978135Z","f85a9755bf8cc36c03cbfc9c9f77165af486a55140123f6f8bf6caf2778c33d5"
"results\acceptance_panel.csv\configs\split_cifar10__clean__gate_conf__seed0.json","C:\work\reliability-gated-replay\results\acceptance_panel.csv\configs\split_cifar10__clean__gate_conf__seed0.json","original_results","717","2026-07-06T16:23:56.5637547Z","2821b787ddef546c455ddfa3a1b85984503ed4ec131d52bde3bba7f96280819a"
"results\acceptance_panel.csv\configs\split_cifar10__clean__gate_conf__seed1.json","C:\work\reliability-gated-replay\results\acceptance_panel.csv\configs\split_cifar10__clean__gate_conf__seed1.json","original_results","717","2026-07-06T16:25:52.9399031Z","b7d950be2a69eeb5854236c8e7cc015d4f4218c1455b643237b2ad05a437bfbc"
"results\acceptance_panel.csv\configs\split_cifar10__clean__gate_conf__seed2.json","C:\work\reliability-gated-replay\results\acceptance_panel.csv\configs\split_cifar10__clean__gate_conf__seed2.json","original_results","717","2026-07-06T16:27:49.1416333Z","2b1ad1927524ab6a73f8f627dbeed61f8b0dbff864b60dc391569a545c902f96"
"results\acceptance_panel.csv\configs\split_cifar10__clean__gate_loss__seed0.json","C:\work\reliability-gated-replay\results\acceptance_panel.csv\configs\split_cifar10__clean__gate_loss__seed0.json","original_results","724","2026-07-06T16:18:06.7912750Z","79e90a06aae8d51ae8953d631adffb6fd995fb982f3bcb8df80a633c344cc329"
"results\acceptance_panel.csv\configs\split_cifar10__clean__gate_loss__seed1.json","C:\work\reliability-gated-replay\results\acceptance_panel.csv\configs\split_cifar10__clean__gate_loss__seed1.json","original_results","724","2026-07-06T16:20:03.3357332Z","57302b7f8c8dd52bc42bc515a8111a2882a90321a12c00a54749020b0148b378"
"results\acceptance_panel.csv\configs\split_cifar10__clean__gate_loss__seed2.json","C:\work\reliability-gated-replay\results\acceptance_panel.csv\configs\split_cifar10__clean__gate_loss__seed2.json","original_results","724","2026-07-06T16:22:00.6817614Z","3a66941496d8d63f04a68be8779371ae6fb1d828feae6c35cb1d575abe44f28d"
"results\acceptance_panel.csv\configs\split_cifar10__clean__irgr__seed0.json","C:\work\reliability-gated-replay\results\acceptance_panel.csv\configs\split_cifar10__clean__irgr__seed0.json","original_results","618","2026-07-06T16:30:30.5193703Z","b01978afd7c971c48cd951ce1b14e6de61396c3a82d314ebb3b364113a2daece"
"results\acceptance_panel.csv\configs\split_cifar10__clean__irgr__seed1.json","C:\work\reliability-gated-replay\results\acceptance_panel.csv\configs\split_cifar10__clean__irgr__seed1.json","original_results","618","2026-07-06T16:33:04.3750431Z","c43757c88535cfdb6d90b1741ca0178d7a0bacdcb5e9ae39143e8064ed22cf3b"
"results\acceptance_panel.csv\configs\split_cifar10__clean__irgr__seed2.json","C:\work\reliability-gated-replay\results\acceptance_panel.csv\configs\split_cifar10__clean__irgr__seed2.json","original_results","618","2026-07-06T16:35:40.7459573Z","2e0e817ef9b3906a865515986b65b29602ae4881151cb96736a0fe284d6eff34"
"results\acceptance_panel.csv\configs\split_cifar10__clean__irgr_derpp__seed0.json","C:\work\reliability-gated-replay\results\acceptance_panel.csv\configs\split_cifar10__clean__irgr_derpp__seed0.json","original_results","670","2026-07-06T16:38:20.3942933Z","61b0c0dc0527d8628c0f2fb72f0e6153a585b327b15e4a94de79ccb1b487d873"
"results\acceptance_panel.csv\configs\split_cifar10__clean__irgr_derpp__seed1.json","C:\work\reliability-gated-replay\results\acceptance_panel.csv\configs\split_cifar10__clean__irgr_derpp__seed1.json","original_results","670","2026-07-06T16:40:58.0172660Z","99b7ed50c9c7e9bcdd528ba78f532722a6a0c9dbcbb57296a7a1f098178edeee"
"results\acceptance_panel.csv\configs\split_cifar10__clean__irgr_derpp__seed2.json","C:\work\reliability-gated-replay\results\acceptance_panel.csv\configs\split_cifar10__clean__irgr_derpp__seed2.json","original_results","670","2026-07-06T16:43:39.7824784Z","90461760673ab2b0c8acb44e43ee0b082d122782784dd1881401985506b3c534"
"results\acceptance_panel.csv\configs\split_cifar10__clean__irgr_er_ace__seed0.json","C:\work\reliability-gated-replay\results\acceptance_panel.csv\configs\split_cifar10__clean__irgr_er_ace__seed0.json","original_results","622","2026-07-06T16:46:17.8207387Z","79bc69c103014546eaccae911093c82f48a87bd43d8d7cc1dc469f07b6e138e7"
"results\acceptance_panel.csv\configs\split_cifar10__clean__irgr_er_ace__seed1.json","C:\work\reliability-gated-replay\results\acceptance_panel.csv\configs\split_cifar10__clean__irgr_er_ace__seed1.json","original_results","622","2026-07-06T16:48:54.8521722Z","1b7f1b5d20fc6653c63eb247e700c53e1fe6cbf376cad95a0ccb7c795c7c64f6"
"results\acceptance_panel.csv\configs\split_cifar10__clean__irgr_er_ace__seed2.json","C:\work\reliability-gated-replay\results\acceptance_panel.csv\configs\split_cifar10__clean__irgr_er_ace__seed2.json","original_results","622","2026-07-06T16:51:30.5060534Z","d1a27822fab945b71374b5761481169c03fe09d23f7a700bd03375b24aa2bf42"
"results\acceptance_panel.csv\configs\split_cifar10__clean__oracle__seed0.json","C:\work\reliability-gated-replay\results\acceptance_panel.csv\configs\split_cifar10__clean__oracle__seed0.json","original_results","590","2026-07-06T16:53:10.4407417Z","cebe328962db3b1d2364c6cefe132c60b7362cdc5b718702b1590998a6f81214"
"results\acceptance_panel.csv\configs\split_cifar10__clean__oracle__seed1.json","C:\work\reliability-gated-replay\results\acceptance_panel.csv\configs\split_cifar10__clean__oracle__seed1.json","original_results","590","2026-07-06T16:54:50.6523280Z","32622fcfe787efc4d8114a02975219fbeb74e5f76d7fc5fac8bf00b3428e07e1"
"results\acceptance_panel.csv\configs\split_cifar10__clean__oracle__seed2.json","C:\work\reliability-gated-replay\results\acceptance_panel.csv\configs\split_cifar10__clean__oracle__seed2.json","original_results","590","2026-07-06T16:56:29.9946427Z","b07bb6b364261a3f7bd3e492730bfc16fb021df013442023367ae6c58fcfb739"
"results\acceptance_panel.csv\configs\split_cifar10__sym20__derpp__seed0.json","C:\work\reliability-gated-replay\results\acceptance_panel.csv\configs\split_cifar10__sym20__derpp__seed0.json","original_results","597","2026-07-06T17:03:24.3029033Z","71c122ca50af2efd233403222b9cab869dcafdc9543acd2c6efef5f03049ad17"
"results\acceptance_panel.csv\configs\split_cifar10__sym20__derpp__seed1.json","C:\work\reliability-gated-replay\results\acceptance_panel.csv\configs\split_cifar10__sym20__derpp__seed1.json","original_results","597","2026-07-06T17:05:16.3633435Z","1fa135867e0589d892826ed544e3af65c1d90ce1d4e930fe1166dd1f8f1273c7"
"results\acceptance_panel.csv\configs\split_cifar10__sym20__derpp__seed2.json","C:\work\reliability-gated-replay\results\acceptance_panel.csv\configs\split_cifar10__sym20__derpp__seed2.json","original_results","597","2026-07-06T17:07:08.9658875Z","36b637e030f5bb98ca7b0ebff6847ae5a13a3300823472c498683c8d803a4bcc"
"results\acceptance_panel.csv\configs\split_cifar10__sym20__er__seed0.json","C:\work\reliability-gated-replay\results\acceptance_panel.csv\configs\split_cifar10__sym20__er__seed0.json","original_results","561","2026-07-06T16:58:11.9749902Z","8a128f0041daa6dc6345eb16e9130b29d507f666f0fb0ba192e9c3b6de5fe82c"
"results\acceptance_panel.csv\configs\split_cifar10__sym20__er__seed1.json","C:\work\reliability-gated-replay\results\acceptance_panel.csv\configs\split_cifar10__sym20__er__seed1.json","original_results","561","2026-07-06T16:59:53.3863237Z","c74856deeda9a7078c68c627a0ef73391bf43710462b0ea4ed733718862a3a50"
"results\acceptance_panel.csv\configs\split_cifar10__sym20__er__seed2.json","C:\work\reliability-gated-replay\results\acceptance_panel.csv\configs\split_cifar10__sym20__er__seed2.json","original_results","561","2026-07-06T17:01:31.7679425Z","f158312f1f2dcf73dce327d3cad50d921dfb1980d26b8ee6284070be390195fe"
"results\acceptance_panel.csv\configs\split_cifar10__sym20__er_ace__seed0.json","C:\work\reliability-gated-replay\results\acceptance_panel.csv\configs\split_cifar10__sym20__er_ace__seed0.json","original_results","561","2026-07-06T17:08:47.1692501Z","c17d805abfa64acc270ff3886f3bc250f7087a06887d9b5b7f57b71cbf0ec3a1"
"results\acceptance_panel.csv\configs\split_cifar10__sym20__er_ace__seed1.json","C:\work\reliability-gated-replay\results\acceptance_panel.csv\configs\split_cifar10__sym20__er_ace__seed1.json","original_results","561","2026-07-06T17:10:25.8316044Z","9f21fd4b927e1a4f0be367aafbefa6f573ad3ed00a9895ddc2c93b0242c6188a"
"results\acceptance_panel.csv\configs\split_cifar10__sym20__er_ace__seed2.json","C:\work\reliability-gated-replay\results\acceptance_panel.csv\configs\split_cifar10__sym20__er_ace__seed2.json","original_results","561","2026-07-06T17:12:04.3999462Z","e39d66c254c46cb0f7901f27d3e4f966dea6c81ca0c4bdb8228e4ba8f87865d8"
"results\acceptance_panel.csv\configs\split_cifar10__sym20__gate_conf__seed0.json","C:\work\reliability-gated-replay\results\acceptance_panel.csv\configs\split_cifar10__sym20__gate_conf__seed0.json","original_results","715","2026-07-06T17:19:39.8532755Z","70d93047caa9d384bb808ec34f76383091f9867e473bfaa8600631007cc8bd89"
"results\acceptance_panel.csv\configs\split_cifar10__sym20__gate_conf__seed1.json","C:\work\reliability-gated-replay\results\acceptance_panel.csv\configs\split_cifar10__sym20__gate_conf__seed1.json","original_results","715","2026-07-06T17:25:21.9853904Z","d03f525340e601193beb8d70cc75ba6a9ee5a6e7bd239f4a26d6b5f151f886c1"
"results\acceptance_panel.csv\configs\split_cifar10__sym20__gate_conf__seed2.json","C:\work\reliability-gated-replay\results\acceptance_panel.csv\configs\split_cifar10__sym20__gate_conf__seed2.json","original_results","715","2026-07-06T17:27:21.1693369Z","f07bf46d8eb54f05594917a5402ef486758d3b2cb75d311b7320667ae7d4a1b0"
"results\acceptance_panel.csv\configs\split_cifar10__sym20__gate_loss__seed0.json","C:\work\reliability-gated-replay\results\acceptance_panel.csv\configs\split_cifar10__sym20__gate_loss__seed0.json","original_results","722","2026-07-06T17:13:58.6779105Z","20656f1862323436c449a73b6ed63a2ce126d9295bb47f78e8b9ec2c3abc48cd"
"results\acceptance_panel.csv\configs\split_cifar10__sym20__gate_loss__seed1.json","C:\work\reliability-gated-replay\results\acceptance_panel.csv\configs\split_cifar10__sym20__gate_loss__seed1.json","original_results","722","2026-07-06T17:15:53.1369340Z","d6c99328351477d66cda6672cb92c551353766e62f0d42f4094ac704303fa8b4"
"results\acceptance_panel.csv\configs\split_cifar10__sym20__gate_loss__seed2.json","C:\work\reliability-gated-replay\results\acceptance_panel.csv\configs\split_cifar10__sym20__gate_loss__seed2.json","original_results","722","2026-07-06T17:17:47.1168747Z","c485046d8f11cb96a2a349719f9252856f012711cf24fe515458ec0e7ee9c316"
"results\acceptance_panel.csv\configs\split_cifar10__sym20__irgr__seed0.json","C:\work\reliability-gated-replay\results\acceptance_panel.csv\configs\split_cifar10__sym20__irgr__seed0.json","original_results","616","2026-07-06T17:30:04.7544232Z","059659db14e37c6be5ef3a84865760c76653afcfbdc4a740d8f128997c65ed6a"
"results\acceptance_panel.csv\configs\split_cifar10__sym20__irgr__seed1.json","C:\work\reliability-gated-replay\results\acceptance_panel.csv\configs\split_cifar10__sym20__irgr__seed1.json","original_results","616","2026-07-06T17:32:44.2614587Z","b5316257c19f6ad922f5f08ee8697330c89e41ce103a258fff0bb97eaeeff1f8"
"results\acceptance_panel.csv\configs\split_cifar10__sym20__irgr__seed2.json","C:\work\reliability-gated-replay\results\acceptance_panel.csv\configs\split_cifar10__sym20__irgr__seed2.json","original_results","616","2026-07-06T17:35:29.7083548Z","f771de585ec58c8352dae82b52361d0ab46cda50da52287d248c6b6a4e4f7177"
"results\acceptance_panel.csv\configs\split_cifar10__sym20__irgr_derpp__seed0.json","C:\work\reliability-gated-replay\results\acceptance_panel.csv\configs\split_cifar10__sym20__irgr_derpp__seed0.json","original_results","668","2026-07-06T17:38:16.8925495Z","2854395cf135d5e444bd1ff75cfd2849451cbc25378609dc1262424454d57a8f"
"results\acceptance_panel.csv\configs\split_cifar10__sym20__irgr_derpp__seed1.json","C:\work\reliability-gated-replay\results\acceptance_panel.csv\configs\split_cifar10__sym20__irgr_derpp__seed1.json","original_results","668","2026-07-06T17:40:56.1238208Z","8d95d5466462b1c937c7a3d21908f51e192337eaf57988b32610053f787f2485"
"results\acceptance_panel.csv\configs\split_cifar10__sym20__irgr_derpp__seed2.json","C:\work\reliability-gated-replay\results\acceptance_panel.csv\configs\split_cifar10__sym20__irgr_derpp__seed2.json","original_results","668","2026-07-06T17:43:46.3340827Z","70a54b4a7491fcb00c6c3a5767b8387b0639901bc289e8f95225b686594df4bf"
"results\acceptance_panel.csv\configs\split_cifar10__sym20__irgr_er_ace__seed0.json","C:\work\reliability-gated-replay\results\acceptance_panel.csv\configs\split_cifar10__sym20__irgr_er_ace__seed0.json","original_results","620","2026-07-06T17:46:27.6068392Z","32620d53ec71e2d5cf1217ae070ac5b01b17091d3e3cc3c8a933248cb32c3b3f"
"results\acceptance_panel.csv\experiment_manifest.csv","C:\work\reliability-gated-replay\results\acceptance_panel.csv\experiment_manifest.csv","original_results","51433","2026-07-06T17:46:28.0139341Z","eccc2dbcd4f92da34802f2e0e61cacb24b25973b248386c90e0555131ecf69ac"
"results\acceptance_panel.csv\raw_logs\split_cifar10__clean__derpp__seed0.json","C:\work\reliability-gated-replay\results\acceptance_panel.csv\raw_logs\split_cifar10__clean__derpp__seed0.json","original_results","4947323","2026-07-06T16:07:04.8414012Z","58899591956998c2cc73802104d4116361a0865d378ff6051480ff88b419a89e"
"results\acceptance_panel.csv\raw_logs\split_cifar10__clean__derpp__seed1.json","C:\work\reliability-gated-replay\results\acceptance_panel.csv\raw_logs\split_cifar10__clean__derpp__seed1.json","original_results","5098870","2026-07-06T16:09:04.4166335Z","37df920f90f78def3159412b8d559e25cdcc53854786fc324888e8973fe8dd14"
"results\acceptance_panel.csv\raw_logs\split_cifar10__clean__derpp__seed2.json","C:\work\reliability-gated-replay\results\acceptance_panel.csv\raw_logs\split_cifar10__clean__derpp__seed2.json","original_results","4894170","2026-07-06T16:11:01.6257863Z","8eb74e26d048a977b154538cca065313b4299486728ae15b58d7884f3f7b449d"
"results\acceptance_panel.csv\raw_logs\split_cifar10__clean__er__seed0.json","C:\work\reliability-gated-replay\results\acceptance_panel.csv\raw_logs\split_cifar10__clean__er__seed0.json","original_results","5045823","2026-07-06T16:01:41.4223144Z","548798432010221da1f78d83d070254125b0c3df590c345e94dff57660dd15b3"
"results\acceptance_panel.csv\raw_logs\split_cifar10__clean__er__seed1.json","C:\work\reliability-gated-replay\results\acceptance_panel.csv\raw_logs\split_cifar10__clean__er__seed1.json","original_results","5102449","2026-07-06T16:03:24.7642417Z","e086e1e8aa8011f5ace8c75f7e61316aa9ed73644081d22c48cb10cb0880311f"
"results\acceptance_panel.csv\raw_logs\split_cifar10__clean__er__seed2.json","C:\work\reliability-gated-replay\results\acceptance_panel.csv\raw_logs\split_cifar10__clean__er__seed2.json","original_results","5080897","2026-07-06T16:05:07.7102147Z","72ced3117f32d6f154ba93d58740bd10e9f744356352890a076fa8104d9eda75"
"results\acceptance_panel.csv\raw_logs\split_cifar10__clean__er_ace__seed0.json","C:\work\reliability-gated-replay\results\acceptance_panel.csv\raw_logs\split_cifar10__clean__er_ace__seed0.json","original_results","5045829","2026-07-06T16:12:44.6168006Z","4f0a0c7a9596ff06984975d284b72db3860248f5c2986cb6fdea7de3697874c6"
"results\acceptance_panel.csv\raw_logs\split_cifar10__clean__er_ace__seed1.json","C:\work\reliability-gated-replay\results\acceptance_panel.csv\raw_logs\split_cifar10__clean__er_ace__seed1.json","original_results","5068652","2026-07-06T16:14:27.5355618Z","867a7eb8851c45e8befba163f718073924707146a0458bbb87df5b5c01df0372"
"results\acceptance_panel.csv\raw_logs\split_cifar10__clean__er_ace__seed2.json","C:\work\reliability-gated-replay\results\acceptance_panel.csv\raw_logs\split_cifar10__clean__er_ace__seed2.json","original_results","5062981","2026-07-06T16:16:09.7271630Z","02fdfa2234a8d24b3a862be5f20e5cfcb665d44a8cfd76268d117e72ae961cef"
"results\acceptance_panel.csv\raw_logs\split_cifar10__clean__gate_conf__seed0.json","C:\work\reliability-gated-replay\results\acceptance_panel.csv\raw_logs\split_cifar10__clean__gate_conf__seed0.json","original_results","5049179","2026-07-06T16:23:56.9118417Z","c96d6eb5c35d020b3b98a45f6a324979eb374fa9c9aa53226cee7caf4fc65fb9"
"results\acceptance_panel.csv\raw_logs\split_cifar10__clean__gate_conf__seed1.json","C:\work\reliability-gated-replay\results\acceptance_panel.csv\raw_logs\split_cifar10__clean__gate_conf__seed1.json","original_results","5066549","2026-07-06T16:25:53.2927032Z","e573d10b2737d67d8d02882f6f415c69f7c0ab85968ca5eb3adf092a472922c0"
"results\acceptance_panel.csv\raw_logs\split_cifar10__clean__gate_conf__seed2.json","C:\work\reliability-gated-replay\results\acceptance_panel.csv\raw_logs\split_cifar10__clean__gate_conf__seed2.json","original_results","5073132","2026-07-06T16:27:49.5078367Z","6e60a7cabe41c6101248d35f972f972bf8d135d34dd48c1b93408f30ebc00c09"
"results\acceptance_panel.csv\raw_logs\split_cifar10__clean__gate_loss__seed0.json","C:\work\reliability-gated-replay\results\acceptance_panel.csv\raw_logs\split_cifar10__clean__gate_loss__seed0.json","original_results","5070678","2026-07-06T16:18:07.1575719Z","ce74f778a8644efced787a679afa0ab3c0fcd6136bcca0f171980ab9a27cf5fd"
"results\acceptance_panel.csv\raw_logs\split_cifar10__clean__gate_loss__seed1.json","C:\work\reliability-gated-replay\results\acceptance_panel.csv\raw_logs\split_cifar10__clean__gate_loss__seed1.json","original_results","5094438","2026-07-06T16:20:03.6760373Z","42fc33f943da226c44e97a6eaa3aac1b20391c769a231d8ba3a5d1ccc93a79a8"
"results\acceptance_panel.csv\raw_logs\split_cifar10__clean__gate_loss__seed2.json","C:\work\reliability-gated-replay\results\acceptance_panel.csv\raw_logs\split_cifar10__clean__gate_loss__seed2.json","original_results","5098652","2026-07-06T16:22:01.0285322Z","9be3e17a873de1a4e1a6e88b97581ac14e633128850b157ae504d469bb8ddd66"
"results\acceptance_panel.csv\raw_logs\split_cifar10__clean__irgr__seed0.json","C:\work\reliability-gated-replay\results\acceptance_panel.csv\raw_logs\split_cifar10__clean__irgr__seed0.json","original_results","5065744","2026-07-06T16:30:30.8846606Z","5be71ebfea0342bea3d22877582ef7540a5ab8d0f6b7a3368b970633d2742a69"
"results\acceptance_panel.csv\raw_logs\split_cifar10__clean__irgr__seed1.json","C:\work\reliability-gated-replay\results\acceptance_panel.csv\raw_logs\split_cifar10__clean__irgr__seed1.json","original_results","5100578","2026-07-06T16:33:04.6754816Z","5c4978558cf7a147422e5af2a4d84b5d715a08302d076dd4a84f8db7df1c73a3"
"results\acceptance_panel.csv\raw_logs\split_cifar10__clean__irgr__seed2.json","C:\work\reliability-gated-replay\results\acceptance_panel.csv\raw_logs\split_cifar10__clean__irgr__seed2.json","original_results","5096795","2026-07-06T16:35:41.0710304Z","10d46c21f99de83f9a7bf029144c078467dc31956288db344a4a5102771d7116"
"results\acceptance_panel.csv\raw_logs\split_cifar10__clean__irgr_derpp__seed0.json","C:\work\reliability-gated-replay\results\acceptance_panel.csv\raw_logs\split_cifar10__clean__irgr_derpp__seed0.json","original_results","4878801","2026-07-06T16:38:20.8190897Z","810c6d5250a1315f5c667711c09749796cb9124e89be70b7b29a97c7411bc902"
"results\acceptance_panel.csv\raw_logs\split_cifar10__clean__irgr_derpp__seed1.json","C:\work\reliability-gated-replay\results\acceptance_panel.csv\raw_logs\split_cifar10__clean__irgr_derpp__seed1.json","original_results","5092071","2026-07-06T16:40:58.3174688Z","f29448257acfaaf265d78d00765a06a56e14563dabf9db8d83fd1a4ed2f429ba"
"results\acceptance_panel.csv\raw_logs\split_cifar10__clean__irgr_derpp__seed2.json","C:\work\reliability-gated-replay\results\acceptance_panel.csv\raw_logs\split_cifar10__clean__irgr_derpp__seed2.json","original_results","4986184","2026-07-06T16:43:40.1218753Z","7561ae343d8ed80ea265e1c0b86475e8d3666ad05bc15b82ee00e3bd1205fd71"
"results\acceptance_panel.csv\raw_logs\split_cifar10__clean__irgr_er_ace__seed0.json","C:\work\reliability-gated-replay\results\acceptance_panel.csv\raw_logs\split_cifar10__clean__irgr_er_ace__seed0.json","original_results","5065754","2026-07-06T16:46:18.2509872Z","9e22bf476fc098210a56d5e3c2a6b5806822ae8daa35af4c18f041bc1a23199f"
"results\acceptance_panel.csv\raw_logs\split_cifar10__clean__irgr_er_ace__seed1.json","C:\work\reliability-gated-replay\results\acceptance_panel.csv\raw_logs\split_cifar10__clean__irgr_er_ace__seed1.json","original_results","5100590","2026-07-06T16:48:55.2045919Z","04ce94722cb5824dd23a4a10edb32adec083ac703fd49a2d6737dac097463aab"
"results\acceptance_panel.csv\raw_logs\split_cifar10__clean__irgr_er_ace__seed2.json","C:\work\reliability-gated-replay\results\acceptance_panel.csv\raw_logs\split_cifar10__clean__irgr_er_ace__seed2.json","original_results","5096802","2026-07-06T16:51:30.9137529Z","2dab89a709e262b40bec95e85ce7802fdbb03f1c868c5b135d9fc2cc18b82ac9"
"results\acceptance_panel.csv\raw_logs\split_cifar10__clean__oracle__seed0.json","C:\work\reliability-gated-replay\results\acceptance_panel.csv\raw_logs\split_cifar10__clean__oracle__seed0.json","original_results","5050681","2026-07-06T16:53:10.8021190Z","7ff98ddd55242c4c56be6a1296a50e0d6fbc5aa9fdab9eb660ebb1724781991b"
"results\acceptance_panel.csv\raw_logs\split_cifar10__clean__oracle__seed1.json","C:\work\reliability-gated-replay\results\acceptance_panel.csv\raw_logs\split_cifar10__clean__oracle__seed1.json","original_results","5073507","2026-07-06T16:54:51.0811058Z","2b096e0fe0b8a827007e94d80f85ae120c649ef6c8230ab94ff235657aeb0106"
"results\acceptance_panel.csv\raw_logs\split_cifar10__clean__oracle__seed2.json","C:\work\reliability-gated-replay\results\acceptance_panel.csv\raw_logs\split_cifar10__clean__oracle__seed2.json","original_results","5067833","2026-07-06T16:56:30.3633675Z","d563e91e769a9473577c6fff46ea75ae44e4653c8db5a490b00196066ca88316"
"results\acceptance_panel.csv\raw_logs\split_cifar10__sym20__derpp__seed0.json","C:\work\reliability-gated-replay\results\acceptance_panel.csv\raw_logs\split_cifar10__sym20__derpp__seed0.json","original_results","5098210","2026-07-06T17:03:24.6043205Z","791e600c26a4dbafe7696b6ad4bd5b47cb26d21214ca807c0fb8af6030b4973b"
"results\acceptance_panel.csv\raw_logs\split_cifar10__sym20__derpp__seed1.json","C:\work\reliability-gated-replay\results\acceptance_panel.csv\raw_logs\split_cifar10__sym20__derpp__seed1.json","original_results","5086741","2026-07-06T17:05:16.6778884Z","8cb35056aed8758c20c2e637f59d7d2df743b1b5148041cb88984af4c79f3c08"
"results\acceptance_panel.csv\raw_logs\split_cifar10__sym20__derpp__seed2.json","C:\work\reliability-gated-replay\results\acceptance_panel.csv\raw_logs\split_cifar10__sym20__derpp__seed2.json","original_results","5005189","2026-07-06T17:07:09.2979099Z","1fdb205d28739b27bb076626505bf6208e60502eacb0529d3ee9a5cd34f52b5d"
"results\acceptance_panel.csv\raw_logs\split_cifar10__sym20__er__seed0.json","C:\work\reliability-gated-replay\results\acceptance_panel.csv\raw_logs\split_cifar10__sym20__er__seed0.json","original_results","5042681","2026-07-06T16:58:12.3243800Z","f258963a3a68d6d26bb8a3c1b83c54577af47ab6b7f817bfb36dc6392c35a6e6"
"results\acceptance_panel.csv\raw_logs\split_cifar10__sym20__er__seed1.json","C:\work\reliability-gated-replay\results\acceptance_panel.csv\raw_logs\split_cifar10__sym20__er__seed1.json","original_results","5090103","2026-07-06T16:59:53.6867771Z","62bc48dcad689a77dffa685004c1ce1e36cd27dc6bebd46b685f6c770046588d"
"results\acceptance_panel.csv\raw_logs\split_cifar10__sym20__er__seed2.json","C:\work\reliability-gated-replay\results\acceptance_panel.csv\raw_logs\split_cifar10__sym20__er__seed2.json","original_results","5107341","2026-07-06T17:01:32.0466275Z","8d30b56b3332d66f2654384a9ee209c58896247b11ffde03a051d52f40e9c62d"
"results\acceptance_panel.csv\raw_logs\split_cifar10__sym20__er_ace__seed0.json","C:\work\reliability-gated-replay\results\acceptance_panel.csv\raw_logs\split_cifar10__sym20__er_ace__seed0.json","original_results","5042687","2026-07-06T17:08:47.4577648Z","867c2ffcddef6a6738d79215f647b3991936d87ed187748151e4b47667960bde"
"results\acceptance_panel.csv\raw_logs\split_cifar10__sym20__er_ace__seed1.json","C:\work\reliability-gated-replay\results\acceptance_panel.csv\raw_logs\split_cifar10__sym20__er_ace__seed1.json","original_results","5108593","2026-07-06T17:10:26.1418550Z","365f758737fc816fa2f6d1346214647717f6bd4bb3056ba831f7275d7bd8df84"
"results\acceptance_panel.csv\raw_logs\split_cifar10__sym20__er_ace__seed2.json","C:\work\reliability-gated-replay\results\acceptance_panel.csv\raw_logs\split_cifar10__sym20__er_ace__seed2.json","original_results","5112931","2026-07-06T17:12:04.7157780Z","5746d666118fb861a0e7a0396bcad149b8437d4515f5cd97b1fbecc82950ad51"
"results\acceptance_panel.csv\raw_logs\split_cifar10__sym20__gate_conf__seed0.json","C:\work\reliability-gated-replay\results\acceptance_panel.csv\raw_logs\split_cifar10__sym20__gate_conf__seed0.json","original_results","5089831","2026-07-06T17:19:40.1888719Z","b352a8dcb9176d7ec99d7046aacb8b18811bfef27b40f7c33e97d966549b2434"
"results\acceptance_panel.csv\raw_logs\split_cifar10__sym20__gate_conf__seed1.json","C:\work\reliability-gated-replay\results\acceptance_panel.csv\raw_logs\split_cifar10__sym20__gate_conf__seed1.json","original_results","5068501","2026-07-06T17:25:22.2856826Z","e3902fff3ac2b10a32e12d62cbf523ebd8eb5b82c085cb2b68847aeb28614b14"
"results\acceptance_panel.csv\raw_logs\split_cifar10__sym20__gate_conf__seed2.json","C:\work\reliability-gated-replay\results\acceptance_panel.csv\raw_logs\split_cifar10__sym20__gate_conf__seed2.json","original_results","5102161","2026-07-06T17:27:21.4798004Z","db4d6cfde01520357e3e376f1b4902c0f4e22d2bd90a563457d1f01f30f1e8f4"
"results\acceptance_panel.csv\raw_logs\split_cifar10__sym20__gate_loss__seed0.json","C:\work\reliability-gated-replay\results\acceptance_panel.csv\raw_logs\split_cifar10__sym20__gate_loss__seed0.json","original_results","5092070","2026-07-06T17:13:59.0289571Z","915ffcdca3d73f8bacd9ef07c45ed9f3b03ed4246286b1dd9df60c05b57a10a5"
"results\acceptance_panel.csv\raw_logs\split_cifar10__sym20__gate_loss__seed1.json","C:\work\reliability-gated-replay\results\acceptance_panel.csv\raw_logs\split_cifar10__sym20__gate_loss__seed1.json","original_results","5102900","2026-07-06T17:15:53.4476865Z","d5f57fc941785b2b899176e7dc77c21943cd344554a802cf649af05254c5e039"
"results\acceptance_panel.csv\raw_logs\split_cifar10__sym20__gate_loss__seed2.json","C:\work\reliability-gated-replay\results\acceptance_panel.csv\raw_logs\split_cifar10__sym20__gate_loss__seed2.json","original_results","5092168","2026-07-06T17:17:47.3684001Z","638d755728f9096351292998620e06bd83d138f8b8880970608502f7b58718ec"
"results\acceptance_panel.csv\raw_logs\split_cifar10__sym20__irgr__seed0.json","C:\work\reliability-gated-replay\results\acceptance_panel.csv\raw_logs\split_cifar10__sym20__irgr__seed0.json","original_results","5044728","2026-07-06T17:30:05.1033338Z","d848adb59317414681be670a2faa3867c4cdd80877aa87004009ce4c9e966dfc"
"results\acceptance_panel.csv\raw_logs\split_cifar10__sym20__irgr__seed1.json","C:\work\reliability-gated-replay\results\acceptance_panel.csv\raw_logs\split_cifar10__sym20__irgr__seed1.json","original_results","5062460","2026-07-06T17:32:44.5786632Z","2f2818c07693fb6646afc61ddb2cd26ca1692786eac9644ed72fdc4d8a295d91"
"results\acceptance_panel.csv\raw_logs\split_cifar10__sym20__irgr__seed2.json","C:\work\reliability-gated-replay\results\acceptance_panel.csv\raw_logs\split_cifar10__sym20__irgr__seed2.json","original_results","5108481","2026-07-06T17:35:30.0624897Z","7b82ebe6a52ce38e7edade9409e933d30485b26bbf42fac9d6bcbc6f854482d7"
"results\acceptance_panel.csv\raw_logs\split_cifar10__sym20__irgr_derpp__seed0.json","C:\work\reliability-gated-replay\results\acceptance_panel.csv\raw_logs\split_cifar10__sym20__irgr_derpp__seed0.json","original_results","5143589","2026-07-06T17:38:17.2252247Z","fc9b776a1503de44c3776268de0a4b37f15b0c8e8f6ad6c9744fc73e67a80921"
"results\acceptance_panel.csv\raw_logs\split_cifar10__sym20__irgr_derpp__seed1.json","C:\work\reliability-gated-replay\results\acceptance_panel.csv\raw_logs\split_cifar10__sym20__irgr_derpp__seed1.json","original_results","5005746","2026-07-06T17:40:56.4421954Z","9c80f1516938d61515eba7785c577f356b82805c98dd86c4527a04a2cf9520da"
"results\acceptance_panel.csv\raw_logs\split_cifar10__sym20__irgr_derpp__seed2.json","C:\work\reliability-gated-replay\results\acceptance_panel.csv\raw_logs\split_cifar10__sym20__irgr_derpp__seed2.json","original_results","4702897","2026-07-06T17:43:46.6840585Z","6c5db8b0136d44b3fface205eafc8d2742c43b01894279505fe13a7823d86758"
"results\acceptance_panel.csv\raw_logs\split_cifar10__sym20__irgr_er_ace__seed0.json","C:\work\reliability-gated-replay\results\acceptance_panel.csv\raw_logs\split_cifar10__sym20__irgr_er_ace__seed0.json","original_results","5044743","2026-07-06T17:46:28.0119264Z","76d787fd97e22ef794e3232090e33da90d62f83a9ac9419aa3caf680961058a3"
"results\arc_report\arc_main_table.csv","C:\work\reliability-gated-replay\results\arc_report\arc_main_table.csv","original_results","312","2026-07-03T19:43:04.5723848Z","98cef00f0c734ea9b37262e6a8b3dcf479ae1d3bf5ed95c14115bf35e5ff2a2d"
"results\arc_report\arc_report.md","C:\work\reliability-gated-replay\results\arc_report\arc_report.md","original_results","634","2026-07-03T19:43:04.6072120Z","e7a07884d9d58d118d663a9b6ccf678d802513b4043033efef592cba33ebe769"
"results\figure_review_r\fig_integrated_power_risk_frontier.png","C:\work\reliability-gated-replay\results\figure_review_r\fig_integrated_power_risk_frontier.png","original_results","61573","2026-07-07T15:23:11.4680748Z","c032f05d0e3102ebb01650aabb460002c158d3086d33cff3d48f27e3811ad6e5"
"results\figure_review_r\fig3_main_cifar_benchmark.png","C:\work\reliability-gated-replay\results\figure_review_r\fig3_main_cifar_benchmark.png","original_results","103092","2026-07-07T15:23:13.7199123Z","7dba3e7de967ee253596d5c9870df5fb4f3e64e0b93b52cd7a97e4ecc2630876"
"results\figure_review_r\fig4_buffer_purity_gate_alignment.png","C:\work\reliability-gated-replay\results\figure_review_r\fig4_buffer_purity_gate_alignment.png","original_results","49888","2026-07-07T15:37:14.6924500Z","0c88b7d587abaceaca1f968f6fe069eb264e4767b3f3d48dc73152a45af5d7bd"
"results\figure_review_r\fig5_memorization_inversion.png","C:\work\reliability-gated-replay\results\figure_review_r\fig5_memorization_inversion.png","original_results","27791","2026-07-07T15:37:15.2506464Z","46dd09cb055b731ea53185fb38e2b06ee2a77565f65430ce6b5d2c0d22d3cad6"
"results\figure_review_r\fig7_c10n_alignment_purity.png","C:\work\reliability-gated-replay\results\figure_review_r\fig7_c10n_alignment_purity.png","original_results","33597","2026-07-07T15:37:16.7473856Z","6f3513bed163582a9ddb2d7e087d3792fddf121e0345855e7a6af6fa29b08a31"
"results\figure_review_r\figA_c10n_frontier.png","C:\work\reliability-gated-replay\results\figure_review_r\figA_c10n_frontier.png","original_results","54273","2026-07-07T15:37:15.7917762Z","93fa79e31a763407f1f94dff7c7fb6d3f577a416f0064292da9d7c7961704fa1"
"results\figure_review_r\figB_c10n_separation.png","C:\work\reliability-gated-replay\results\figure_review_r\figB_c10n_separation.png","original_results","18456","2026-07-07T15:37:17.0807510Z","a68df37144f62aaeb519ad6b1916494a50c405c98687426a7be72a173026a873"
"results\figure_review_r\figC_c10n_purity.png","C:\work\reliability-gated-replay\results\figure_review_r\figC_c10n_purity.png","original_results","23946","2026-07-07T15:37:17.3978353Z","10faf957112e6330c4ac76074ee47c2dfeb0ada90b6cb2f3dd3cbf8fc1a41f3e"
"results\figure_review_r\figS1_taskwise_cifar_trajectories.png","C:\work\reliability-gated-replay\results\figure_review_r\figS1_taskwise_cifar_trajectories.png","original_results","93313","2026-07-07T15:23:17.2327789Z","a3bb755f51472e35e9045593f4599337ab692dea15729b7863fe03c5bc53462a"
"results\figure_review_r\figS2_aer_external_baseline.png","C:\work\reliability-gated-replay\results\figure_review_r\figS2_aer_external_baseline.png","original_results","40348","2026-07-07T15:37:56.5135606Z","59cd032f6053e772d4a8f0fcbbde36a754f965f1ff3c2280630eb677387613ad"
"results\figure_review_r\source_data_used\fig_integrated_power_risk_frontier.csv","C:\work\reliability-gated-replay\results\figure_review_r\source_data_used\fig_integrated_power_risk_frontier.csv","original_results","2476","2026-07-07T15:23:10.7648558Z","06d697159444178ec429e21abf0aa99cf2f83d45d3ecf8accbfe02c1ac1a6136"
"results\figure_review_r\source_data_used\fig3_main_cifar_benchmark.csv","C:\work\reliability-gated-replay\results\figure_review_r\source_data_used\fig3_main_cifar_benchmark.csv","original_results","2369","2026-07-07T15:23:11.5064049Z","bc8da0a9a4dab88c51a2992137d6d600f381302f89185c4970927278a4067f88"
"results\figure_review_r\source_data_used\fig4_buffer_purity_gate_alignment.csv","C:\work\reliability-gated-replay\results\figure_review_r\source_data_used\fig4_buffer_purity_gate_alignment.csv","original_results","8509","2026-07-07T15:37:13.2306918Z","04143ae31f89fd1618212b5891c23571d63e9d762ba66a59aeddc836fa4ee09a"
"results\figure_review_r\source_data_used\fig5_memorization_inversion.csv","C:\work\reliability-gated-replay\results\figure_review_r\source_data_used\fig5_memorization_inversion.csv","original_results","1127","2026-07-07T15:37:14.7267742Z","5bba0f66676cf918c2cc14e3ed6f16e2a92092d5aaef81b3ba41538edabd8c52"
"results\figure_review_r\source_data_used\fig7_c10n_alignment_purity.csv","C:\work\reliability-gated-replay\results\figure_review_r\source_data_used\fig7_c10n_alignment_purity.csv","original_results","1539","2026-07-07T15:37:15.8503121Z","1a56c02654b959eac6950c9f6a45f419f8917f0e4a3ee5dfe05501dce4a8cb83"
"results\figure_review_r\source_data_used\figA_c10n_frontier.csv","C:\work\reliability-gated-replay\results\figure_review_r\source_data_used\figA_c10n_frontier.csv","original_results","900","2026-07-07T15:37:15.2996593Z","30ca1f71a093c68f214e7e52f5694a2162699df76d0d87f7ac1248b336473149"
"results\figure_review_r\source_data_used\figS1_taskwise_cifar_trajectories.csv","C:\work\reliability-gated-replay\results\figure_review_r\source_data_used\figS1_taskwise_cifar_trajectories.csv","original_results","8976","2026-07-07T15:23:16.1421286Z","f5d5e07ad362c9dbe10ec41064d63dec764dec7018d655800066d18832292974"
"results\figure_review_r\source_data_used\figS2_aer_external_baseline.csv","C:\work\reliability-gated-replay\results\figure_review_r\source_data_used\figS2_aer_external_baseline.csv","original_results","1539","2026-07-07T15:37:55.3122484Z","0e2cadebb0e4d474e6f2a56a1313d6e34e33dd28ca3b4fa79a491847c43385a0"
"results\neural_networks_submission\aer\summary.csv","C:\work\reliability-gated-replay\results\neural_networks_submission\aer\summary.csv","original_results","485","2026-07-03T19:11:38.6558166Z","33fcc43af09d27829bef2f789bf5eb6983e0fbe6be2f2df955f25024288e0877"
"results\neural_networks_submission\audit\AUDIT.md","C:\work\reliability-gated-replay\results\neural_networks_submission\audit\AUDIT.md","original_results","6000","2026-07-03T19:11:38.6628132Z","b32d501d52b8af0376b0ead588975db5ba3dd7f010a20577ade576d45b301e21"
"results\neural_networks_submission\audit\control1_completeness.csv","C:\work\reliability-gated-replay\results\neural_networks_submission\audit\control1_completeness.csv","original_results","140","2026-07-03T19:11:38.6628132Z","b95ba6b353748e5d9971090305af383231d534c6849429760d1f6ab7dc81bf8b"
"results\neural_networks_submission\audit\control2_correlations.csv","C:\work\reliability-gated-replay\results\neural_networks_submission\audit\control2_correlations.csv","original_results","325","2026-07-03T19:11:38.6628132Z","ca81419aeefeac87fb02949ff141086e94b049b5688e8d3465215139157a2c27"
"results\neural_networks_submission\audit\control3_threshold.csv","C:\work\reliability-gated-replay\results\neural_networks_submission\audit\control3_threshold.csv","original_results","101","2026-07-03T19:11:38.6793327Z","e848c0a5b332fce389939a167e8f6129d1ab4cd46e5f16e4f49de1f0d773cf1d"
"results\neural_networks_submission\audit\control4_cifar10n.csv","C:\work\reliability-gated-replay\results\neural_networks_submission\audit\control4_cifar10n.csv","original_results","458","2026-07-03T19:11:38.6840548Z","d512edf5e588cc5d594442156cee9d1a4d68c678160a4fad012f783f1233180d"
"results\neural_networks_submission\audit\control5_forgetting.csv","C:\work\reliability-gated-replay\results\neural_networks_submission\audit\control5_forgetting.csv","original_results","124","2026-07-03T19:11:38.6890559Z","dfe40ddc7f238b7e303b415f351ad4dbdbd413e3daa945c32de256386fa93539"
"results\neural_networks_submission\audit\control6_shuffle.csv","C:\work\reliability-gated-replay\results\neural_networks_submission\audit\control6_shuffle.csv","original_results","103","2026-07-03T19:11:38.6940578Z","f85c86f4985196e0f9d08accea57ed1a66a66e4008a2463d8da8ccd8ea13dff7"
"results\neural_networks_submission\configs\cifar10n__c10n_aggre__derpp__seed0.json","C:\work\reliability-gated-replay\results\neural_networks_submission\configs\cifar10n__c10n_aggre__derpp__seed0.json","original_results","461","2026-07-03T19:11:38.7042098Z","268d18b017d26f1156c6721b33bb2d271acd7142056cd5e820f51048eb7076a7"
"results\neural_networks_submission\configs\cifar10n__c10n_aggre__derpp__seed1.json","C:\work\reliability-gated-replay\results\neural_networks_submission\configs\cifar10n__c10n_aggre__derpp__seed1.json","original_results","461","2026-07-03T19:11:38.7092116Z","5c2d623fca00b146b52870bb7769e2a801377a6ba4d906a4607ffa40f92a7be4"
"results\neural_networks_submission\configs\cifar10n__c10n_aggre__derpp__seed2.json","C:\work\reliability-gated-replay\results\neural_networks_submission\configs\cifar10n__c10n_aggre__derpp__seed2.json","original_results","461","2026-07-03T19:11:38.7143606Z","6eaae987747795e6d5f78eeb3b2ebcf2887276b0f67b7c78de2bf946e89055d3"
"results\neural_networks_submission\configs\cifar10n__c10n_aggre__derpp__seed3.json","C:\work\reliability-gated-replay\results\neural_networks_submission\configs\cifar10n__c10n_aggre__derpp__seed3.json","original_results","461","2026-07-03T19:11:38.7203629Z","9a5fb8c9afb190cf531ee961b3db64726b62913542f0fc85adf9d7957193d1a9"
"results\neural_networks_submission\configs\cifar10n__c10n_aggre__derpp__seed4.json","C:\work\reliability-gated-replay\results\neural_networks_submission\configs\cifar10n__c10n_aggre__derpp__seed4.json","original_results","461","2026-07-03T19:11:38.7253680Z","e249b0a0c47d08312ecdc649349f33c2711a5877e0d3d61f854a067487278d72"
"results\neural_networks_submission\configs\cifar10n__c10n_aggre__er__seed0.json","C:\work\reliability-gated-replay\results\neural_networks_submission\configs\cifar10n__c10n_aggre__er__seed0.json","original_results","427","2026-07-03T19:11:38.7319805Z","3e3ad26a32d97e999b18c0bbfba6e7176f20aecb9c55ad636492818ef2a02d45"
"results\neural_networks_submission\configs\cifar10n__c10n_aggre__er__seed1.json","C:\work\reliability-gated-replay\results\neural_networks_submission\configs\cifar10n__c10n_aggre__er__seed1.json","original_results","427","2026-07-03T19:11:38.7359872Z","fde36a65b1f5f3520196fc55ee15cb9b1366df36fad38a7810e7798bb3de128f"
"results\neural_networks_submission\configs\cifar10n__c10n_aggre__er__seed2.json","C:\work\reliability-gated-replay\results\neural_networks_submission\configs\cifar10n__c10n_aggre__er__seed2.json","original_results","427","2026-07-03T19:11:38.7409940Z","929eac745819f4fd2856c00b9f27dd89c6cec54c0751cd7a97865a9c8f067dd2"
"results\neural_networks_submission\configs\cifar10n__c10n_aggre__er__seed3.json","C:\work\reliability-gated-replay\results\neural_networks_submission\configs\cifar10n__c10n_aggre__er__seed3.json","original_results","427","2026-07-03T19:11:38.7409940Z","95fb820f809f51cd7a1ca9a3e35c4847dc0302a7f98a81a920456cf278c39009"
"results\neural_networks_submission\configs\cifar10n__c10n_aggre__er__seed4.json","C:\work\reliability-gated-replay\results\neural_networks_submission\configs\cifar10n__c10n_aggre__er__seed4.json","original_results","427","2026-07-03T19:11:38.7409940Z","81df9fca9b9f5711de0d554079fde8fe641e43dc2613bde343ab48d73441b02a"
"results\neural_networks_submission\configs\cifar10n__c10n_aggre__gate_conf__seed0.json","C:\work\reliability-gated-replay\results\neural_networks_submission\configs\cifar10n__c10n_aggre__gate_conf__seed0.json","original_results","574","2026-07-03T19:11:38.7569943Z","b9a06833f529cc64723cdfe3afa43d4cc75956542831e6266b23c2e11c8f8da4"
"results\neural_networks_submission\configs\cifar10n__c10n_aggre__gate_conf__seed1.json","C:\work\reliability-gated-replay\results\neural_networks_submission\configs\cifar10n__c10n_aggre__gate_conf__seed1.json","original_results","574","2026-07-03T19:11:38.7569943Z","6e2746454362f7775fa8715a75e5be4a007bb67ab29f465eb51c5839dd68c38f"
"results\neural_networks_submission\configs\cifar10n__c10n_aggre__gate_conf__seed2.json","C:\work\reliability-gated-replay\results\neural_networks_submission\configs\cifar10n__c10n_aggre__gate_conf__seed2.json","original_results","574","2026-07-03T19:11:38.7569943Z","a2879f3f616e480b9797cae82c18be0d9b92891df28aba6c33c6c37cccb85c9e"
"results\neural_networks_submission\configs\cifar10n__c10n_aggre__gate_conf__seed3.json","C:\work\reliability-gated-replay\results\neural_networks_submission\configs\cifar10n__c10n_aggre__gate_conf__seed3.json","original_results","574","2026-07-03T19:11:38.7727006Z","89104fa70485ec310f816acf7a698a75d25b491cd23cb9e427b4e0eef25ba5d1"
"results\neural_networks_submission\configs\cifar10n__c10n_aggre__gate_conf__seed4.json","C:\work\reliability-gated-replay\results\neural_networks_submission\configs\cifar10n__c10n_aggre__gate_conf__seed4.json","original_results","574","2026-07-03T19:11:38.7727006Z","dc2ffc8030aa54083d9e55883063dec1f466d6ef13cb865256f1f152c06f613d"
"results\neural_networks_submission\configs\cifar10n__c10n_aggre__gate_coteach__seed0.json","C:\work\reliability-gated-replay\results\neural_networks_submission\configs\cifar10n__c10n_aggre__gate_coteach__seed0.json","original_results","657","2026-07-03T19:11:38.7727006Z","a11e8bd65f59a1551cc2e618fcbfefae4dc007c02f6a581f333c8a1fffcc23b7"
"results\neural_networks_submission\configs\cifar10n__c10n_aggre__gate_coteach__seed1.json","C:\work\reliability-gated-replay\results\neural_networks_submission\configs\cifar10n__c10n_aggre__gate_coteach__seed1.json","original_results","657","2026-07-03T19:11:38.7887497Z","0ee00bdda814475a22f9fb77078ebc025b4a506c9ffbb4458426db6310f1ce30"
"results\neural_networks_submission\configs\cifar10n__c10n_aggre__gate_coteach__seed2.json","C:\work\reliability-gated-replay\results\neural_networks_submission\configs\cifar10n__c10n_aggre__gate_coteach__seed2.json","original_results","657","2026-07-03T19:11:38.7947754Z","715f942cb66793d2e776aca2e414e1d94810c7628f17cd59912e414a2b968283"
"results\neural_networks_submission\configs\cifar10n__c10n_aggre__gate_coteach__seed3.json","C:\work\reliability-gated-replay\results\neural_networks_submission\configs\cifar10n__c10n_aggre__gate_coteach__seed3.json","original_results","657","2026-07-03T19:11:38.7987910Z","4710970d3f5761a158a91549f9bbf76f4c3a392288ae30711ff54a1d4d9bbfb4"
"results\neural_networks_submission\configs\cifar10n__c10n_aggre__gate_coteach__seed4.json","C:\work\reliability-gated-replay\results\neural_networks_submission\configs\cifar10n__c10n_aggre__gate_coteach__seed4.json","original_results","657","2026-07-03T19:11:38.8040689Z","3594e398227c9508cabce0a53e68efce34a5ceccb85fb157972bc332b242b582"
"results\neural_networks_submission\configs\cifar10n__c10n_aggre__gate_loss__seed0.json","C:\work\reliability-gated-replay\results\neural_networks_submission\configs\cifar10n__c10n_aggre__gate_loss__seed0.json","original_results","581","2026-07-03T19:11:38.8040689Z","722328ff5947feaf0859cd95cfe7cf0ee3ff28155249ad431eecac43d8340175"
"results\neural_networks_submission\configs\cifar10n__c10n_aggre__gate_loss__seed1.json","C:\work\reliability-gated-replay\results\neural_networks_submission\configs\cifar10n__c10n_aggre__gate_loss__seed1.json","original_results","581","2026-07-03T19:11:38.8040689Z","0836eac6df4a11d16bced4995979a0b2a24eb6b5b2f86bf5efcf259cdcb241a3"
"results\neural_networks_submission\configs\cifar10n__c10n_aggre__gate_loss__seed2.json","C:\work\reliability-gated-replay\results\neural_networks_submission\configs\cifar10n__c10n_aggre__gate_loss__seed2.json","original_results","581","2026-07-03T19:11:38.8211397Z","3d268fa297e4c223bdd4101e7f53767856bac855a4e0b0f6fe0b69d845223682"
"results\neural_networks_submission\configs\cifar10n__c10n_aggre__gate_loss__seed3.json","C:\work\reliability-gated-replay\results\neural_networks_submission\configs\cifar10n__c10n_aggre__gate_loss__seed3.json","original_results","581","2026-07-03T19:11:38.8211397Z","912088e34e06125e930de711a5605e89c87041110fd772039e132015a22c210d"
"results\neural_networks_submission\configs\cifar10n__c10n_aggre__gate_loss__seed4.json","C:\work\reliability-gated-replay\results\neural_networks_submission\configs\cifar10n__c10n_aggre__gate_loss__seed4.json","original_results","581","2026-07-03T19:11:38.8315721Z","a155dde1b22cad7081d55baa7d9bf220147ba0d75d9a00353a948fa156f2ae04"
"results\neural_networks_submission\configs\cifar10n__c10n_aggre__oracle__seed0.json","C:\work\reliability-gated-replay\results\neural_networks_submission\configs\cifar10n__c10n_aggre__oracle__seed0.json","original_results","453","2026-07-03T19:11:38.8377886Z","fd5abfaed948d75adc34d9decb6a05de3f9740929027966d1bf4d022c77c2c22"
"results\neural_networks_submission\configs\cifar10n__c10n_aggre__oracle__seed1.json","C:\work\reliability-gated-replay\results\neural_networks_submission\configs\cifar10n__c10n_aggre__oracle__seed1.json","original_results","453","2026-07-03T19:11:38.8447882Z","c72126714bc0163ffe5b38c83ebceb0065c4f9c4535774afa3ce5079fd4bbccf"
"results\neural_networks_submission\configs\cifar10n__c10n_aggre__oracle__seed2.json","C:\work\reliability-gated-replay\results\neural_networks_submission\configs\cifar10n__c10n_aggre__oracle__seed2.json","original_results","453","2026-07-03T19:11:38.8497901Z","e92593c454185728ce13861c37034045f7a00784ff169684432eeb87bc52e004"
"results\neural_networks_submission\configs\cifar10n__c10n_aggre__oracle__seed3.json","C:\work\reliability-gated-replay\results\neural_networks_submission\configs\cifar10n__c10n_aggre__oracle__seed3.json","original_results","453","2026-07-03T19:11:38.8507908Z","9841102dd0626d4adc296b5009e26a2dc5f139327e749902cb1a1f9647a084c6"
"results\neural_networks_submission\configs\cifar10n__c10n_aggre__oracle__seed4.json","C:\work\reliability-gated-replay\results\neural_networks_submission\configs\cifar10n__c10n_aggre__oracle__seed4.json","original_results","453","2026-07-03T19:11:38.8507908Z","f9e556c9ff46e9d9818586d780131e706bb147c2b382f9333c17de419bd76bf7"
"results\neural_networks_submission\configs\cifar10n__c10n_worse__derpp__seed0.json","C:\work\reliability-gated-replay\results\neural_networks_submission\configs\cifar10n__c10n_worse__derpp__seed0.json","original_results","461","2026-07-03T19:11:38.8666690Z","5e5548a1d4d0d742e45e29af28f80d9a00fd4ad5c50ffa7f96efd9a33644fa13"
"results\neural_networks_submission\configs\cifar10n__c10n_worse__derpp__seed1.json","C:\work\reliability-gated-replay\results\neural_networks_submission\configs\cifar10n__c10n_worse__derpp__seed1.json","original_results","461","2026-07-03T19:11:38.8722591Z","49106109477ee3fa0cd92cfc05de94b34433df5550256e55696959ed7fd89f8b"
"results\neural_networks_submission\configs\cifar10n__c10n_worse__derpp__seed2.json","C:\work\reliability-gated-replay\results\neural_networks_submission\configs\cifar10n__c10n_worse__derpp__seed2.json","original_results","461","2026-07-03T19:11:38.8762742Z","9e2e9ae7927f7ea9bb46bdbc96c146d0ccf1066ee178c65196ead6e549119e3d"
"results\neural_networks_submission\configs\cifar10n__c10n_worse__derpp__seed3.json","C:\work\reliability-gated-replay\results\neural_networks_submission\configs\cifar10n__c10n_worse__derpp__seed3.json","original_results","461","2026-07-03T19:11:38.8824038Z","ec346116e51a3adffd434bd60a5e1f7ed89ded80a10a014c01cbe4c5bf1e7377"
"results\neural_networks_submission\configs\cifar10n__c10n_worse__derpp__seed4.json","C:\work\reliability-gated-replay\results\neural_networks_submission\configs\cifar10n__c10n_worse__derpp__seed4.json","original_results","461","2026-07-03T19:11:38.8824038Z","668b4239abf377aa066ec3d2e46474cb6b69ac74748a3bc8f3d553556416f250"
"results\neural_networks_submission\configs\cifar10n__c10n_worse__er__seed0.json","C:\work\reliability-gated-replay\results\neural_networks_submission\configs\cifar10n__c10n_worse__er__seed0.json","original_results","427","2026-07-03T19:11:38.8824038Z","6f54ae27672b2b67279b31a0eac7369d7c3c46bfc20776790df471a38a6b2756"
"results\neural_networks_submission\configs\cifar10n__c10n_worse__er__seed1.json","C:\work\reliability-gated-replay\results\neural_networks_submission\configs\cifar10n__c10n_worse__er__seed1.json","original_results","427","2026-07-03T19:11:38.8824038Z","9c583bd12fe018b7a65dd5b00a53bc2db523a4e3014a4eb013a47daf122b13bb"
"results\neural_networks_submission\configs\cifar10n__c10n_worse__er__seed2.json","C:\work\reliability-gated-replay\results\neural_networks_submission\configs\cifar10n__c10n_worse__er__seed2.json","original_results","427","2026-07-03T19:11:38.9023523Z","57505b2992477407d3cacccc75cffe73ceeffa8d3bc24cc95d8c42cb1690f8db"
"results\neural_networks_submission\configs\cifar10n__c10n_worse__er__seed3.json","C:\work\reliability-gated-replay\results\neural_networks_submission\configs\cifar10n__c10n_worse__er__seed3.json","original_results","427","2026-07-03T19:11:38.9063691Z","48e8e73c1a565c26950497eec61a744a7733e58c0dd9a77ce7ffc1fd7a56ae0b"
"results\neural_networks_submission\configs\cifar10n__c10n_worse__er__seed4.json","C:\work\reliability-gated-replay\results\neural_networks_submission\configs\cifar10n__c10n_worse__er__seed4.json","original_results","427","2026-07-03T19:11:38.9141410Z","ebf79489d8cfdd51470ee65d8a8b5bfa9a41ccd57700be42348456337a7f4aaa"
"results\neural_networks_submission\configs\cifar10n__c10n_worse__gate_conf__seed0.json","C:\work\reliability-gated-replay\results\neural_networks_submission\configs\cifar10n__c10n_worse__gate_conf__seed0.json","original_results","574","2026-07-03T19:11:38.9141410Z","f5a0fc02635ff0286467c2e16a989a6075ac400281a814b11e9f43adf9ed4e21"
"results\neural_networks_submission\configs\cifar10n__c10n_worse__gate_conf__seed1.json","C:\work\reliability-gated-replay\results\neural_networks_submission\configs\cifar10n__c10n_worse__gate_conf__seed1.json","original_results","574","2026-07-03T19:11:38.9141410Z","403851446578fb83de5d7b52ce932edfafb6c4c2f8798fe98dbd465662b45b0f"
"results\neural_networks_submission\configs\cifar10n__c10n_worse__gate_conf__seed2.json","C:\work\reliability-gated-replay\results\neural_networks_submission\configs\cifar10n__c10n_worse__gate_conf__seed2.json","original_results","574","2026-07-03T19:11:38.9141410Z","f867828eb9f4788a910afa5002fd31ebefb1bc85babe42a77bd2035d73cf8a6e"
"results\neural_networks_submission\configs\cifar10n__c10n_worse__gate_conf__seed3.json","C:\work\reliability-gated-replay\results\neural_networks_submission\configs\cifar10n__c10n_worse__gate_conf__seed3.json","original_results","574","2026-07-03T19:11:38.9318240Z","b2aa55ea7bff99d81a1d0639040230492730b0bf557712f64ebc56cc61644087"
"results\neural_networks_submission\configs\cifar10n__c10n_worse__gate_conf__seed4.json","C:\work\reliability-gated-replay\results\neural_networks_submission\configs\cifar10n__c10n_worse__gate_conf__seed4.json","original_results","574","2026-07-03T19:11:38.9318240Z","4ed6ef08cde9dfce2a0f09d96203756d059e52186ef382e316d04e1ccfc2c313"
"results\neural_networks_submission\configs\cifar10n__c10n_worse__gate_coteach__seed0.json","C:\work\reliability-gated-replay\results\neural_networks_submission\configs\cifar10n__c10n_worse__gate_coteach__seed0.json","original_results","657","2026-07-03T19:11:38.9318240Z","e973fd0affe52a66600f6cd7d866aef0e6186bbd62012b6244844f6a4f5c0120"
"results\neural_networks_submission\configs\cifar10n__c10n_worse__gate_coteach__seed1.json","C:\work\reliability-gated-replay\results\neural_networks_submission\configs\cifar10n__c10n_worse__gate_coteach__seed1.json","original_results","657","2026-07-03T19:11:38.9500161Z","d26dcdb95762e1f33a62e535d423b02291c03ba7e58c55e61b2bc3ea154e20ec"
"results\neural_networks_submission\configs\cifar10n__c10n_worse__gate_coteach__seed2.json","C:\work\reliability-gated-replay\results\neural_networks_submission\configs\cifar10n__c10n_worse__gate_coteach__seed2.json","original_results","657","2026-07-03T19:11:38.9550123Z","0ae3f6048c77f45c90629502e3733ea0a16f90a5c8ff0583719b42b450457b46"
"results\neural_networks_submission\configs\cifar10n__c10n_worse__gate_coteach__seed3.json","C:\work\reliability-gated-replay\results\neural_networks_submission\configs\cifar10n__c10n_worse__gate_coteach__seed3.json","original_results","657","2026-07-03T19:11:38.9590134Z","f8dd79d7b7b8efeb2572efb459c847c893fc070901b44f2dc726e921da9370c2"
"results\neural_networks_submission\configs\cifar10n__c10n_worse__gate_coteach__seed4.json","C:\work\reliability-gated-replay\results\neural_networks_submission\configs\cifar10n__c10n_worse__gate_coteach__seed4.json","original_results","657","2026-07-03T19:11:38.9590134Z","8787476f8c421ffc86c7767da8150d230602ff987a5286879b0111f8388c8ef2"
"results\neural_networks_submission\configs\cifar10n__c10n_worse__gate_loss__seed0.json","C:\work\reliability-gated-replay\results\neural_networks_submission\configs\cifar10n__c10n_worse__gate_loss__seed0.json","original_results","581","2026-07-03T19:11:38.9590134Z","be0001e5e9a25073ba813047decebfd04d4deec381b8389a4dbdde119be684e5"
"results\neural_networks_submission\configs\cifar10n__c10n_worse__gate_loss__seed1.json","C:\work\reliability-gated-replay\results\neural_networks_submission\configs\cifar10n__c10n_worse__gate_loss__seed1.json","original_results","581","2026-07-03T19:11:38.9748983Z","cf3651016940b86fe7c3c690a38639c891c47e4801cda932b6d28f8a6a2dce00"
"results\neural_networks_submission\configs\cifar10n__c10n_worse__gate_loss__seed2.json","C:\work\reliability-gated-replay\results\neural_networks_submission\configs\cifar10n__c10n_worse__gate_loss__seed2.json","original_results","581","2026-07-03T19:11:38.9748983Z","b1e0629190b5aa9570f431223c7fb356c75cbd4734a58f3ad6c38663f3d7d7ea"
"results\neural_networks_submission\configs\cifar10n__c10n_worse__gate_loss__seed3.json","C:\work\reliability-gated-replay\results\neural_networks_submission\configs\cifar10n__c10n_worse__gate_loss__seed3.json","original_results","581","2026-07-03T19:11:38.9748983Z","8f0f76b1a0ffa6e69e9db0017aed61e91d3ecbce35e78191573cc2cf4db5c173"
"results\neural_networks_submission\configs\cifar10n__c10n_worse__gate_loss__seed4.json","C:\work\reliability-gated-replay\results\neural_networks_submission\configs\cifar10n__c10n_worse__gate_loss__seed4.json","original_results","581","2026-07-03T19:11:38.9907205Z","10b53d8ae3a5407509c79f9a8df4861fe86711380704a1683b1ef365086947bb"
"results\neural_networks_submission\configs\cifar10n__c10n_worse__oracle__seed0.json","C:\work\reliability-gated-replay\results\neural_networks_submission\configs\cifar10n__c10n_worse__oracle__seed0.json","original_results","453","2026-07-03T19:11:38.9907205Z","d8a319792fbe525879660fbe8d8c5e47d239fdf679860a2ba1e371dc0de4f17b"
"results\neural_networks_submission\configs\cifar10n__c10n_worse__oracle__seed1.json","C:\work\reliability-gated-replay\results\neural_networks_submission\configs\cifar10n__c10n_worse__oracle__seed1.json","original_results","453","2026-07-03T19:11:38.9907205Z","0326147d525695af629c225f7f3d7a41b0fa84d2ba70c9e68edf72d84e324075"
"results\neural_networks_submission\configs\cifar10n__c10n_worse__oracle__seed2.json","C:\work\reliability-gated-replay\results\neural_networks_submission\configs\cifar10n__c10n_worse__oracle__seed2.json","original_results","453","2026-07-03T19:11:39.0066417Z","795b56297c72cdf0eca4bed6665291f0038f2220b3f4661b944b95422b50a8ae"
"results\neural_networks_submission\configs\cifar10n__c10n_worse__oracle__seed3.json","C:\work\reliability-gated-replay\results\neural_networks_submission\configs\cifar10n__c10n_worse__oracle__seed3.json","original_results","453","2026-07-03T19:11:39.0066417Z","de801931259069e2ec48a15d8923c8dbcd4457111c4d6130018880355e2bbc52"
"results\neural_networks_submission\configs\cifar10n__c10n_worse__oracle__seed4.json","C:\work\reliability-gated-replay\results\neural_networks_submission\configs\cifar10n__c10n_worse__oracle__seed4.json","original_results","453","2026-07-03T19:11:39.0066417Z","2386d18bb0b4d3fe803b7b2bfccbeb363e511b03209ef3ea560e4a64dc4c04f9"
"results\neural_networks_submission\configs\permuted_mnist__clean__er__seed0.json","C:\work\reliability-gated-replay\results\neural_networks_submission\configs\permuted_mnist__clean__er__seed0.json","original_results","509","2026-07-03T19:11:39.0227316Z","5b6a7f163f1d7c45dc972be0b45016b8c76403b335e5a2f901645e8cd753f2ea"
"results\neural_networks_submission\configs\permuted_mnist__clean__er__seed1.json","C:\work\reliability-gated-replay\results\neural_networks_submission\configs\permuted_mnist__clean__er__seed1.json","original_results","509","2026-07-03T19:11:39.0321245Z","f8916d012723d0f830ab0e560ff992de782d4e374239eefcb9e03c0527c51955"
"results\neural_networks_submission\configs\permuted_mnist__clean__ewc__seed0.json","C:\work\reliability-gated-replay\results\neural_networks_submission\configs\permuted_mnist__clean__ewc__seed0.json","original_results","508","2026-07-03T19:11:39.0467888Z","43e0130814bea12ade04a931fc98f19ec3f9d7bdb68809d9492aed5252a827ae"
"results\neural_networks_submission\configs\permuted_mnist__clean__ewc__seed1.json","C:\work\reliability-gated-replay\results\neural_networks_submission\configs\permuted_mnist__clean__ewc__seed1.json","original_results","508","2026-07-03T19:11:39.0577901Z","c57abc94cd52c53121eb713b53a44827cb962fde631983cf9a8aa448867e2dab"
"results\neural_networks_submission\configs\permuted_mnist__clean__ewc__seed2.json","C:\work\reliability-gated-replay\results\neural_networks_submission\configs\permuted_mnist__clean__ewc__seed2.json","original_results","508","2026-07-03T19:11:39.0637913Z","8d15c83f2d9599e75e3b3ebbf121dd78e366997ca77c807f58933de109ee056a"
"results\neural_networks_submission\configs\permuted_mnist__clean__ewc__seed3.json","C:\work\reliability-gated-replay\results\neural_networks_submission\configs\permuted_mnist__clean__ewc__seed3.json","original_results","508","2026-07-03T19:11:39.0688000Z","73e566b6f7096ea88f199d543f1ef3897dbb443fb58c405246c820f6dc38c7ea"
"results\neural_networks_submission\configs\permuted_mnist__clean__ewc__seed4.json","C:\work\reliability-gated-replay\results\neural_networks_submission\configs\permuted_mnist__clean__ewc__seed4.json","original_results","508","2026-07-03T19:11:39.0688000Z","d1614176888d12cc9b3e97339c74e490dd0add4951518bcb74645fe7c5ff057e"
"results\neural_networks_submission\configs\permuted_mnist__clean__si__seed0.json","C:\work\reliability-gated-replay\results\neural_networks_submission\configs\permuted_mnist__clean__si__seed0.json","original_results","493","2026-07-03T19:11:39.0688000Z","454039bdfb8fbe24c84ca15a35d3f22911078ab3f97300f140a3d6bd54dcb77d"
"results\neural_networks_submission\configs\permuted_mnist__clean__si__seed1.json","C:\work\reliability-gated-replay\results\neural_networks_submission\configs\permuted_mnist__clean__si__seed1.json","original_results","493","2026-07-03T19:11:39.0845616Z","1adfb928383f59a19fdae8cdc8f90f98a68088eee69a09ad555e6d1d42ea001b"
"results\neural_networks_submission\configs\permuted_mnist__clean__si__seed2.json","C:\work\reliability-gated-replay\results\neural_networks_submission\configs\permuted_mnist__clean__si__seed2.json","original_results","493","2026-07-03T19:11:39.0845616Z","e0cd17e149a722ab7b0af0bf31ef29f9c48df00f2ddeca0a7d38118ddd15b53f"
"results\neural_networks_submission\configs\permuted_mnist__clean__si__seed3.json","C:\work\reliability-gated-replay\results\neural_networks_submission\configs\permuted_mnist__clean__si__seed3.json","original_results","493","2026-07-03T19:11:39.0845616Z","77f6be3b3a60253de3ba842423c0187a77cb92d96a795cb0eded878357a515e4"
"results\neural_networks_submission\configs\permuted_mnist__clean__si__seed4.json","C:\work\reliability-gated-replay\results\neural_networks_submission\configs\permuted_mnist__clean__si__seed4.json","original_results","493","2026-07-03T19:11:39.1005872Z","2faa0d5ba06dee60b6a270e9ff8beeffa858661daa575208f45040fbc39d0204"
"results\neural_networks_submission\configs\permuted_mnist__sym20__arc_full__seed0.json","C:\work\reliability-gated-replay\results\neural_networks_submission\configs\permuted_mnist__sym20__arc_full__seed0.json","original_results","594","2026-07-03T19:35:00.6568843Z","602a88aa246c2e53f8676d6253835a2ec212b2c64f1b1db1991e5590a4ea1a27"
"results\neural_networks_submission\configs\permuted_mnist__sym20__arc_lite__seed0.json","C:\work\reliability-gated-replay\results\neural_networks_submission\configs\permuted_mnist__sym20__arc_lite__seed0.json","original_results","594","2026-07-03T19:34:55.8312110Z","88f06f8ed59a42debc38ea97edb67b2517b15bfb637de95cbc67f213e0487253"
"results\neural_networks_submission\configs\seq_cifar10__asym40__derpp__seed0.json","C:\work\reliability-gated-replay\results\neural_networks_submission\configs\seq_cifar10__asym40__derpp__seed0.json","original_results","569","2026-07-03T19:11:39.2692691Z","2fa69d1fc97ceda687177fa2bc29bbd7c9f351e004e8faf238c7f83a061ed455"
"results\neural_networks_submission\configs\seq_cifar10__asym40__derpp__seed1.json","C:\work\reliability-gated-replay\results\neural_networks_submission\configs\seq_cifar10__asym40__derpp__seed1.json","original_results","569","2026-07-03T19:11:39.2692691Z","9c8e6b27f850e2fa60d0461e9d4a19dd8ffc2129eb305e3596f1d88c48fd2dec"
"results\neural_networks_submission\configs\seq_cifar10__asym40__derpp__seed2.json","C:\work\reliability-gated-replay\results\neural_networks_submission\configs\seq_cifar10__asym40__derpp__seed2.json","original_results","569","2026-07-03T19:11:39.2849663Z","7004af2ac0719dfd52810a5db74e4bfab4d91cdb3dcea9a753d6fa16ee7acf2d"
"results\neural_networks_submission\configs\seq_cifar10__asym40__derpp__seed3.json","C:\work\reliability-gated-replay\results\neural_networks_submission\configs\seq_cifar10__asym40__derpp__seed3.json","original_results","569","2026-07-03T19:11:39.2849663Z","7ebbfafee69ceec34de1c99c7d25273d6423bc207d091e9b9bacd88fe6ce32c1"
"results\neural_networks_submission\configs\seq_cifar10__asym40__derpp__seed4.json","C:\work\reliability-gated-replay\results\neural_networks_submission\configs\seq_cifar10__asym40__derpp__seed4.json","original_results","569","2026-07-03T19:11:39.2849663Z","52d265f61a905f06a582b2423a8b7f3e72d789aaced02ca0c0ef297f2ca9a99d"
"results\neural_networks_submission\configs\seq_cifar10__asym40__er__seed0.json","C:\work\reliability-gated-replay\results\neural_networks_submission\configs\seq_cifar10__asym40__er__seed0.json","original_results","535","2026-07-03T19:11:39.3042633Z","bdc374439ab0256fff7972dd76e61dede3ee43df4e5ff1c2f7c43f37d4221c93"
"results\neural_networks_submission\configs\seq_cifar10__asym40__er__seed1.json","C:\work\reliability-gated-replay\results\neural_networks_submission\configs\seq_cifar10__asym40__er__seed1.json","original_results","535","2026-07-03T19:11:39.3042633Z","88b90624693d95c1c5626b25d3ea494eb1ecaaf402186030905802cba48cc774"
"results\neural_networks_submission\configs\seq_cifar10__asym40__er__seed2.json","C:\work\reliability-gated-replay\results\neural_networks_submission\configs\seq_cifar10__asym40__er__seed2.json","original_results","535","2026-07-03T19:11:39.3042633Z","5091a07d2866342022f3ab53cb0137742a23f6f6f9b34a66f830368a2a583cf8"
"results\neural_networks_submission\configs\seq_cifar10__asym40__er__seed3.json","C:\work\reliability-gated-replay\results\neural_networks_submission\configs\seq_cifar10__asym40__er__seed3.json","original_results","535","2026-07-03T19:11:39.3173657Z","670ba2b27cd89937ba2444504ac9e4b1080954dfc0ea6dd3b4ba0aa1b744380d"
"results\neural_networks_submission\configs\seq_cifar10__asym40__er__seed4.json","C:\work\reliability-gated-replay\results\neural_networks_submission\configs\seq_cifar10__asym40__er__seed4.json","original_results","535","2026-07-03T19:11:39.3173657Z","fb17a8aefb3919f193e6014bea630efa7cb25a8d8015ea0c54f70d6f15c1a4d1"
"results\neural_networks_submission\configs\seq_cifar10__asym40__gate_conf__seed0.json","C:\work\reliability-gated-replay\results\neural_networks_submission\configs\seq_cifar10__asym40__gate_conf__seed0.json","original_results","682","2026-07-03T19:11:39.3324235Z","53109edebbbf4b3ff02ec2448e60e821e20425851d7b4741039f05dfed03bd9b"
"results\neural_networks_submission\configs\seq_cifar10__asym40__gate_conf__seed1.json","C:\work\reliability-gated-replay\results\neural_networks_submission\configs\seq_cifar10__asym40__gate_conf__seed1.json","original_results","682","2026-07-03T19:11:39.3370893Z","109893e429fbc2612c45734e11daa56b3bacda47f7d36de4b6ec25d42a02a9f6"
"results\neural_networks_submission\configs\seq_cifar10__asym40__gate_conf__seed2.json","C:\work\reliability-gated-replay\results\neural_networks_submission\configs\seq_cifar10__asym40__gate_conf__seed2.json","original_results","682","2026-07-03T19:11:39.3370893Z","2d27ded8eb1a7c8fe6609797c0c12924f3fcb1c88ab382f66591bdce1baeffb7"
"results\neural_networks_submission\configs\seq_cifar10__asym40__gate_conf__seed3.json","C:\work\reliability-gated-replay\results\neural_networks_submission\configs\seq_cifar10__asym40__gate_conf__seed3.json","original_results","682","2026-07-03T19:11:39.3481884Z","6ae9706911b9da4774784e45dc41294fe13a131aa91758a8ab92d7e0977fc032"
"results\neural_networks_submission\configs\seq_cifar10__asym40__gate_conf__seed4.json","C:\work\reliability-gated-replay\results\neural_networks_submission\configs\seq_cifar10__asym40__gate_conf__seed4.json","original_results","682","2026-07-03T19:11:39.3481884Z","f6676208c3bdf6925ea53ecb4ea53358ff651459c577255ace38ebc4d4d7c066"
"results\neural_networks_submission\configs\seq_cifar10__asym40__gate_loss__seed0.json","C:\work\reliability-gated-replay\results\neural_networks_submission\configs\seq_cifar10__asym40__gate_loss__seed0.json","original_results","689","2026-07-03T19:11:39.3481884Z","54ccd38bc888bd34d21f83f916a356707c3ad7594fe41504434b50d82055e41f"
"results\neural_networks_submission\configs\seq_cifar10__asym40__gate_loss__seed1.json","C:\work\reliability-gated-replay\results\neural_networks_submission\configs\seq_cifar10__asym40__gate_loss__seed1.json","original_results","689","2026-07-03T19:11:39.3642140Z","50a78209645545113e5ef0cfb0a94c4f63b1dfae63536cea7c67f0f576fea9b9"
"results\neural_networks_submission\configs\seq_cifar10__asym40__gate_loss__seed2.json","C:\work\reliability-gated-replay\results\neural_networks_submission\configs\seq_cifar10__asym40__gate_loss__seed2.json","original_results","689","2026-07-03T19:11:39.3642140Z","1dcdc204887ddaacb1741eb04d74d00f1b1d54bf065499aa5df4f8176368bbb4"
"results\neural_networks_submission\configs\seq_cifar10__asym40__gate_loss__seed3.json","C:\work\reliability-gated-replay\results\neural_networks_submission\configs\seq_cifar10__asym40__gate_loss__seed3.json","original_results","689","2026-07-03T19:11:39.3642140Z","988591ecab9a07d4b4cebf934aad9e3da0f629cd47b4e6473949a8b8559a6a24"
"results\neural_networks_submission\configs\seq_cifar10__asym40__gate_loss__seed4.json","C:\work\reliability-gated-replay\results\neural_networks_submission\configs\seq_cifar10__asym40__gate_loss__seed4.json","original_results","689","2026-07-03T19:11:39.3824802Z","7e93890ffc0d5f7660064342e48b093bd882ae05f9465834ec2406fb92c9f6cd"
"results\neural_networks_submission\configs\seq_cifar10__asym40__oracle__seed0.json","C:\work\reliability-gated-replay\results\neural_networks_submission\configs\seq_cifar10__asym40__oracle__seed0.json","original_results","561","2026-07-03T19:11:39.3874756Z","2547205a7d646e2eaeb529c1050799eb4540c8c3e302b32ffc6177628b210346"
"results\neural_networks_submission\configs\seq_cifar10__asym40__oracle__seed1.json","C:\work\reliability-gated-replay\results\neural_networks_submission\configs\seq_cifar10__asym40__oracle__seed1.json","original_results","561","2026-07-03T19:11:39.3924758Z","f9d1c0f077f411d8b88fa27e66520c149fca74e53ca35187ac98f2ba804ad759"
"results\neural_networks_submission\configs\seq_cifar10__asym40__oracle__seed2.json","C:\work\reliability-gated-replay\results\neural_networks_submission\configs\seq_cifar10__asym40__oracle__seed2.json","original_results","561","2026-07-03T19:11:39.3964794Z","79a7fdb210f657ac589b7e6e3a89b9737a45bb703f2f58dbda4ec494afdf0414"
"results\neural_networks_submission\configs\seq_cifar10__asym40__oracle__seed3.json","C:\work\reliability-gated-replay\results\neural_networks_submission\configs\seq_cifar10__asym40__oracle__seed3.json","original_results","561","2026-07-03T19:11:39.3964794Z","15bac8dc1be6fc1efea92c710bc3593b495f2e82a5204b50ac26334324ba7181"
"results\neural_networks_submission\configs\seq_cifar10__asym40__oracle__seed4.json","C:\work\reliability-gated-replay\results\neural_networks_submission\configs\seq_cifar10__asym40__oracle__seed4.json","original_results","561","2026-07-03T19:11:39.3964794Z","3cb3716d6b56bf5826984e6163a00fa2eb2a1233093231b81409b65b5ad87859"
"results\neural_networks_submission\configs\seq_cifar10__sym20__derpp__seed0.json","C:\work\reliability-gated-replay\results\neural_networks_submission\configs\seq_cifar10__sym20__derpp__seed0.json","original_results","568","2026-07-03T19:11:39.4122752Z","4a849554a208aac5bf78585da4968b5c8733d4587a34e0d44ec6e604df25c750"
"results\neural_networks_submission\configs\seq_cifar10__sym20__derpp__seed1.json","C:\work\reliability-gated-replay\results\neural_networks_submission\configs\seq_cifar10__sym20__derpp__seed1.json","original_results","568","2026-07-03T19:11:39.4122752Z","85f8f89341e7ef027df1137312c129bce3564c6097cff5c201a48e48c62e53f2"
"results\neural_networks_submission\configs\seq_cifar10__sym20__derpp__seed2.json","C:\work\reliability-gated-replay\results\neural_networks_submission\configs\seq_cifar10__sym20__derpp__seed2.json","original_results","568","2026-07-03T19:11:39.4122752Z","6e0ad3ed7adaa19cf7b980c065dbdbebcce4982fea41052b9e25f6ab643cd326"
"results\neural_networks_submission\configs\seq_cifar10__sym20__derpp__seed3.json","C:\work\reliability-gated-replay\results\neural_networks_submission\configs\seq_cifar10__sym20__derpp__seed3.json","original_results","568","2026-07-03T19:11:39.4283221Z","184fab4d595dd92637127b889075ed02f3e419d199c851c39dbdc9a4bfc0d2cb"
"results\neural_networks_submission\configs\seq_cifar10__sym20__derpp__seed4.json","C:\work\reliability-gated-replay\results\neural_networks_submission\configs\seq_cifar10__sym20__derpp__seed4.json","original_results","568","2026-07-03T19:11:39.4324817Z","e107c2146be7e96d212b59f03e998316738aa9f3a0a9b959bf440fe770e810df"
"results\neural_networks_submission\configs\seq_cifar10__sym20__er__seed0.json","C:\work\reliability-gated-replay\results\neural_networks_submission\configs\seq_cifar10__sym20__er__seed0.json","original_results","534","2026-07-03T19:11:39.4373518Z","2119413fdf1f7c28baba1379f2ff672443c717cc5e77b0593b00f3ab24f8341a"
"results\neural_networks_submission\configs\seq_cifar10__sym20__er__seed1.json","C:\work\reliability-gated-replay\results\neural_networks_submission\configs\seq_cifar10__sym20__er__seed1.json","original_results","534","2026-07-03T19:11:39.4373518Z","1c80971c8b4e12a73b6b9acf7335832e70ced9a0b6b0e93ad6742cbb45d5912e"
"results\neural_networks_submission\configs\seq_cifar10__sym20__er__seed2.json","C:\work\reliability-gated-replay\results\neural_networks_submission\configs\seq_cifar10__sym20__er__seed2.json","original_results","534","2026-07-03T19:11:39.4373518Z","59dd6dc99b2bd4d8e508c178378a6af4fc7406f4ee6c2b4e59190e8ced2bf107"
"results\neural_networks_submission\configs\seq_cifar10__sym20__er__seed3.json","C:\work\reliability-gated-replay\results\neural_networks_submission\configs\seq_cifar10__sym20__er__seed3.json","original_results","534","2026-07-03T19:11:39.4538572Z","55e49030ae51513db729a0544cc396d2192bde16fea7333345e678d89a99c9d5"
"results\neural_networks_submission\configs\seq_cifar10__sym20__er__seed4.json","C:\work\reliability-gated-replay\results\neural_networks_submission\configs\seq_cifar10__sym20__er__seed4.json","original_results","534","2026-07-03T19:11:39.4538572Z","7a5f4cc55f5cbd7e754f00bb673e092b287ca32a209413e2625a507102365fcb"
"results\neural_networks_submission\configs\seq_cifar10__sym20__gate_conf__seed0.json","C:\work\reliability-gated-replay\results\neural_networks_submission\configs\seq_cifar10__sym20__gate_conf__seed0.json","original_results","681","2026-07-03T19:11:39.4538572Z","7fa6978159a3d7b2971f2b43d8c4803d92d575ab0e849e153cfce07d1bbbf255"
"results\neural_networks_submission\configs\seq_cifar10__sym20__gate_conf__seed1.json","C:\work\reliability-gated-replay\results\neural_networks_submission\configs\seq_cifar10__sym20__gate_conf__seed1.json","original_results","681","2026-07-03T19:11:39.4708855Z","f1ad91a010563f8713ad70595b773875a96d3201969283aa58302c8ba73da5cf"
"results\neural_networks_submission\configs\seq_cifar10__sym20__gate_conf__seed2.json","C:\work\reliability-gated-replay\results\neural_networks_submission\configs\seq_cifar10__sym20__gate_conf__seed2.json","original_results","681","2026-07-03T19:11:39.4708855Z","70bbfab8a2f8ebfde75c952e4554985e3ab26693a1f8a783edc2ebc92be93235"
"results\neural_networks_submission\configs\seq_cifar10__sym20__gate_conf__seed3.json","C:\work\reliability-gated-replay\results\neural_networks_submission\configs\seq_cifar10__sym20__gate_conf__seed3.json","original_results","681","2026-07-03T19:11:39.4876228Z","a03c1dd17f617808065657740db00634e91be36daddbff7d1f29c0cb2db7be36"
"results\neural_networks_submission\configs\seq_cifar10__sym20__gate_conf__seed4.json","C:\work\reliability-gated-replay\results\neural_networks_submission\configs\seq_cifar10__sym20__gate_conf__seed4.json","original_results","681","2026-07-03T19:11:39.4937137Z","d96a105db7385932bec4bc3b36bbf793a4e15c785eee205187bdc587be342949"
"results\neural_networks_submission\configs\seq_cifar10__sym20__gate_loss__seed0.json","C:\work\reliability-gated-replay\results\neural_networks_submission\configs\seq_cifar10__sym20__gate_loss__seed0.json","original_results","688","2026-07-03T19:11:39.4987122Z","16884bf104142ac620acadb2daf8e775c5cba5b13d573e44daecff8e880f42d3"
"results\neural_networks_submission\configs\seq_cifar10__sym20__gate_loss__seed1.json","C:\work\reliability-gated-replay\results\neural_networks_submission\configs\seq_cifar10__sym20__gate_loss__seed1.json","original_results","688","2026-07-03T19:11:39.5047135Z","d3ef05e593da06187336d5dfad37e15e3bb62e3601d7ede1d0295738a74b1e9c"
"results\neural_networks_submission\configs\seq_cifar10__sym20__gate_loss__seed2.json","C:\work\reliability-gated-replay\results\neural_networks_submission\configs\seq_cifar10__sym20__gate_loss__seed2.json","original_results","688","2026-07-03T19:11:39.5067173Z","cd503d5c3bfa43e36bf0dc79546f56c4d09e9e50da15def80c7819adbab13f7a"
"results\neural_networks_submission\configs\seq_cifar10__sym20__gate_loss__seed3.json","C:\work\reliability-gated-replay\results\neural_networks_submission\configs\seq_cifar10__sym20__gate_loss__seed3.json","original_results","688","2026-07-03T19:11:39.5067173Z","a46173f48b64b352c479541940ec59754c335a5673b8be33a512fc6b0efdff2c"
"results\neural_networks_submission\configs\seq_cifar10__sym20__gate_loss__seed4.json","C:\work\reliability-gated-replay\results\neural_networks_submission\configs\seq_cifar10__sym20__gate_loss__seed4.json","original_results","688","2026-07-03T19:11:39.5067173Z","f564d8c4b5d7262970d90aaf4e332fe20e3fe15f2c37d0f74fecdc0e21fda445"
"results\neural_networks_submission\configs\seq_cifar10__sym20__oracle__seed0.json","C:\work\reliability-gated-replay\results\neural_networks_submission\configs\seq_cifar10__sym20__oracle__seed0.json","original_results","560","2026-07-03T19:11:39.5224758Z","c1c99a5ebefe6d3614d7849c555d6d8a51e8b31c4cdac7ff261332dc4412bc66"
"results\neural_networks_submission\configs\seq_cifar10__sym20__oracle__seed1.json","C:\work\reliability-gated-replay\results\neural_networks_submission\configs\seq_cifar10__sym20__oracle__seed1.json","original_results","560","2026-07-03T19:11:39.5224758Z","a8f6f16f5a75e52bf9501a6908f889b01cc28183980efe19b828925237f1d0e4"
"results\neural_networks_submission\configs\seq_cifar10__sym20__oracle__seed2.json","C:\work\reliability-gated-replay\results\neural_networks_submission\configs\seq_cifar10__sym20__oracle__seed2.json","original_results","560","2026-07-03T19:11:39.5324511Z","7446deede8836e86ca72e25dc4d816cfc338a6675a1d3168d4f65a6e56879785"
"results\neural_networks_submission\configs\seq_cifar10__sym20__oracle__seed3.json","C:\work\reliability-gated-replay\results\neural_networks_submission\configs\seq_cifar10__sym20__oracle__seed3.json","original_results","560","2026-07-03T19:11:39.5385319Z","cf33b87672ffcdc2cb8e4770060d4d172c70dd30bf1a7e61a295ad59cc94162e"
"results\neural_networks_submission\configs\seq_cifar10__sym20__oracle__seed4.json","C:\work\reliability-gated-replay\results\neural_networks_submission\configs\seq_cifar10__sym20__oracle__seed4.json","original_results","560","2026-07-03T19:11:39.5385319Z","304fb7df39eed41d29d5fdfe5e4c4a3ce4ad5d60f95bbe574424fdfeb819cc5d"
"results\neural_networks_submission\configs\seq_cifar10__sym60__derpp__seed0.json","C:\work\reliability-gated-replay\results\neural_networks_submission\configs\seq_cifar10__sym60__derpp__seed0.json","original_results","568","2026-07-03T19:11:39.5385319Z","5f75c3126a6e2dc20ab2ab82a5b155cec22bbb5c48d99e9e7d6d6fa9c1b5c814"
"results\neural_networks_submission\configs\seq_cifar10__sym60__derpp__seed1.json","C:\work\reliability-gated-replay\results\neural_networks_submission\configs\seq_cifar10__sym60__derpp__seed1.json","original_results","568","2026-07-03T19:11:39.5536888Z","5a4de40f864121d853eeec85a7e9291ad9fc3ac1f0b2ab80c8e9d3f3a80e3bd2"
"results\neural_networks_submission\configs\seq_cifar10__sym60__derpp__seed2.json","C:\work\reliability-gated-replay\results\neural_networks_submission\configs\seq_cifar10__sym60__derpp__seed2.json","original_results","568","2026-07-03T19:11:39.5536888Z","a832ab30bca267e50854eb6d7ddf7561411eb8a08f84ceb76d1bf6ecd465ad1c"
"results\neural_networks_submission\configs\seq_cifar10__sym60__derpp__seed3.json","C:\work\reliability-gated-replay\results\neural_networks_submission\configs\seq_cifar10__sym60__derpp__seed3.json","original_results","568","2026-07-03T19:11:39.5536888Z","5406df81eaef023faedb82123c128f3cab453ef9c1770a62e7e5335d4842c988"
"results\neural_networks_submission\configs\seq_cifar10__sym60__derpp__seed4.json","C:\work\reliability-gated-replay\results\neural_networks_submission\configs\seq_cifar10__sym60__derpp__seed4.json","original_results","568","2026-07-03T19:11:39.5708953Z","f1ca29b2d724018e802bb5d0fefeb83489fe1c3439b13f409bab53353cd7347c"
"results\neural_networks_submission\configs\seq_cifar10__sym60__er__seed0.json","C:\work\reliability-gated-replay\results\neural_networks_submission\configs\seq_cifar10__sym60__er__seed0.json","original_results","534","2026-07-03T19:11:39.5708953Z","f474d02b8560beeb058b9099b51870ac8b8bae06952380aa8498f9481912a336"
"results\neural_networks_submission\configs\seq_cifar10__sym60__er__seed1.json","C:\work\reliability-gated-replay\results\neural_networks_submission\configs\seq_cifar10__sym60__er__seed1.json","original_results","534","2026-07-03T19:11:39.5866621Z","38da607af6f5aea62d66a2249189c09d6b6dd7afaedbefd5b92b4a61c61aa550"
"results\neural_networks_submission\configs\seq_cifar10__sym60__er__seed2.json","C:\work\reliability-gated-replay\results\neural_networks_submission\configs\seq_cifar10__sym60__er__seed2.json","original_results","534","2026-07-03T19:11:39.5916471Z","4cfc5addc2f0e09fada4ce444153d9315dc85005f952c53e0ead241b313cb477"
"results\neural_networks_submission\configs\seq_cifar10__sym60__er__seed3.json","C:\work\reliability-gated-replay\results\neural_networks_submission\configs\seq_cifar10__sym60__er__seed3.json","original_results","534","2026-07-03T19:11:39.5916471Z","fdab6d948451e059abe86c4d2d30f0ecd8026954351fff6c0c369218946b1a18"
"results\neural_networks_submission\configs\seq_cifar10__sym60__er__seed4.json","C:\work\reliability-gated-replay\results\neural_networks_submission\configs\seq_cifar10__sym60__er__seed4.json","original_results","534","2026-07-03T19:11:39.6066297Z","99c0dc083ff92feb04bd8123fa9f68bfa52fcfe654a30bddde4565ed1a041a44"
"results\neural_networks_submission\configs\seq_cifar10__sym60__gate_conf__seed0.json","C:\work\reliability-gated-replay\results\neural_networks_submission\configs\seq_cifar10__sym60__gate_conf__seed0.json","original_results","681","2026-07-03T19:11:39.6126322Z","32b851c409a5b784948302cbf979bb4f19ec98fd7ddc8e66fd250c88ab293137"
"results\neural_networks_submission\configs\seq_cifar10__sym60__gate_conf__seed1.json","C:\work\reliability-gated-replay\results\neural_networks_submission\configs\seq_cifar10__sym60__gate_conf__seed1.json","original_results","681","2026-07-03T19:11:39.6156357Z","7702aa0979554826edf2e2d5b50c1f4a115b942be88d4d680a1810706b568e22"
"results\neural_networks_submission\configs\seq_cifar10__sym60__gate_conf__seed2.json","C:\work\reliability-gated-replay\results\neural_networks_submission\configs\seq_cifar10__sym60__gate_conf__seed2.json","original_results","681","2026-07-03T19:11:39.6203213Z","356f49ec1220cfcc255a53852679e5c94949334ebaa3d50d463da5d17ec4a8cc"
"results\neural_networks_submission\configs\seq_cifar10__sym60__gate_conf__seed3.json","C:\work\reliability-gated-replay\results\neural_networks_submission\configs\seq_cifar10__sym60__gate_conf__seed3.json","original_results","681","2026-07-03T19:11:39.6203213Z","d8ad5f80ef8641ce8c3ff0c8c945ae06f63faa9d2da2eaaaaeef2e86867428b8"
"results\neural_networks_submission\configs\seq_cifar10__sym60__gate_conf__seed4.json","C:\work\reliability-gated-replay\results\neural_networks_submission\configs\seq_cifar10__sym60__gate_conf__seed4.json","original_results","681","2026-07-03T19:11:39.6326775Z","0dff9bf7503685a20d0efa02ea3f2a0052eb98c34032bcc708db518f4e59efad"
"results\neural_networks_submission\configs\seq_cifar10__sym60__gate_loss__seed0.json","C:\work\reliability-gated-replay\results\neural_networks_submission\configs\seq_cifar10__sym60__gate_loss__seed0.json","original_results","688","2026-07-03T19:11:39.6372164Z","aeffa6262d02b66a9f04983f4a28d902b04f481353b7587f69d0dc8b23d10f80"
"results\neural_networks_submission\configs\seq_cifar10__sym60__gate_loss__seed1.json","C:\work\reliability-gated-replay\results\neural_networks_submission\configs\seq_cifar10__sym60__gate_loss__seed1.json","original_results","688","2026-07-03T19:11:39.6372164Z","37d7e516313260c538474fde8d59a4ff27ddd17a75dfa25ca39dcdb0606ca879"
"results\neural_networks_submission\configs\seq_cifar10__sym60__gate_loss__seed2.json","C:\work\reliability-gated-replay\results\neural_networks_submission\configs\seq_cifar10__sym60__gate_loss__seed2.json","original_results","688","2026-07-03T19:11:39.6372164Z","1983c90cc7e0c392c8a34d277065ddc2e430ac29d5a658f8c15924611e4062a6"
"results\neural_networks_submission\configs\seq_cifar10__sym60__gate_loss__seed3.json","C:\work\reliability-gated-replay\results\neural_networks_submission\configs\seq_cifar10__sym60__gate_loss__seed3.json","original_results","688","2026-07-03T19:11:39.6546111Z","db7b448151270340eec6e6ecffb0149ff1b9c81b51e6fd7ca82b73bbc13aff9a"
"results\neural_networks_submission\configs\seq_cifar10__sym60__gate_loss__seed4.json","C:\work\reliability-gated-replay\results\neural_networks_submission\configs\seq_cifar10__sym60__gate_loss__seed4.json","original_results","688","2026-07-03T19:11:39.6546111Z","7e3d48f6b854c66aa62aa31285fe3d2e73857a157546b96e78a4ee0a3c2ac10c"
"results\neural_networks_submission\configs\seq_cifar10__sym60__oracle__seed0.json","C:\work\reliability-gated-replay\results\neural_networks_submission\configs\seq_cifar10__sym60__oracle__seed0.json","original_results","560","2026-07-03T19:11:39.6546111Z","896aa225e9f761cd193208a5eaee5ba955e79835033d9a9a224cc995d4764689"
"results\neural_networks_submission\configs\seq_cifar10__sym60__oracle__seed1.json","C:\work\reliability-gated-replay\results\neural_networks_submission\configs\seq_cifar10__sym60__oracle__seed1.json","original_results","560","2026-07-03T19:11:39.6710267Z","1af9704d95d70bc3b81b9b9066514ca53a141d9d5ad339e47a6f7a53108121ce"
"results\neural_networks_submission\configs\seq_cifar10__sym60__oracle__seed2.json","C:\work\reliability-gated-replay\results\neural_networks_submission\configs\seq_cifar10__sym60__oracle__seed2.json","original_results","560","2026-07-03T19:11:39.6710267Z","4f0e20d7fb5a3732805248119c77ed28f90289f83a42867846a6b103c3e370c2"
"results\neural_networks_submission\configs\seq_cifar10__sym60__oracle__seed3.json","C:\work\reliability-gated-replay\results\neural_networks_submission\configs\seq_cifar10__sym60__oracle__seed3.json","original_results","560","2026-07-03T19:11:39.6710267Z","f81787cfb423b8d2eb35deaee770ccdbf137a42b0501f5eb95327af7acb61ce5"
"results\neural_networks_submission\configs\seq_cifar10__sym60__oracle__seed4.json","C:\work\reliability-gated-replay\results\neural_networks_submission\configs\seq_cifar10__sym60__oracle__seed4.json","original_results","560","2026-07-03T19:11:39.6886180Z","cb9b82af729e4d78671536fe542caf8af3a907517f5bebf88d2b9f58ac97eecc"
"results\neural_networks_submission\configs\seq_cifar100__sym20__derpp__seed0.json","C:\work\reliability-gated-replay\results\neural_networks_submission\configs\seq_cifar100__sym20__derpp__seed0.json","original_results","549","2026-07-03T19:11:39.1005872Z","ce57f98a4f97a7dc6a7711cd39085aadfeefcb0f6b9bc49823174f983bbb6075"
"results\neural_networks_submission\configs\seq_cifar100__sym20__derpp__seed1.json","C:\work\reliability-gated-replay\results\neural_networks_submission\configs\seq_cifar100__sym20__derpp__seed1.json","original_results","549","2026-07-03T19:11:39.1005872Z","540a3b7db8a86c7ed9834a0db14367d739564b432a9e7ae0aa8c8cd1f0bc0efb"
"results\neural_networks_submission\configs\seq_cifar100__sym20__derpp__seed2.json","C:\work\reliability-gated-replay\results\neural_networks_submission\configs\seq_cifar100__sym20__derpp__seed2.json","original_results","549","2026-07-03T19:11:39.1163759Z","08c059e16531584844bf944ca0272c775a720b69ef1a35b1ce3a4b19a791e4e5"
"results\neural_networks_submission\configs\seq_cifar100__sym20__er__seed0.json","C:\work\reliability-gated-replay\results\neural_networks_submission\configs\seq_cifar100__sym20__er__seed0.json","original_results","515","2026-07-03T19:11:39.1163759Z","f2c6545b9209aea6b4cf2d4cc8b17996821dc5475d772f3594ff67f6182105af"
"results\neural_networks_submission\configs\seq_cifar100__sym20__er__seed1.json","C:\work\reliability-gated-replay\results\neural_networks_submission\configs\seq_cifar100__sym20__er__seed1.json","original_results","515","2026-07-03T19:11:39.1163759Z","e74c4fdc4ebafe15f9440d2bed171369faa732aa559125e3c2eff0cb311db85f"
"results\neural_networks_submission\configs\seq_cifar100__sym20__er__seed2.json","C:\work\reliability-gated-replay\results\neural_networks_submission\configs\seq_cifar100__sym20__er__seed2.json","original_results","515","2026-07-03T19:11:39.1337224Z","567acd5acf0325c562db47dbb3c3582415af9c4c62f566afb1bc4d8ac1ee1e8a"
"results\neural_networks_submission\configs\seq_cifar100__sym20__gate_conf__seed0.json","C:\work\reliability-gated-replay\results\neural_networks_submission\configs\seq_cifar100__sym20__gate_conf__seed0.json","original_results","662","2026-07-03T19:11:39.1337224Z","a38bf48e7c8319fc4222302ccb810e5d2db0aa9f9e21f761d7ca938ea5ab9f2f"
"results\neural_networks_submission\configs\seq_cifar100__sym20__gate_conf__seed1.json","C:\work\reliability-gated-replay\results\neural_networks_submission\configs\seq_cifar100__sym20__gate_conf__seed1.json","original_results","662","2026-07-03T19:11:39.1337224Z","74736e9f759a48213a75d68ec4f117dc14e2798969a1fade075f024593496e08"
"results\neural_networks_submission\configs\seq_cifar100__sym20__gate_conf__seed2.json","C:\work\reliability-gated-replay\results\neural_networks_submission\configs\seq_cifar100__sym20__gate_conf__seed2.json","original_results","662","2026-07-03T19:11:39.1481051Z","7de60fc5423abe4b0c9ce33dacca2eaa670c5a31df8cfb1fb98d24ac3f96c87d"
"results\neural_networks_submission\configs\seq_cifar100__sym20__gate_loss__seed0.json","C:\work\reliability-gated-replay\results\neural_networks_submission\configs\seq_cifar100__sym20__gate_loss__seed0.json","original_results","669","2026-07-03T19:11:39.1481051Z","c807e56385ef70416b63758da5563b5112fb551f4d55a269d7715a275d1e995f"
"results\neural_networks_submission\configs\seq_cifar100__sym20__gate_loss__seed1.json","C:\work\reliability-gated-replay\results\neural_networks_submission\configs\seq_cifar100__sym20__gate_loss__seed1.json","original_results","669","2026-07-03T19:11:39.1481051Z","a80348ca16e63dc5270513b983c3994ee64a5e23c45d90ccd39e986b66903847"
"results\neural_networks_submission\configs\seq_cifar100__sym20__gate_loss__seed2.json","C:\work\reliability-gated-replay\results\neural_networks_submission\configs\seq_cifar100__sym20__gate_loss__seed2.json","original_results","669","2026-07-03T19:11:39.1672616Z","98aeb6092ed86cf323b9f38e6fc306fb2aa4f657da0c16cb060949e4063781c4"
"results\neural_networks_submission\configs\seq_cifar100__sym20__oracle__seed0.json","C:\work\reliability-gated-replay\results\neural_networks_submission\configs\seq_cifar100__sym20__oracle__seed0.json","original_results","541","2026-07-03T19:11:39.1742860Z","863b1f2346dc8c132d359d574e1041449589a8c0119aa3f5648c70b6c50fcc59"
"results\neural_networks_submission\configs\seq_cifar100__sym20__oracle__seed1.json","C:\work\reliability-gated-replay\results\neural_networks_submission\configs\seq_cifar100__sym20__oracle__seed1.json","original_results","541","2026-07-03T19:11:39.1810263Z","480e5ad60d9e22cc4516717876cc97bcd592f598ad3f50fd671029eb51554f1f"
"results\neural_networks_submission\configs\seq_cifar100__sym20__oracle__seed2.json","C:\work\reliability-gated-replay\results\neural_networks_submission\configs\seq_cifar100__sym20__oracle__seed2.json","original_results","541","2026-07-03T19:11:39.1860299Z","12e1a9075cf3a4dc8c6636cf1c139045c7c158af098c8ec62ac2e0a8af9b739b"
"results\neural_networks_submission\configs\seq_cifar100__sym60__derpp__seed0.json","C:\work\reliability-gated-replay\results\neural_networks_submission\configs\seq_cifar100__sym60__derpp__seed0.json","original_results","549","2026-07-03T19:11:39.1920267Z","3906e2be29f569c57862ab5a396f8705df16d733c8ad1e82e2420cf73abc4d60"
"results\neural_networks_submission\configs\seq_cifar100__sym60__derpp__seed1.json","C:\work\reliability-gated-replay\results\neural_networks_submission\configs\seq_cifar100__sym60__derpp__seed1.json","original_results","549","2026-07-03T19:11:39.1971410Z","9e33c6a8ba72a42a5972ebea523f2478562b46ceeb95845969687228cfd46a6d"
"results\neural_networks_submission\configs\seq_cifar100__sym60__derpp__seed2.json","C:\work\reliability-gated-replay\results\neural_networks_submission\configs\seq_cifar100__sym60__derpp__seed2.json","original_results","549","2026-07-03T19:11:39.2021395Z","7ed01da4a6b926be6adcbdb5428116ba3f881592478ee39caf6a82458d228ee3"
"results\neural_networks_submission\configs\seq_cifar100__sym60__er__seed0.json","C:\work\reliability-gated-replay\results\neural_networks_submission\configs\seq_cifar100__sym60__er__seed0.json","original_results","515","2026-07-03T19:11:39.2091481Z","5aa3dc0a9a2762a056ab37ad7926993e4826bd6455b81a3726194cf1832a4c53"
"results\neural_networks_submission\configs\seq_cifar100__sym60__er__seed1.json","C:\work\reliability-gated-replay\results\neural_networks_submission\configs\seq_cifar100__sym60__er__seed1.json","original_results","515","2026-07-03T19:11:39.2091481Z","9f4282576c8da34b611be7e5f06ffcd34aa732ba5e145ff7fb2d1b59df14bf1f"
"results\neural_networks_submission\configs\seq_cifar100__sym60__er__seed2.json","C:\work\reliability-gated-replay\results\neural_networks_submission\configs\seq_cifar100__sym60__er__seed2.json","original_results","515","2026-07-03T19:11:39.2204214Z","1f9be5d2e6200b00f74899f776427b2d8e227c1664d9efef201bf27632c282cd"
"results\neural_networks_submission\configs\seq_cifar100__sym60__gate_conf__seed0.json","C:\work\reliability-gated-replay\results\neural_networks_submission\configs\seq_cifar100__sym60__gate_conf__seed0.json","original_results","662","2026-07-03T19:11:39.2249508Z","808ce9baf951431a967fd16a0f8dedd1fe35752d4ab2237e4589b53173778702"
"results\neural_networks_submission\configs\seq_cifar100__sym60__gate_conf__seed1.json","C:\work\reliability-gated-replay\results\neural_networks_submission\configs\seq_cifar100__sym60__gate_conf__seed1.json","original_results","662","2026-07-03T19:11:39.2249508Z","e235e2449bc1bc2f327374d8f4113d876359e809e97651207aca814a75141323"
"results\neural_networks_submission\configs\seq_cifar100__sym60__gate_conf__seed2.json","C:\work\reliability-gated-replay\results\neural_networks_submission\configs\seq_cifar100__sym60__gate_conf__seed2.json","original_results","662","2026-07-03T19:11:39.2325299Z","2f335e84fc2f9e88a423f704e6ee51054c503093cacb3f465fff63788151c25f"
"results\neural_networks_submission\configs\seq_cifar100__sym60__gate_loss__seed0.json","C:\work\reliability-gated-replay\results\neural_networks_submission\configs\seq_cifar100__sym60__gate_loss__seed0.json","original_results","669","2026-07-03T19:11:39.2376160Z","3b24c57a6dfcbadacd2f8edc4602e78549ec3cc08b914134131a8c63bdfbf09d"
"results\neural_networks_submission\configs\seq_cifar100__sym60__gate_loss__seed1.json","C:\work\reliability-gated-replay\results\neural_networks_submission\configs\seq_cifar100__sym60__gate_loss__seed1.json","original_results","669","2026-07-03T19:11:39.2376160Z","f2a841e2146a07d77ebafed455f8c59760be41bcc49df89c1504b8f8ae912a77"
"results\neural_networks_submission\configs\seq_cifar100__sym60__gate_loss__seed2.json","C:\work\reliability-gated-replay\results\neural_networks_submission\configs\seq_cifar100__sym60__gate_loss__seed2.json","original_results","669","2026-07-03T19:11:39.2376160Z","2cdc21e2a1706e08eaa87d85b93eeb8de88327438152e1b7b7fef28961463013"
"results\neural_networks_submission\configs\seq_cifar100__sym60__oracle__seed0.json","C:\work\reliability-gated-replay\results\neural_networks_submission\configs\seq_cifar100__sym60__oracle__seed0.json","original_results","541","2026-07-03T19:11:39.2575933Z","69f67996dcee0ac65fd86242bc354cf488b9fd85bd393a1f0fa23015898fc33a"
"results\neural_networks_submission\configs\seq_cifar100__sym60__oracle__seed1.json","C:\work\reliability-gated-replay\results\neural_networks_submission\configs\seq_cifar100__sym60__oracle__seed1.json","original_results","541","2026-07-03T19:11:39.2575933Z","c6cd0153bc24c1c3d666dab9436c0491cc2a8fc9e5899b1016ae6e044f5d74df"
"results\neural_networks_submission\configs\seq_cifar100__sym60__oracle__seed2.json","C:\work\reliability-gated-replay\results\neural_networks_submission\configs\seq_cifar100__sym60__oracle__seed2.json","original_results","541","2026-07-03T19:11:39.2692691Z","d1a9930d56e76e922565d8e3d81ac00673a378d53bf5b9b91f3f2c467d6766e5"
"results\neural_networks_submission\configs\split_cifar10__asym40__derpp__seed0.json","C:\work\reliability-gated-replay\results\neural_networks_submission\configs\split_cifar10__asym40__derpp__seed0.json","original_results","568","2026-07-03T19:11:39.6936189Z","6305764a0c6eec0cd1ee419269b393761de66d25c6948906d3cedd107a32cd51"
"results\neural_networks_submission\configs\split_cifar10__asym40__derpp__seed1.json","C:\work\reliability-gated-replay\results\neural_networks_submission\configs\split_cifar10__asym40__derpp__seed1.json","original_results","568","2026-07-03T19:11:39.6936189Z","73d7b1db9a8747d89d0b3c70d7eb3393228c35716b38970e568f08b279be4a0e"
"results\neural_networks_submission\configs\split_cifar10__asym40__derpp__seed2.json","C:\work\reliability-gated-replay\results\neural_networks_submission\configs\split_cifar10__asym40__derpp__seed2.json","original_results","568","2026-07-03T19:11:39.6936189Z","8de74f5e5d5a3fa8c95a90ba1ba76771ecf73dc6478d349e22c8d97153565ad7"
"results\neural_networks_submission\configs\split_cifar10__asym40__derpp__seed3.json","C:\work\reliability-gated-replay\results\neural_networks_submission\configs\split_cifar10__asym40__derpp__seed3.json","original_results","568","2026-07-03T19:11:39.7093370Z","e831c902cfe30434997ed148d012c17bd361f40320d61bb03456feb3d696c999"
"results\neural_networks_submission\configs\split_cifar10__asym40__derpp__seed4.json","C:\work\reliability-gated-replay\results\neural_networks_submission\configs\split_cifar10__asym40__derpp__seed4.json","original_results","568","2026-07-03T19:11:39.7093370Z","4de1aae78cf2717199fc3740ecb8ed34a31b0c1f06a83964fafe512faed9abc4"
"results\neural_networks_submission\configs\split_cifar10__asym40__er__seed0.json","C:\work\reliability-gated-replay\results\neural_networks_submission\configs\split_cifar10__asym40__er__seed0.json","original_results","534","2026-07-03T19:11:39.7093370Z","581c97db6164f9b04f7d61232b06cacc4e5a10ebe722e78ec4c93735906ee13d"
"results\neural_networks_submission\configs\split_cifar10__asym40__er__seed1.json","C:\work\reliability-gated-replay\results\neural_networks_submission\configs\split_cifar10__asym40__er__seed1.json","original_results","534","2026-07-03T19:11:39.7251912Z","7dcee492fce7fcfe1d6ada6a528eec47bc370ad153a313feedfdea9fe8d66ad9"
"results\neural_networks_submission\configs\split_cifar10__asym40__er__seed2.json","C:\work\reliability-gated-replay\results\neural_networks_submission\configs\split_cifar10__asym40__er__seed2.json","original_results","534","2026-07-03T19:11:39.7328310Z","61e0e542d47b73f65898721c576ba588b218eac654e5ab191552b51c247b1cd8"
"results\neural_networks_submission\configs\split_cifar10__asym40__er__seed3.json","C:\work\reliability-gated-replay\results\neural_networks_submission\configs\split_cifar10__asym40__er__seed3.json","original_results","534","2026-07-03T19:11:39.7328310Z","41fc02e7ba9e42a49553bc54dd377cc7f08eb047475fdcd9846ccc09a4ff459b"
"results\neural_networks_submission\configs\split_cifar10__asym40__er__seed4.json","C:\work\reliability-gated-replay\results\neural_networks_submission\configs\split_cifar10__asym40__er__seed4.json","original_results","534","2026-07-03T19:11:39.7412041Z","822804ba8ff510ab4fffb28849bf156cf6d77a64bd2d47ea27c5f9b5df6afc0f"
"results\neural_networks_submission\configs\split_cifar10__asym40__gate_conf__seed0.json","C:\work\reliability-gated-replay\results\neural_networks_submission\configs\split_cifar10__asym40__gate_conf__seed0.json","original_results","681","2026-07-03T19:11:39.7412041Z","38ea3dcc22d8125024984a46af8695c98ee0f3b22e5b2ae818da405337e522f6"
"results\neural_networks_submission\configs\split_cifar10__asym40__gate_conf__seed1.json","C:\work\reliability-gated-replay\results\neural_networks_submission\configs\split_cifar10__asym40__gate_conf__seed1.json","original_results","681","2026-07-03T19:11:39.7540194Z","6737c3a75b6aec504fbffaf67454182d0955d2cd39fdc2eccc1d08877790f59c"
"results\neural_networks_submission\configs\split_cifar10__asym40__gate_conf__seed2.json","C:\work\reliability-gated-replay\results\neural_networks_submission\configs\split_cifar10__asym40__gate_conf__seed2.json","original_results","681","2026-07-03T19:11:39.7540194Z","d726e70c7bd81be80d9399bbd92245a6470837c05be52ea95ad8c7ca39e378d5"
"results\neural_networks_submission\configs\split_cifar10__asym40__gate_conf__seed3.json","C:\work\reliability-gated-replay\results\neural_networks_submission\configs\split_cifar10__asym40__gate_conf__seed3.json","original_results","681","2026-07-03T19:11:39.7540194Z","c1d81bd4fe9fb630c9e2262508d20d2a1e7486dcd06ea2a0267abaa25d73b5b5"
"results\neural_networks_submission\configs\split_cifar10__asym40__gate_conf__seed4.json","C:\work\reliability-gated-replay\results\neural_networks_submission\configs\split_cifar10__asym40__gate_conf__seed4.json","original_results","681","2026-07-03T19:11:39.7692979Z","647df97a7f8df2f96097c69d373772cb83c197f92b1219db060386f0a0839d53"
"results\neural_networks_submission\configs\split_cifar10__asym40__gate_loss__seed0.json","C:\work\reliability-gated-replay\results\neural_networks_submission\configs\split_cifar10__asym40__gate_loss__seed0.json","original_results","688","2026-07-03T19:11:39.7742768Z","214ac3de1d3c37c5c0300e8d5624a489bbf45ac61e5ada8fc2ca6d0ebcfd1006"
"results\neural_networks_submission\configs\split_cifar10__asym40__gate_loss__seed1.json","C:\work\reliability-gated-replay\results\neural_networks_submission\configs\split_cifar10__asym40__gate_loss__seed1.json","original_results","688","2026-07-03T19:11:39.7803075Z","b4cfc23f6896e6c0a664dc9901c4860b884d3ecdb10dbc646e491c4d230b69e0"
"results\neural_networks_submission\configs\split_cifar10__asym40__gate_loss__seed2.json","C:\work\reliability-gated-replay\results\neural_networks_submission\configs\split_cifar10__asym40__gate_loss__seed2.json","original_results","688","2026-07-03T19:11:39.7866130Z","caf883c6bae59e3142e1b5121d2ed244d34230d5d0c0ea8be7dba4f63d446000"
"results\neural_networks_submission\configs\split_cifar10__asym40__gate_loss__seed3.json","C:\work\reliability-gated-replay\results\neural_networks_submission\configs\split_cifar10__asym40__gate_loss__seed3.json","original_results","688","2026-07-03T19:11:39.7914105Z","5e212df9bc169367e429f6d092c511b3c63d4618c70cf4b074cb1e1d1e176acc"
"results\neural_networks_submission\configs\split_cifar10__asym40__gate_loss__seed4.json","C:\work\reliability-gated-replay\results\neural_networks_submission\configs\split_cifar10__asym40__gate_loss__seed4.json","original_results","688","2026-07-03T19:11:39.7974119Z","6cc0fe3592bfcb57861a1fc93db954102ee611037c52f5289f7c76bb089ce7b0"
"results\neural_networks_submission\configs\split_cifar10__asym40__oracle__seed0.json","C:\work\reliability-gated-replay\results\neural_networks_submission\configs\split_cifar10__asym40__oracle__seed0.json","original_results","560","2026-07-03T19:11:39.8024092Z","ecac39f4cb8eeefed17fa8b9a431659e3400d7167a6d510d2d1f071a913f13d9"
"results\neural_networks_submission\configs\split_cifar10__asym40__oracle__seed1.json","C:\work\reliability-gated-replay\results\neural_networks_submission\configs\split_cifar10__asym40__oracle__seed1.json","original_results","560","2026-07-03T19:11:39.8104119Z","301651bfdc2e5e07df7f768f25204b4560717c75f1722bdd4421d18ff4ff8597"
"results\neural_networks_submission\configs\split_cifar10__asym40__oracle__seed2.json","C:\work\reliability-gated-replay\results\neural_networks_submission\configs\split_cifar10__asym40__oracle__seed2.json","original_results","560","2026-07-03T19:11:39.8154134Z","c3b122ebb33b9fff2835ed74bad399d7b08885062376d037b09add114c05b891"
"results\neural_networks_submission\configs\split_cifar10__asym40__oracle__seed3.json","C:\work\reliability-gated-replay\results\neural_networks_submission\configs\split_cifar10__asym40__oracle__seed3.json","original_results","560","2026-07-03T19:11:39.8206738Z","37ab6e16e7e55b64154352bf20c52f99f0ce2aa38894edeb957ac701760c45dc"
"results\neural_networks_submission\configs\split_cifar10__asym40__oracle__seed4.json","C:\work\reliability-gated-replay\results\neural_networks_submission\configs\split_cifar10__asym40__oracle__seed4.json","original_results","560","2026-07-03T19:11:39.8266837Z","dcaf805a5901847733d072fc938b7eb71557e070d15dd4976835a93389f072aa"
"results\neural_networks_submission\configs\split_cifar10__clean__derpp__seed0.json","C:\work\reliability-gated-replay\results\neural_networks_submission\configs\split_cifar10__clean__derpp__seed0.json","original_results","599","2026-07-05T15:45:12.1735862Z","f58908e2f419b34921d74aef015bab4566ebe895590eb3e0de157294a8ee78b8"
"results\neural_networks_submission\configs\split_cifar10__clean__derpp__seed1.json","C:\work\reliability-gated-replay\results\neural_networks_submission\configs\split_cifar10__clean__derpp__seed1.json","original_results","599","2026-07-05T15:47:04.6087273Z","168f9b6839e1938dda456fe608c3c751d63d020f87f9627086187762579fb7c9"
"results\neural_networks_submission\configs\split_cifar10__clean__derpp__seed2.json","C:\work\reliability-gated-replay\results\neural_networks_submission\configs\split_cifar10__clean__derpp__seed2.json","original_results","599","2026-07-05T15:48:56.4306400Z","90bfe633c515b3b87a65e41865700a874313a342a9a44f422845ef0a38fa7c49"
"results\neural_networks_submission\configs\split_cifar10__clean__derpp__seed3.json","C:\work\reliability-gated-replay\results\neural_networks_submission\configs\split_cifar10__clean__derpp__seed3.json","original_results","599","2026-07-05T15:50:48.2541580Z","0ac995a50a875523ed655b469bc71324a1ea5a94d94072c6dd0efb6997f4d0cf"
"results\neural_networks_submission\configs\split_cifar10__clean__derpp__seed4.json","C:\work\reliability-gated-replay\results\neural_networks_submission\configs\split_cifar10__clean__derpp__seed4.json","original_results","599","2026-07-05T15:52:39.3740693Z","dc7f40314927720048dd6a7fd7e8fb207b9f80ca56b5665a926dc30c2a127362"
"results\neural_networks_submission\configs\split_cifar10__clean__er__seed0.json","C:\work\reliability-gated-replay\results\neural_networks_submission\configs\split_cifar10__clean__er__seed0.json","original_results","563","2026-07-05T15:36:46.0352287Z","385e35931a38fca86a91950bfb9c705d1ad571bcc1368f580c1934276570a6b1"
"results\neural_networks_submission\configs\split_cifar10__clean__er__seed1.json","C:\work\reliability-gated-replay\results\neural_networks_submission\configs\split_cifar10__clean__er__seed1.json","original_results","563","2026-07-05T15:38:20.0110915Z","a42ccf2334cdd1e58b2bb071c447a958e477fbc2e83e5aa7dff3a056cd3d8c2d"
"results\neural_networks_submission\configs\split_cifar10__clean__er__seed2.json","C:\work\reliability-gated-replay\results\neural_networks_submission\configs\split_cifar10__clean__er__seed2.json","original_results","563","2026-07-05T15:39:58.2154109Z","46c69c1debcc2cd0c4f55be5ff3a505f41bbc925165c8416d80bdb58462ef09d"
"results\neural_networks_submission\configs\split_cifar10__clean__er__seed3.json","C:\work\reliability-gated-replay\results\neural_networks_submission\configs\split_cifar10__clean__er__seed3.json","original_results","563","2026-07-05T15:41:38.7376750Z","8bd4e54b536b71d108e2dd31fe9f4dbaf6e9e83c5298746a949a0172cd13ebc5"
"results\neural_networks_submission\configs\split_cifar10__clean__er__seed4.json","C:\work\reliability-gated-replay\results\neural_networks_submission\configs\split_cifar10__clean__er__seed4.json","original_results","563","2026-07-05T15:43:19.8031061Z","5d787ee1ea37fc9b14ceefa8ce1f7b7ca56ba0836fcbb94627f201d7594e70fa"
"results\neural_networks_submission\configs\split_cifar10__clean__er_ace__seed0.json","C:\work\reliability-gated-replay\results\neural_networks_submission\configs\split_cifar10__clean__er_ace__seed0.json","original_results","563","2026-07-05T15:54:17.8184649Z","619caefeacc235f166a42719aff3dd18b480f9182c2bb728e6d230e8f41d27d7"
"results\neural_networks_submission\configs\split_cifar10__clean__er_ace__seed1.json","C:\work\reliability-gated-replay\results\neural_networks_submission\configs\split_cifar10__clean__er_ace__seed1.json","original_results","563","2026-07-05T15:56:06.4024194Z","08b1a5f58ad23e20492d999af3daf3f1eea1e0be302628a2a1a57dfb04fd045d"
"results\neural_networks_submission\configs\split_cifar10__clean__er_ace__seed2.json","C:\work\reliability-gated-replay\results\neural_networks_submission\configs\split_cifar10__clean__er_ace__seed2.json","original_results","563","2026-07-05T15:57:54.8367401Z","f85a9755bf8cc36c03cbfc9c9f77165af486a55140123f6f8bf6caf2778c33d5"
"results\neural_networks_submission\configs\split_cifar10__clean__er_ace__seed3.json","C:\work\reliability-gated-replay\results\neural_networks_submission\configs\split_cifar10__clean__er_ace__seed3.json","original_results","563","2026-07-05T15:59:32.7177545Z","452e2741b4aff4fb8012b450995e73378ddfd4fe5c7636fc3cd73d17084647df"
"results\neural_networks_submission\configs\split_cifar10__clean__er_ace__seed4.json","C:\work\reliability-gated-replay\results\neural_networks_submission\configs\split_cifar10__clean__er_ace__seed4.json","original_results","563","2026-07-05T16:01:06.7065961Z","b61dda3c46279ce3b43518baa1b136925e42c077b288f6e7b1f34227f22a8a57"
"results\neural_networks_submission\configs\split_cifar10__clean__gate_conf__seed0.json","C:\work\reliability-gated-replay\results\neural_networks_submission\configs\split_cifar10__clean__gate_conf__seed0.json","original_results","717","2026-07-05T22:46:42.9912282Z","2821b787ddef546c455ddfa3a1b85984503ed4ec131d52bde3bba7f96280819a"
"results\neural_networks_submission\configs\split_cifar10__clean__gate_conf__seed1.json","C:\work\reliability-gated-replay\results\neural_networks_submission\configs\split_cifar10__clean__gate_conf__seed1.json","original_results","717","2026-07-05T22:49:47.6710765Z","b7d950be2a69eeb5854236c8e7cc015d4f4218c1455b643237b2ad05a437bfbc"
"results\neural_networks_submission\configs\split_cifar10__clean__gate_conf__seed2.json","C:\work\reliability-gated-replay\results\neural_networks_submission\configs\split_cifar10__clean__gate_conf__seed2.json","original_results","717","2026-07-05T22:52:50.1279659Z","2b1ad1927524ab6a73f8f627dbeed61f8b0dbff864b60dc391569a545c902f96"
"results\neural_networks_submission\configs\split_cifar10__clean__gate_loss__seed0.json","C:\work\reliability-gated-replay\results\neural_networks_submission\configs\split_cifar10__clean__gate_loss__seed0.json","original_results","724","2026-07-05T22:37:20.4413959Z","79e90a06aae8d51ae8953d631adffb6fd995fb982f3bcb8df80a633c344cc329"
"results\neural_networks_submission\configs\split_cifar10__clean__gate_loss__seed1.json","C:\work\reliability-gated-replay\results\neural_networks_submission\configs\split_cifar10__clean__gate_loss__seed1.json","original_results","724","2026-07-05T22:40:26.8796287Z","57302b7f8c8dd52bc42bc515a8111a2882a90321a12c00a54749020b0148b378"
"results\neural_networks_submission\configs\split_cifar10__clean__gate_loss__seed2.json","C:\work\reliability-gated-replay\results\neural_networks_submission\configs\split_cifar10__clean__gate_loss__seed2.json","original_results","724","2026-07-05T22:43:35.2461478Z","3a66941496d8d63f04a68be8779371ae6fb1d828feae6c35cb1d575abe44f28d"
"results\neural_networks_submission\configs\split_cifar10__clean__irgr__seed0.json","C:\work\reliability-gated-replay\results\neural_networks_submission\configs\split_cifar10__clean__irgr__seed0.json","original_results","618","2026-07-05T23:16:12.7413227Z","b01978afd7c971c48cd951ce1b14e6de61396c3a82d314ebb3b364113a2daece"
"results\neural_networks_submission\configs\split_cifar10__clean__irgr__seed1.json","C:\work\reliability-gated-replay\results\neural_networks_submission\configs\split_cifar10__clean__irgr__seed1.json","original_results","618","2026-07-05T23:18:42.0608013Z","c43757c88535cfdb6d90b1741ca0178d7a0bacdcb5e9ae39143e8064ed22cf3b"
"results\neural_networks_submission\configs\split_cifar10__clean__irgr__seed2.json","C:\work\reliability-gated-replay\results\neural_networks_submission\configs\split_cifar10__clean__irgr__seed2.json","original_results","618","2026-07-05T23:21:10.2575313Z","2e0e817ef9b3906a865515986b65b29602ae4881151cb96736a0fe284d6eff34"
"results\neural_networks_submission\configs\split_cifar10__clean__irgr__seed3.json","C:\work\reliability-gated-replay\results\neural_networks_submission\configs\split_cifar10__clean__irgr__seed3.json","original_results","618","2026-07-05T16:11:27.7461446Z","430da1ea99963a397a8a88bf1c5d7eed21d88e2200a015bf8bcdf9b0d6c3744b"
"results\neural_networks_submission\configs\split_cifar10__clean__irgr__seed4.json","C:\work\reliability-gated-replay\results\neural_networks_submission\configs\split_cifar10__clean__irgr__seed4.json","original_results","618","2026-07-05T16:14:07.7636421Z","54ed300a490d7f2ebf4dc9551bb81ba8dc20d61613082b9d274db8be91a0d4b6"
"results\neural_networks_submission\configs\split_cifar10__clean__irgr_derpp__seed0.json","C:\work\reliability-gated-replay\results\neural_networks_submission\configs\split_cifar10__clean__irgr_derpp__seed0.json","original_results","670","2026-07-05T23:23:35.7155750Z","61b0c0dc0527d8628c0f2fb72f0e6153a585b327b15e4a94de79ccb1b487d873"
"results\neural_networks_submission\configs\split_cifar10__clean__irgr_derpp__seed1.json","C:\work\reliability-gated-replay\results\neural_networks_submission\configs\split_cifar10__clean__irgr_derpp__seed1.json","original_results","670","2026-07-05T23:26:07.5195457Z","99b7ed50c9c7e9bcdd528ba78f532722a6a0c9dbcbb57296a7a1f098178edeee"
"results\neural_networks_submission\configs\split_cifar10__clean__irgr_derpp__seed2.json","C:\work\reliability-gated-replay\results\neural_networks_submission\configs\split_cifar10__clean__irgr_derpp__seed2.json","original_results","670","2026-07-05T23:28:37.9907806Z","90461760673ab2b0c8acb44e43ee0b082d122782784dd1881401985506b3c534"
"results\neural_networks_submission\configs\split_cifar10__clean__irgr_derpp__seed3.json","C:\work\reliability-gated-replay\results\neural_networks_submission\configs\split_cifar10__clean__irgr_derpp__seed3.json","original_results","670","2026-07-05T16:25:08.3627309Z","26dab4e08c895a265dd225f37afde3abeabbd3780c50ed7969ab566ac9dfe5df"
"results\neural_networks_submission\configs\split_cifar10__clean__irgr_derpp__seed4.json","C:\work\reliability-gated-replay\results\neural_networks_submission\configs\split_cifar10__clean__irgr_derpp__seed4.json","original_results","670","2026-07-05T16:29:48.1773822Z","3faa6ca838988b46b1d36a632a0e8ef4772bacd25b9836fbdd243ceccdb46359"
"results\neural_networks_submission\configs\split_cifar10__clean__irgr_er_ace__seed0.json","C:\work\reliability-gated-replay\results\neural_networks_submission\configs\split_cifar10__clean__irgr_er_ace__seed0.json","original_results","622","2026-07-05T23:31:06.8710031Z","79bc69c103014546eaccae911093c82f48a87bd43d8d7cc1dc469f07b6e138e7"
"results\neural_networks_submission\configs\split_cifar10__clean__irgr_er_ace__seed1.json","C:\work\reliability-gated-replay\results\neural_networks_submission\configs\split_cifar10__clean__irgr_er_ace__seed1.json","original_results","622","2026-07-05T23:33:32.6274447Z","1b7f1b5d20fc6653c63eb247e700c53e1fe6cbf376cad95a0ccb7c795c7c64f6"
"results\neural_networks_submission\configs\split_cifar10__clean__irgr_er_ace__seed2.json","C:\work\reliability-gated-replay\results\neural_networks_submission\configs\split_cifar10__clean__irgr_er_ace__seed2.json","original_results","622","2026-07-05T23:35:59.8501774Z","d1a27822fab945b71374b5761481169c03fe09d23f7a700bd03375b24aa2bf42"
"results\neural_networks_submission\configs\split_cifar10__clean__oracle__seed0.json","C:\work\reliability-gated-replay\results\neural_networks_submission\configs\split_cifar10__clean__oracle__seed0.json","original_results","590","2026-07-05T16:34:02.0084859Z","cebe328962db3b1d2364c6cefe132c60b7362cdc5b718702b1590998a6f81214"
"results\neural_networks_submission\configs\split_cifar10__clean__oracle__seed1.json","C:\work\reliability-gated-replay\results\neural_networks_submission\configs\split_cifar10__clean__oracle__seed1.json","original_results","590","2026-07-05T16:38:14.3619478Z","32622fcfe787efc4d8114a02975219fbeb74e5f76d7fc5fac8bf00b3428e07e1"
"results\neural_networks_submission\configs\split_cifar10__clean__oracle__seed2.json","C:\work\reliability-gated-replay\results\neural_networks_submission\configs\split_cifar10__clean__oracle__seed2.json","original_results","590","2026-07-05T16:42:53.1211024Z","b07bb6b364261a3f7bd3e492730bfc16fb021df013442023367ae6c58fcfb739"
"results\neural_networks_submission\configs\split_cifar10__clean__oracle__seed3.json","C:\work\reliability-gated-replay\results\neural_networks_submission\configs\split_cifar10__clean__oracle__seed3.json","original_results","590","2026-07-05T16:47:35.9171215Z","a2645d074a768b6b026ad7d11cc7e6e50ab139dfe328befb75dbdb63648415f3"
"results\neural_networks_submission\configs\split_cifar10__clean__oracle__seed4.json","C:\work\reliability-gated-replay\results\neural_networks_submission\configs\split_cifar10__clean__oracle__seed4.json","original_results","590","2026-07-05T16:51:48.1667764Z","1e917cef107293891a1a3afbb6ef568ad1c4afc11222177ab844dc4077d5df5e"
"results\neural_networks_submission\configs\split_cifar10__sym20__arc_full__seed0.json","C:\work\reliability-gated-replay\results\neural_networks_submission\configs\split_cifar10__sym20__arc_full__seed0.json","original_results","621","2026-07-03T19:40:41.3188747Z","9a97965363e89f6ad832a82660ffcbd16d55d259716538063823e94692ef7166"
"results\neural_networks_submission\configs\split_cifar10__sym20__arc_lite__seed0.json","C:\work\reliability-gated-replay\results\neural_networks_submission\configs\split_cifar10__sym20__arc_lite__seed0.json","original_results","621","2026-07-03T19:40:29.2289726Z","f2fc28cbda320e0156a752807ed926594b5bf0e18c0ae310b8ca2a9d82cdc238"
"results\neural_networks_submission\configs\split_cifar10__sym20__derpp__seed0.json","C:\work\reliability-gated-replay\results\neural_networks_submission\configs\split_cifar10__sym20__derpp__seed0.json","original_results","597","2026-07-05T23:42:57.9883385Z","71c122ca50af2efd233403222b9cab869dcafdc9543acd2c6efef5f03049ad17"
"results\neural_networks_submission\configs\split_cifar10__sym20__derpp__seed1.json","C:\work\reliability-gated-replay\results\neural_networks_submission\configs\split_cifar10__sym20__derpp__seed1.json","original_results","597","2026-07-05T23:44:47.9273687Z","1fa135867e0589d892826ed544e3af65c1d90ce1d4e930fe1166dd1f8f1273c7"
"results\neural_networks_submission\configs\split_cifar10__sym20__derpp__seed2.json","C:\work\reliability-gated-replay\results\neural_networks_submission\configs\split_cifar10__sym20__derpp__seed2.json","original_results","597","2026-07-05T23:46:36.9840282Z","36b637e030f5bb98ca7b0ebff6847ae5a13a3300823472c498683c8d803a4bcc"
"results\neural_networks_submission\configs\split_cifar10__sym20__derpp__seed3.json","C:\work\reliability-gated-replay\results\neural_networks_submission\configs\split_cifar10__sym20__derpp__seed3.json","original_results","567","2026-07-03T19:11:39.8351907Z","0bfa0c71cbf490db78f72b3f505abd55da088963c62885b51b412b0f2942573c"
"results\neural_networks_submission\configs\split_cifar10__sym20__derpp__seed4.json","C:\work\reliability-gated-replay\results\neural_networks_submission\configs\split_cifar10__sym20__derpp__seed4.json","original_results","567","2026-07-03T19:11:39.8508867Z","f09a0a150dc1df02ca3fd7a1e5ee981d4e28ee390271cccbd800a5aa52c8e932"
"results\neural_networks_submission\configs\split_cifar10__sym20__er__seed0.json","C:\work\reliability-gated-replay\results\neural_networks_submission\configs\split_cifar10__sym20__er__seed0.json","original_results","561","2026-07-05T23:37:50.1370038Z","8a128f0041daa6dc6345eb16e9130b29d507f666f0fb0ba192e9c3b6de5fe82c"
"results\neural_networks_submission\configs\split_cifar10__sym20__er__seed1.json","C:\work\reliability-gated-replay\results\neural_networks_submission\configs\split_cifar10__sym20__er__seed1.json","original_results","561","2026-07-05T23:39:30.0526285Z","c74856deeda9a7078c68c627a0ef73391bf43710462b0ea4ed733718862a3a50"
"results\neural_networks_submission\configs\split_cifar10__sym20__er__seed2.json","C:\work\reliability-gated-replay\results\neural_networks_submission\configs\split_cifar10__sym20__er__seed2.json","original_results","561","2026-07-05T23:41:08.3019866Z","f158312f1f2dcf73dce327d3cad50d921dfb1980d26b8ee6284070be390195fe"
"results\neural_networks_submission\configs\split_cifar10__sym20__er__seed3.json","C:\work\reliability-gated-replay\results\neural_networks_submission\configs\split_cifar10__sym20__er__seed3.json","original_results","533","2026-07-03T19:11:39.8671955Z","1bf8be4d7e80bf834d6d45079457158a8772a13722b2621d59a8a68cf5dfc858"
"results\neural_networks_submission\configs\split_cifar10__sym20__er__seed4.json","C:\work\reliability-gated-replay\results\neural_networks_submission\configs\split_cifar10__sym20__er__seed4.json","original_results","533","2026-07-03T19:11:39.8671955Z","b1a75ae12d23be5ce20eb42f1458b02b241275c79250d4261552a5be2ed6c4f5"
"results\neural_networks_submission\configs\split_cifar10__sym20__er_ace__seed0.json","C:\work\reliability-gated-replay\results\neural_networks_submission\configs\split_cifar10__sym20__er_ace__seed0.json","original_results","561","2026-07-05T23:48:11.8170154Z","c17d805abfa64acc270ff3886f3bc250f7087a06887d9b5b7f57b71cbf0ec3a1"
"results\neural_networks_submission\configs\split_cifar10__sym20__er_ace__seed1.json","C:\work\reliability-gated-replay\results\neural_networks_submission\configs\split_cifar10__sym20__er_ace__seed1.json","original_results","561","2026-07-05T23:49:42.3499861Z","9f21fd4b927e1a4f0be367aafbefa6f573ad3ed00a9895ddc2c93b0242c6188a"
"results\neural_networks_submission\configs\split_cifar10__sym20__er_ace__seed2.json","C:\work\reliability-gated-replay\results\neural_networks_submission\configs\split_cifar10__sym20__er_ace__seed2.json","original_results","561","2026-07-05T23:51:17.2902317Z","e39d66c254c46cb0f7901f27d3e4f966dea6c81ca0c4bdb8228e4ba8f87865d8"
"results\neural_networks_submission\configs\split_cifar10__sym20__gate_conf__seed0.json","C:\work\reliability-gated-replay\results\neural_networks_submission\configs\split_cifar10__sym20__gate_conf__seed0.json","original_results","715","2026-07-05T23:58:26.0789221Z","70d93047caa9d384bb808ec34f76383091f9867e473bfaa8600631007cc8bd89"
"results\neural_networks_submission\configs\split_cifar10__sym20__gate_conf__seed1.json","C:\work\reliability-gated-replay\results\neural_networks_submission\configs\split_cifar10__sym20__gate_conf__seed1.json","original_results","715","2026-07-06T00:00:27.9931228Z","d03f525340e601193beb8d70cc75ba6a9ee5a6e7bd239f4a26d6b5f151f886c1"
"results\neural_networks_submission\configs\split_cifar10__sym20__gate_conf__seed2.json","C:\work\reliability-gated-replay\results\neural_networks_submission\configs\split_cifar10__sym20__gate_conf__seed2.json","original_results","715","2026-07-06T00:02:24.6564279Z","f07bf46d8eb54f05594917a5402ef486758d3b2cb75d311b7320667ae7d4a1b0"
"results\neural_networks_submission\configs\split_cifar10__sym20__gate_conf__seed3.json","C:\work\reliability-gated-replay\results\neural_networks_submission\configs\split_cifar10__sym20__gate_conf__seed3.json","original_results","680","2026-07-03T19:11:39.8980449Z","db665fcfa1aea151293e8678a54275ecd3da5c60e7433dc3f95353312183d5df"
"results\neural_networks_submission\configs\split_cifar10__sym20__gate_conf__seed4.json","C:\work\reliability-gated-replay\results\neural_networks_submission\configs\split_cifar10__sym20__gate_conf__seed4.json","original_results","680","2026-07-03T19:11:39.9049298Z","316a3fcbc9e56009eba72db0716e5716c689b55b981ad9ae2052f2af185599f8"
"results\neural_networks_submission\configs\split_cifar10__sym20__gate_loss__seed0.json","C:\work\reliability-gated-replay\results\neural_networks_submission\configs\split_cifar10__sym20__gate_loss__seed0.json","original_results","722","2026-07-05T23:53:01.8490959Z","20656f1862323436c449a73b6ed63a2ce126d9295bb47f78e8b9ec2c3abc48cd"
"results\neural_networks_submission\configs\split_cifar10__sym20__gate_loss__seed1.json","C:\work\reliability-gated-replay\results\neural_networks_submission\configs\split_cifar10__sym20__gate_loss__seed1.json","original_results","722","2026-07-05T23:54:49.0633979Z","d6c99328351477d66cda6672cb92c551353766e62f0d42f4094ac704303fa8b4"
"results\neural_networks_submission\configs\split_cifar10__sym20__gate_loss__seed2.json","C:\work\reliability-gated-replay\results\neural_networks_submission\configs\split_cifar10__sym20__gate_loss__seed2.json","original_results","722","2026-07-05T23:56:38.1149814Z","c485046d8f11cb96a2a349719f9252856f012711cf24fe515458ec0e7ee9c316"
"results\neural_networks_submission\configs\split_cifar10__sym20__gate_loss__seed3.json","C:\work\reliability-gated-replay\results\neural_networks_submission\configs\split_cifar10__sym20__gate_loss__seed3.json","original_results","687","2026-07-03T19:11:39.9141851Z","caf603d6560cfca74cdcf25605294fed9702e221eafed61a9f9269a5e52a5dcf"
"results\neural_networks_submission\configs\split_cifar10__sym20__gate_loss__seed4.json","C:\work\reliability-gated-replay\results\neural_networks_submission\configs\split_cifar10__sym20__gate_loss__seed4.json","original_results","687","2026-07-03T19:11:39.9346125Z","66a90c6d2efc39d853dd6c7f3ae59a78b8a63da33a65298527170c6dd18843be"
"results\neural_networks_submission\configs\split_cifar10__sym20__irgr__seed0.json","C:\work\reliability-gated-replay\results\neural_networks_submission\configs\split_cifar10__sym20__irgr__seed0.json","original_results","616","2026-07-06T00:05:07.2045709Z","059659db14e37c6be5ef3a84865760c76653afcfbdc4a740d8f128997c65ed6a"
"results\neural_networks_submission\configs\split_cifar10__sym20__irgr__seed1.json","C:\work\reliability-gated-replay\results\neural_networks_submission\configs\split_cifar10__sym20__irgr__seed1.json","original_results","616","2026-07-06T00:07:52.8111765Z","b5316257c19f6ad922f5f08ee8697330c89e41ce103a258fff0bb97eaeeff1f8"
"results\neural_networks_submission\configs\split_cifar10__sym20__irgr__seed2.json","C:\work\reliability-gated-replay\results\neural_networks_submission\configs\split_cifar10__sym20__irgr__seed2.json","original_results","616","2026-07-06T00:10:28.7375664Z","f771de585ec58c8352dae82b52361d0ab46cda50da52287d248c6b6a4e4f7177"
"results\neural_networks_submission\configs\split_cifar10__sym20__irgr_derpp__seed0.json","C:\work\reliability-gated-replay\results\neural_networks_submission\configs\split_cifar10__sym20__irgr_derpp__seed0.json","original_results","668","2026-07-06T00:13:05.1749767Z","2854395cf135d5e444bd1ff75cfd2849451cbc25378609dc1262424454d57a8f"
"results\neural_networks_submission\configs\split_cifar10__sym20__irgr_derpp__seed1.json","C:\work\reliability-gated-replay\results\neural_networks_submission\configs\split_cifar10__sym20__irgr_derpp__seed1.json","original_results","668","2026-07-06T00:15:37.7045539Z","8d95d5466462b1c937c7a3d21908f51e192337eaf57988b32610053f787f2485"
"results\neural_networks_submission\configs\split_cifar10__sym20__irgr_derpp__seed2.json","C:\work\reliability-gated-replay\results\neural_networks_submission\configs\split_cifar10__sym20__irgr_derpp__seed2.json","original_results","668","2026-07-06T00:18:10.6187320Z","70a54b4a7491fcb00c6c3a5767b8387b0639901bc289e8f95225b686594df4bf"
"results\neural_networks_submission\configs\split_cifar10__sym20__irgr_er_ace__seed0.json","C:\work\reliability-gated-replay\results\neural_networks_submission\configs\split_cifar10__sym20__irgr_er_ace__seed0.json","original_results","620","2026-07-06T00:20:45.3192617Z","32620d53ec71e2d5cf1217ae070ac5b01b17091d3e3cc3c8a933248cb32c3b3f"
"results\neural_networks_submission\configs\split_cifar10__sym20__irgr_er_ace__seed1.json","C:\work\reliability-gated-replay\results\neural_networks_submission\configs\split_cifar10__sym20__irgr_er_ace__seed1.json","original_results","620","2026-07-06T00:23:15.9051009Z","ef60a7f1d62b94df11b6e41fbcb48bac4fd97717b23fd4d6c73cb2dde84a9df1"
"results\neural_networks_submission\configs\split_cifar10__sym20__irgr_er_ace__seed2.json","C:\work\reliability-gated-replay\results\neural_networks_submission\configs\split_cifar10__sym20__irgr_er_ace__seed2.json","original_results","620","2026-07-06T00:25:46.1579231Z","1c4b4180599d054f9761777cc58474bc351d41419cbe171f7262881047b846d9"
"results\neural_networks_submission\configs\split_cifar10__sym20__oracle__seed0.json","C:\work\reliability-gated-replay\results\neural_networks_submission\configs\split_cifar10__sym20__oracle__seed0.json","original_results","588","2026-07-06T00:27:30.3912580Z","b45dce5854a691e357d1214c4fc3b7ad2fd633b47d9bfcbb9085b1f70d248a21"
"results\neural_networks_submission\configs\split_cifar10__sym20__oracle__seed1.json","C:\work\reliability-gated-replay\results\neural_networks_submission\configs\split_cifar10__sym20__oracle__seed1.json","original_results","588","2026-07-06T00:29:11.0212486Z","82c49cc3c099475e528560a3cbc466c612f674dc2302ee5aefe82c490435f391"
"results\neural_networks_submission\configs\split_cifar10__sym20__oracle__seed2.json","C:\work\reliability-gated-replay\results\neural_networks_submission\configs\split_cifar10__sym20__oracle__seed2.json","original_results","588","2026-07-06T00:30:52.4963797Z","261b3c4919366fafeb78697755ede6a968dc0b46b66b131e7e5f7c03fb98ff64"
"results\neural_networks_submission\configs\split_cifar10__sym20__oracle__seed3.json","C:\work\reliability-gated-replay\results\neural_networks_submission\configs\split_cifar10__sym20__oracle__seed3.json","original_results","559","2026-07-03T19:11:39.9446062Z","4e6fdfc1fb9e865f0180c20a5e015df4f8d18f57ba29595287a260740317c3a2"
"results\neural_networks_submission\configs\split_cifar10__sym20__oracle__seed4.json","C:\work\reliability-gated-replay\results\neural_networks_submission\configs\split_cifar10__sym20__oracle__seed4.json","original_results","559","2026-07-03T19:11:39.9446062Z","65b9a9a0296aa534e32f421811e7ca74f4185a36c5654f81e07ef6d5b98786eb"
"results\neural_networks_submission\configs\split_cifar10__sym40__derpp__seed0.json","C:\work\reliability-gated-replay\results\neural_networks_submission\configs\split_cifar10__sym40__derpp__seed0.json","original_results","597","2026-07-05T17:19:51.8795412Z","14bc0534f0a02437d82e027ac41b0726726683bce44eab961704c83b9b7a9170"
"results\neural_networks_submission\configs\split_cifar10__sym40__derpp__seed1.json","C:\work\reliability-gated-replay\results\neural_networks_submission\configs\split_cifar10__sym40__derpp__seed1.json","original_results","597","2026-07-05T17:24:59.1856504Z","283b3a8458f5c15848506e62d67df98cf10bce4047ac561f0ef228b0ad22cada"
"results\neural_networks_submission\configs\split_cifar10__sym40__derpp__seed2.json","C:\work\reliability-gated-replay\results\neural_networks_submission\configs\split_cifar10__sym40__derpp__seed2.json","original_results","597","2026-07-05T17:30:46.4292272Z","d5ab62fd7e704cf45fc54f3cd5bf1070e95a2235cece0789041133f8af94361a"
"results\neural_networks_submission\configs\split_cifar10__sym40__derpp__seed3.json","C:\work\reliability-gated-replay\results\neural_networks_submission\configs\split_cifar10__sym40__derpp__seed3.json","original_results","597","2026-07-05T17:35:51.8836569Z","e577c26f69eee861a98c42a0d4e2c463b36fd1b1d241669d4b06dde4fc77e887"
"results\neural_networks_submission\configs\split_cifar10__sym40__derpp__seed4.json","C:\work\reliability-gated-replay\results\neural_networks_submission\configs\split_cifar10__sym40__derpp__seed4.json","original_results","597","2026-07-05T17:41:20.4171578Z","e72322c43e2ab107341dbaccd0f422d94896d279ccda4a36b5493ee8f90f7340"
"results\neural_networks_submission\configs\split_cifar10__sym40__er__seed0.json","C:\work\reliability-gated-replay\results\neural_networks_submission\configs\split_cifar10__sym40__er__seed0.json","original_results","561","2026-07-05T16:56:37.1557533Z","a3763510481c36839b15f8c1b2cc3775f8d59e5d5ffeb85b21b267cef4d4f969"
"results\neural_networks_submission\configs\split_cifar10__sym40__er__seed1.json","C:\work\reliability-gated-replay\results\neural_networks_submission\configs\split_cifar10__sym40__er__seed1.json","original_results","561","2026-07-05T17:01:14.4686340Z","d1bed9d485a0df12b262bdec266f4af1d71228bdefa0a14a634d55679ea792a3"
"results\neural_networks_submission\configs\split_cifar10__sym40__er__seed2.json","C:\work\reliability-gated-replay\results\neural_networks_submission\configs\split_cifar10__sym40__er__seed2.json","original_results","561","2026-07-05T17:05:29.1500754Z","93743bbeea5eae48099eb491ca200d60f8c2da581f488e044670d8dafe1e7e15"
"results\neural_networks_submission\configs\split_cifar10__sym40__er__seed3.json","C:\work\reliability-gated-replay\results\neural_networks_submission\configs\split_cifar10__sym40__er__seed3.json","original_results","561","2026-07-05T17:09:52.9502865Z","1ce5fd1fbbdc4aeda7210e55c5e007596feab3d87ebed7a757cf98518f786b37"
"results\neural_networks_submission\configs\split_cifar10__sym40__er__seed4.json","C:\work\reliability-gated-replay\results\neural_networks_submission\configs\split_cifar10__sym40__er__seed4.json","original_results","561","2026-07-05T17:14:49.5228318Z","d92c0cdcc981aca6bd51ac56224c5c44b03915d2b3beb9c0548d13a2ba2eea97"
"results\neural_networks_submission\configs\split_cifar10__sym40__er_ace__seed0.json","C:\work\reliability-gated-replay\results\neural_networks_submission\configs\split_cifar10__sym40__er_ace__seed0.json","original_results","561","2026-07-05T17:46:06.1202344Z","4cae31089b1d23bd85b5fd48641e65b1ae2cad6d6d4ff44a5ac15b84fd167809"
"results\neural_networks_submission\configs\split_cifar10__sym40__er_ace__seed1.json","C:\work\reliability-gated-replay\results\neural_networks_submission\configs\split_cifar10__sym40__er_ace__seed1.json","original_results","561","2026-07-05T17:50:18.2849954Z","77cf6c5c07ed33daed2c6f6316fa72fe1ff5848eaf1600423c88b02c58ac61cd"
"results\neural_networks_submission\configs\split_cifar10__sym40__er_ace__seed2.json","C:\work\reliability-gated-replay\results\neural_networks_submission\configs\split_cifar10__sym40__er_ace__seed2.json","original_results","561","2026-07-05T17:55:04.6703477Z","553ac3e1cdea1ea920f69802ce071d509e02d86c1de8c358cad6c3bf6440e261"
"results\neural_networks_submission\configs\split_cifar10__sym40__er_ace__seed3.json","C:\work\reliability-gated-replay\results\neural_networks_submission\configs\split_cifar10__sym40__er_ace__seed3.json","original_results","561","2026-07-05T22:24:57.2359574Z","a8c9d224496a97897c03264adbbad801f56c5acd2a72723c31bde84742b8a92a"
"results\neural_networks_submission\configs\split_cifar10__sym40__er_ace__seed4.json","C:\work\reliability-gated-replay\results\neural_networks_submission\configs\split_cifar10__sym40__er_ace__seed4.json","original_results","561","2026-07-05T22:27:36.4986511Z","3745e4203907adf28e10ff271a907fd11d53268d46505d3a1a0fdabf8f3ec14d"
"results\neural_networks_submission\configs\split_cifar10__sym60__arc_full__seed0.json","C:\work\reliability-gated-replay\results\neural_networks_submission\configs\split_cifar10__sym60__arc_full__seed0.json","original_results","621","2026-07-03T19:41:09.3716957Z","6579ddffb612f28ef8ffc52f649359e9e17de1f3d910f18b2566eda96f27f473"
"results\neural_networks_submission\configs\split_cifar10__sym60__arc_lite__seed0.json","C:\work\reliability-gated-replay\results\neural_networks_submission\configs\split_cifar10__sym60__arc_lite__seed0.json","original_results","621","2026-07-03T19:40:57.2521898Z","77a9f3e6d520a245f7349b19d84e9306cc160604ceb597f916579b267ccb732f"
"results\neural_networks_submission\configs\split_cifar10__sym60__derpp__seed0.json","C:\work\reliability-gated-replay\results\neural_networks_submission\configs\split_cifar10__sym60__derpp__seed0.json","original_results","597","2026-07-06T00:38:13.2503039Z","7473d882592d0e923aba05a7a4247b05b32f2f00b1fb7a973863bf476396bcdd"
"results\neural_networks_submission\configs\split_cifar10__sym60__derpp__seed1.json","C:\work\reliability-gated-replay\results\neural_networks_submission\configs\split_cifar10__sym60__derpp__seed1.json","original_results","597","2026-07-06T00:40:11.1967070Z","45f636c2810c97a08099bb11c506b769cd595115b4cf5e7e5dabcd981823601c"
"results\neural_networks_submission\configs\split_cifar10__sym60__derpp__seed2.json","C:\work\reliability-gated-replay\results\neural_networks_submission\configs\split_cifar10__sym60__derpp__seed2.json","original_results","597","2026-07-06T00:42:09.2372655Z","626764556a2bd32df2b4c85f2257f7e545b50d626c6c2f3746d298ed1bd690cc"
"results\neural_networks_submission\configs\split_cifar10__sym60__derpp__seed3.json","C:\work\reliability-gated-replay\results\neural_networks_submission\configs\split_cifar10__sym60__derpp__seed3.json","original_results","567","2026-07-03T19:11:39.9766554Z","adf56794aa3e0860feffa56574aee0b5729bef46c48ae3fc2262e18e3520bb06"
"results\neural_networks_submission\configs\split_cifar10__sym60__derpp__seed4.json","C:\work\reliability-gated-replay\results\neural_networks_submission\configs\split_cifar10__sym60__derpp__seed4.json","original_results","567","2026-07-03T19:11:39.9766554Z","dc5b3172bed21dbed8089aa4b76ebd30c5bfb3579c6f7493227edf6a9554a8c6"
"results\neural_networks_submission\configs\split_cifar10__sym60__er__seed0.json","C:\work\reliability-gated-replay\results\neural_networks_submission\configs\split_cifar10__sym60__er__seed0.json","original_results","561","2026-07-06T00:32:49.2293214Z","f06fb9690ea5ca294670c1853614f29b1e98989e44f2d19154508897a89c04a9"
"results\neural_networks_submission\configs\split_cifar10__sym60__er__seed1.json","C:\work\reliability-gated-replay\results\neural_networks_submission\configs\split_cifar10__sym60__er__seed1.json","original_results","561","2026-07-06T00:34:36.2951359Z","7bd99937ba5a969cc541a1060e1c819d100538192c811342c76a285d8f7a23e6"
"results\neural_networks_submission\configs\split_cifar10__sym60__er__seed2.json","C:\work\reliability-gated-replay\results\neural_networks_submission\configs\split_cifar10__sym60__er__seed2.json","original_results","561","2026-07-06T00:36:17.2536414Z","73a18e9a26f9e331f8ede45190ac544be5a2f409462c8958f4686f4fdd7ec2d7"
"results\neural_networks_submission\configs\split_cifar10__sym60__er__seed3.json","C:\work\reliability-gated-replay\results\neural_networks_submission\configs\split_cifar10__sym60__er__seed3.json","original_results","533","2026-07-03T19:11:40.0086526Z","7ee2fd0e550045ea19a89dacd764e6336499ac07f9672ae8ff7a98e4dc813170"
"results\neural_networks_submission\configs\split_cifar10__sym60__er__seed4.json","C:\work\reliability-gated-replay\results\neural_networks_submission\configs\split_cifar10__sym60__er__seed4.json","original_results","533","2026-07-03T19:11:40.0086526Z","215826edbcfcbd4023f42c69a5f3db9ea0e5512b89652bbb4989e2e1735066e5"
"results\neural_networks_submission\configs\split_cifar10__sym60__er_ace__seed0.json","C:\work\reliability-gated-replay\results\neural_networks_submission\configs\split_cifar10__sym60__er_ace__seed0.json","original_results","561","2026-07-06T00:44:06.2094869Z","f47a2764561ad391050e8a50e02b3a5abed3fe2943f5fbe1db3f773b52b5e8f7"
"results\neural_networks_submission\configs\split_cifar10__sym60__er_ace__seed1.json","C:\work\reliability-gated-replay\results\neural_networks_submission\configs\split_cifar10__sym60__er_ace__seed1.json","original_results","561","2026-07-06T00:45:56.4320984Z","6bbe193fae72a650b442793358b292721f5d6c51750048774111891c8e884fe8"
"results\neural_networks_submission\configs\split_cifar10__sym60__er_ace__seed2.json","C:\work\reliability-gated-replay\results\neural_networks_submission\configs\split_cifar10__sym60__er_ace__seed2.json","original_results","561","2026-07-06T00:47:42.6594639Z","2490e026be37004ed23c50a59f0ac4a169727e592a9659a4739f695417014229"
"results\neural_networks_submission\configs\split_cifar10__sym60__gate_conf__seed0.json","C:\work\reliability-gated-replay\results\neural_networks_submission\configs\split_cifar10__sym60__gate_conf__seed0.json","original_results","715","2026-07-06T00:55:26.9376407Z","0681daadbd91723ded14b47d10f5efd1b0853a74eef46d93c39a3d595bef9425"
"results\neural_networks_submission\configs\split_cifar10__sym60__gate_conf__seed1.json","C:\work\reliability-gated-replay\results\neural_networks_submission\configs\split_cifar10__sym60__gate_conf__seed1.json","original_results","715","2026-07-06T00:57:22.4429508Z","6c17cbac3b4b2e24f40dd909187481319138ad3796a8a192284cbf4faf1cd2d5"
"results\neural_networks_submission\configs\split_cifar10__sym60__gate_conf__seed2.json","C:\work\reliability-gated-replay\results\neural_networks_submission\configs\split_cifar10__sym60__gate_conf__seed2.json","original_results","715","2026-07-06T00:59:17.5001496Z","5e5f4f848d2fd6c2142166056c2988ab9ef3200ed22d8b3079238f1f381defa6"
"results\neural_networks_submission\configs\split_cifar10__sym60__gate_conf__seed3.json","C:\work\reliability-gated-replay\results\neural_networks_submission\configs\split_cifar10__sym60__gate_conf__seed3.json","original_results","680","2026-07-03T19:11:40.0368171Z","fe744d55e012a2055fb70d2229f4477acdb19e83f7f3e26a13bbf7fe158017ec"
"results\neural_networks_submission\configs\split_cifar10__sym60__gate_conf__seed4.json","C:\work\reliability-gated-replay\results\neural_networks_submission\configs\split_cifar10__sym60__gate_conf__seed4.json","original_results","680","2026-07-03T19:11:40.0447010Z","b6e820362bda301a7fa110591d7b09f43f1582420a7092bc9650cdccb853ca64"
"results\neural_networks_submission\configs\split_cifar10__sym60__gate_loss__seed0.json","C:\work\reliability-gated-replay\results\neural_networks_submission\configs\split_cifar10__sym60__gate_loss__seed0.json","original_results","722","2026-07-06T00:49:34.5721028Z","10ecdfd2f300c3a34319a22f3cbb0b4912e95809eac35fd04dc608c8853ed58e"
"results\neural_networks_submission\configs\split_cifar10__sym60__gate_loss__seed1.json","C:\work\reliability-gated-replay\results\neural_networks_submission\configs\split_cifar10__sym60__gate_loss__seed1.json","original_results","722","2026-07-06T00:51:36.5704793Z","b0fe344bfc8e339f94c9e716a15ab329aed86a0470392a1474423002dab7d73c"
"results\neural_networks_submission\configs\split_cifar10__sym60__gate_loss__seed2.json","C:\work\reliability-gated-replay\results\neural_networks_submission\configs\split_cifar10__sym60__gate_loss__seed2.json","original_results","722","2026-07-06T00:53:29.8484380Z","e22265aa9f584a7df2492fb226f963fd085d3747326cc66c22cbaf4ac2650bf9"
"results\neural_networks_submission\configs\split_cifar10__sym60__gate_loss__seed3.json","C:\work\reliability-gated-replay\results\neural_networks_submission\configs\split_cifar10__sym60__gate_loss__seed3.json","original_results","687","2026-07-03T19:11:40.0527028Z","c4a83c1843fdde0b15df89cb5723430ee01d3ebed3710eb2ca7ce3e18c2fd704"
"results\neural_networks_submission\configs\split_cifar10__sym60__gate_loss__seed4.json","C:\work\reliability-gated-replay\results\neural_networks_submission\configs\split_cifar10__sym60__gate_loss__seed4.json","original_results","687","2026-07-03T19:11:40.0684570Z","31addaae39d6c8678f72fbca25098419a6569e83ee7c21b9a20e4b94715d5224"
"results\neural_networks_submission\configs\split_cifar10__sym60__irgr__seed0.json","C:\work\reliability-gated-replay\results\neural_networks_submission\configs\split_cifar10__sym60__irgr__seed0.json","original_results","616","2026-07-06T01:01:53.6044713Z","f8367c406ab5c5e2367fa9b58f1278385c9df4304bd0d9bd0db8639a5461831c"
"results\neural_networks_submission\configs\split_cifar10__sym60__irgr__seed1.json","C:\work\reliability-gated-replay\results\neural_networks_submission\configs\split_cifar10__sym60__irgr__seed1.json","original_results","616","2026-07-06T01:04:32.6343796Z","914b955323382a33fcbed769e3609fcdaa5d4dda610de9d12171deecfe39b237"
"results\neural_networks_submission\configs\split_cifar10__sym60__irgr__seed2.json","C:\work\reliability-gated-replay\results\neural_networks_submission\configs\split_cifar10__sym60__irgr__seed2.json","original_results","616","2026-07-06T01:07:08.9851000Z","7a63673c908c7c174dc7fc08fd46a71c8fee8cdbe203daef9b97c51f9d2fec0d"
"results\neural_networks_submission\configs\split_cifar10__sym60__irgr_derpp__seed0.json","C:\work\reliability-gated-replay\results\neural_networks_submission\configs\split_cifar10__sym60__irgr_derpp__seed0.json","original_results","668","2026-07-06T01:09:46.3590113Z","bc96685a23e4f82d4a7347e5b4831de494a7eeec57141f14641577ea8abd9b68"
"results\neural_networks_submission\configs\split_cifar10__sym60__irgr_derpp__seed1.json","C:\work\reliability-gated-replay\results\neural_networks_submission\configs\split_cifar10__sym60__irgr_derpp__seed1.json","original_results","668","2026-07-06T01:12:26.3226479Z","ca22ec7e1575e86872043e3f8cb992746e8890937b78d578633130a4491a2829"
"results\neural_networks_submission\configs\split_cifar10__sym60__irgr_derpp__seed2.json","C:\work\reliability-gated-replay\results\neural_networks_submission\configs\split_cifar10__sym60__irgr_derpp__seed2.json","original_results","668","2026-07-06T01:15:05.0990740Z","e0ce25fce06547de5199cc64d0528f5cb484c35c914e82f549727db032dfa452"
"results\neural_networks_submission\configs\split_cifar10__sym60__irgr_er_ace__seed0.json","C:\work\reliability-gated-replay\results\neural_networks_submission\configs\split_cifar10__sym60__irgr_er_ace__seed0.json","original_results","620","2026-07-06T01:17:45.9435819Z","8540be61a24f6c12ba0ffeb94210265765c6777746202094903180bbe16c4a1a"
"results\neural_networks_submission\configs\split_cifar10__sym60__irgr_er_ace__seed1.json","C:\work\reliability-gated-replay\results\neural_networks_submission\configs\split_cifar10__sym60__irgr_er_ace__seed1.json","original_results","620","2026-07-06T01:25:07.4763971Z","205d6382a10687190611b31683d1885218b781defd9d222f0877f3e6e286ca82"
"results\neural_networks_submission\configs\split_cifar10__sym60__oracle__seed0.json","C:\work\reliability-gated-replay\results\neural_networks_submission\configs\split_cifar10__sym60__oracle__seed0.json","original_results","559","2026-07-03T19:11:40.0684570Z","82d4422411dbb8581a2b3a9983407317de18a6ffa252975ab9be1cf8bd633371"
"results\neural_networks_submission\configs\split_cifar10__sym60__oracle__seed1.json","C:\work\reliability-gated-replay\results\neural_networks_submission\configs\split_cifar10__sym60__oracle__seed1.json","original_results","559","2026-07-03T19:11:40.0684570Z","89ecbde95a9878d87eaecf9828e2ef12b779e1a4662d8b2f3435bb45ac719711"
"results\neural_networks_submission\configs\split_cifar10__sym60__oracle__seed2.json","C:\work\reliability-gated-replay\results\neural_networks_submission\configs\split_cifar10__sym60__oracle__seed2.json","original_results","559","2026-07-03T19:11:40.0843166Z","d5e79858a2f32b9c775d9fb683383c7d5839eb62d50b0523ddaecf2c44717325"
"results\neural_networks_submission\configs\split_cifar10__sym60__oracle__seed3.json","C:\work\reliability-gated-replay\results\neural_networks_submission\configs\split_cifar10__sym60__oracle__seed3.json","original_results","559","2026-07-03T19:11:40.0843166Z","bd6bacf973ac94523ac119565d7ece1431c8e06c68d7398d35ae833512c7d4a2"
"results\neural_networks_submission\configs\split_cifar10__sym60__oracle__seed4.json","C:\work\reliability-gated-replay\results\neural_networks_submission\configs\split_cifar10__sym60__oracle__seed4.json","original_results","559","2026-07-03T19:11:40.0843166Z","166b21a6ac0e543da74fd5db327ca517b92e1afbfa056be0dcbe7ec7b2909106"
"results\neural_networks_submission\csv\buffer_diagnostics.csv","C:\work\reliability-gated-replay\results\neural_networks_submission\csv\buffer_diagnostics.csv","original_results","121838","2026-07-03T19:11:40.1001187Z","8d26c766411f724e8c6e823525d80257aa9b40098f948bdda5728a6c28248840"
"results\neural_networks_submission\csv\calibration_bins.csv","C:\work\reliability-gated-replay\results\neural_networks_submission\csv\calibration_bins.csv","original_results","420654","2026-07-03T19:11:40.1001187Z","473cc7f576df591de1ec7f269eee3d98de8923a0842fafa40f16f6574c804b59"
"results\neural_networks_submission\csv\final_metrics.csv","C:\work\reliability-gated-replay\results\neural_networks_submission\csv\final_metrics.csv","original_results","401615","2026-07-03T19:11:40.1158675Z","14eaa72c2105612cafe279ac3d5c06f28d57c42fe6b8fa8caa524d4d88f5b3b5"
"results\neural_networks_submission\csv\gate_diagnostics.csv","C:\work\reliability-gated-replay\results\neural_networks_submission\csv\gate_diagnostics.csv","original_results","646788","2026-07-03T19:11:40.1158675Z","6510de0392689a2396dd1a7b9b32b35f5be4db45dd09e4b3734101c83d390db5"
"results\neural_networks_submission\csv\per_eval_metrics.csv","C:\work\reliability-gated-replay\results\neural_networks_submission\csv\per_eval_metrics.csv","original_results","774058","2026-07-03T19:11:40.1386105Z","93b6fbf2784b28034de446687c4612c3a61b4c42560efcf6faa616b4bba880c4"
"results\neural_networks_submission\experiment_manifest.csv","C:\work\reliability-gated-replay\results\neural_networks_submission\experiment_manifest.csv","original_results","585449","2026-07-06T01:25:07.7292973Z","1ea2ee442e8b50d9e3d18d205da1344243bc60bf50228fc697f11ed44445b62a"
"results\neural_networks_submission\raw_logs\permuted_mnist__sym20__arc_full__seed0.json","C:\work\reliability-gated-replay\results\neural_networks_submission\raw_logs\permuted_mnist__sym20__arc_full__seed0.json","original_results","1715973","2026-07-03T19:35:00.7924136Z","0f8d26776be76063ee1fa84be9e8bb6c59bb3712e6801171972c6461c632a995"
"results\neural_networks_submission\raw_logs\permuted_mnist__sym20__arc_lite__seed0.json","C:\work\reliability-gated-replay\results\neural_networks_submission\raw_logs\permuted_mnist__sym20__arc_lite__seed0.json","original_results","1770338","2026-07-03T19:34:55.9797818Z","bcd93a36c4cd78013a9fdcc1ed50a3facdd471cd1285d2d236bf4f8239377b0d"
"results\neural_networks_submission\raw_logs\split_cifar10__clean__derpp__seed0.json","C:\work\reliability-gated-replay\results\neural_networks_submission\raw_logs\split_cifar10__clean__derpp__seed0.json","original_results","4947324","2026-07-05T15:45:12.5476871Z","c2b678597e956389c7359cb78c41dc88cdcc30be04bac17166fb93fb1602a270"
"results\neural_networks_submission\raw_logs\split_cifar10__clean__derpp__seed1.json","C:\work\reliability-gated-replay\results\neural_networks_submission\raw_logs\split_cifar10__clean__derpp__seed1.json","original_results","5098866","2026-07-05T15:47:05.0890417Z","1e3b5d0f067760090d7c90199c63355bf3f3f9f4805c6305641f5046cd5e4e1c"
"results\neural_networks_submission\raw_logs\split_cifar10__clean__derpp__seed2.json","C:\work\reliability-gated-replay\results\neural_networks_submission\raw_logs\split_cifar10__clean__derpp__seed2.json","original_results","4894173","2026-07-05T15:48:56.7800715Z","907c2cef9543fd9a18e3925e8d4a93dbedd135d85fd29172e20372035a97fd2c"
"results\neural_networks_submission\raw_logs\split_cifar10__clean__derpp__seed3.json","C:\work\reliability-gated-replay\results\neural_networks_submission\raw_logs\split_cifar10__clean__derpp__seed3.json","original_results","4968397","2026-07-05T15:50:48.6173245Z","07d735a16a4de7bf597c845491391e50f51b7dc7939b422fbcdafea60574edd8"
"results\neural_networks_submission\raw_logs\split_cifar10__clean__derpp__seed4.json","C:\work\reliability-gated-replay\results\neural_networks_submission\raw_logs\split_cifar10__clean__derpp__seed4.json","original_results","5035243","2026-07-05T15:52:39.6882096Z","c76b09d03e919c62851ed4c78c5074264a4ad6e9e3d0eb00fcc676f9c2bbfd56"
"results\neural_networks_submission\raw_logs\split_cifar10__clean__er__seed0.json","C:\work\reliability-gated-replay\results\neural_networks_submission\raw_logs\split_cifar10__clean__er__seed0.json","original_results","5045821","2026-07-05T15:36:46.3897845Z","26626abd144ca90e26c46768238f841c3d5cdcafd74ec5a4e2daba81e22b8d5f"
"results\neural_networks_submission\raw_logs\split_cifar10__clean__er__seed1.json","C:\work\reliability-gated-replay\results\neural_networks_submission\raw_logs\split_cifar10__clean__er__seed1.json","original_results","5102448","2026-07-05T15:38:20.3198119Z","33016db42be977593ca09a71a78cc206c0af3209442f8a306c3cb44cdc2551e6"
"results\neural_networks_submission\raw_logs\split_cifar10__clean__er__seed2.json","C:\work\reliability-gated-replay\results\neural_networks_submission\raw_logs\split_cifar10__clean__er__seed2.json","original_results","5080897","2026-07-05T15:39:58.5859666Z","4f589e155191dc5d6c8705bce3dd2545a372d6efc2d7a8b3f464c782982bef1d"
"results\neural_networks_submission\raw_logs\split_cifar10__clean__er__seed3.json","C:\work\reliability-gated-replay\results\neural_networks_submission\raw_logs\split_cifar10__clean__er__seed3.json","original_results","5088866","2026-07-05T15:41:39.0666874Z","32d3d69aea3649276d15a9d6784822b84062f1df4a23f31a6fab3f1860e3f022"
"results\neural_networks_submission\raw_logs\split_cifar10__clean__er__seed4.json","C:\work\reliability-gated-replay\results\neural_networks_submission\raw_logs\split_cifar10__clean__er__seed4.json","original_results","5088057","2026-07-05T15:43:20.1597689Z","859bc46454b68e39af7add3ca579d75a7d5faf2fd0cb92c50e265abe55a87c5d"
"results\neural_networks_submission\raw_logs\split_cifar10__clean__er_ace__seed0.json","C:\work\reliability-gated-replay\results\neural_networks_submission\raw_logs\split_cifar10__clean__er_ace__seed0.json","original_results","5045826","2026-07-05T15:54:18.1666106Z","7e360c1666b56fb2f83efdde7af3c4ec59dca6c81b49a9ca0eac20f16624e8b7"
"results\neural_networks_submission\raw_logs\split_cifar10__clean__er_ace__seed1.json","C:\work\reliability-gated-replay\results\neural_networks_submission\raw_logs\split_cifar10__clean__er_ace__seed1.json","original_results","5068652","2026-07-05T15:56:06.9968440Z","3053990e73b2d5faa92c2476db5e60f5de3c8549a23f14db7809c56589181180"
"results\neural_networks_submission\raw_logs\split_cifar10__clean__er_ace__seed2.json","C:\work\reliability-gated-replay\results\neural_networks_submission\raw_logs\split_cifar10__clean__er_ace__seed2.json","original_results","5062978","2026-07-05T15:57:55.1711780Z","284204bb4a414f8ef2c0caacaea481b4ba91e77b4032e8bc79a6616332d60e61"
"results\neural_networks_submission\raw_logs\split_cifar10__clean__er_ace__seed3.json","C:\work\reliability-gated-replay\results\neural_networks_submission\raw_logs\split_cifar10__clean__er_ace__seed3.json","original_results","5076689","2026-07-05T15:59:33.0354232Z","5091a8be0c8fb06a5cab452609eb150ce0a743377a4647a4cf40843dfbf4fc88"
"results\neural_networks_submission\raw_logs\split_cifar10__clean__er_ace__seed4.json","C:\work\reliability-gated-replay\results\neural_networks_submission\raw_logs\split_cifar10__clean__er_ace__seed4.json","original_results","5085929","2026-07-05T16:01:06.9880185Z","926a04b69eabb331ad25748cbda1514e1a13389fa5f8b7e9aa94d27cd3a07c1e"
"results\neural_networks_submission\raw_logs\split_cifar10__clean__gate_conf__seed0.json","C:\work\reliability-gated-replay\results\neural_networks_submission\raw_logs\split_cifar10__clean__gate_conf__seed0.json","original_results","5049177","2026-07-05T22:46:43.4483896Z","3c0926d208b1172d2ef80a2817d30b471078a1c7e5b31854ee6e0346d063fb8e"
"results\neural_networks_submission\raw_logs\split_cifar10__clean__gate_conf__seed1.json","C:\work\reliability-gated-replay\results\neural_networks_submission\raw_logs\split_cifar10__clean__gate_conf__seed1.json","original_results","5066547","2026-07-05T22:49:48.1065748Z","0041d77e162d3c757efc8d715b8654e75636d308a0dbc257eb5450450df74b38"
"results\neural_networks_submission\raw_logs\split_cifar10__clean__gate_conf__seed2.json","C:\work\reliability-gated-replay\results\neural_networks_submission\raw_logs\split_cifar10__clean__gate_conf__seed2.json","original_results","5073133","2026-07-05T22:52:50.6223931Z","140d95b3770c166bcb47b16db6adf662fe76567ff811235254974c24e67185d2"
"results\neural_networks_submission\raw_logs\split_cifar10__clean__gate_loss__seed0.json","C:\work\reliability-gated-replay\results\neural_networks_submission\raw_logs\split_cifar10__clean__gate_loss__seed0.json","original_results","5070678","2026-07-05T22:37:21.1037091Z","09ea3eae4c7ea805c6a7e0b03384cf88988d75d54a9cd1b68957e07ae934bb12"
"results\neural_networks_submission\raw_logs\split_cifar10__clean__gate_loss__seed1.json","C:\work\reliability-gated-replay\results\neural_networks_submission\raw_logs\split_cifar10__clean__gate_loss__seed1.json","original_results","5094435","2026-07-05T22:40:27.3271458Z","91d0d57fd224898d2d4c488233818c71be8afc6912c41ca230efd288d3f3dc02"
"results\neural_networks_submission\raw_logs\split_cifar10__clean__gate_loss__seed2.json","C:\work\reliability-gated-replay\results\neural_networks_submission\raw_logs\split_cifar10__clean__gate_loss__seed2.json","original_results","5098651","2026-07-05T22:43:35.7334824Z","32d86117de99e6094b59af995c10b39676f1bb1e01d716c3b911d18289fb58d7"
"results\neural_networks_submission\raw_logs\split_cifar10__clean__irgr__seed0.json","C:\work\reliability-gated-replay\results\neural_networks_submission\raw_logs\split_cifar10__clean__irgr__seed0.json","original_results","5044503","2026-07-05T23:16:13.0362170Z","dd2cbb2c7c704b3f2d0aad83e971faa82dd8200034936064f5ce1d905b48fedc"
"results\neural_networks_submission\raw_logs\split_cifar10__clean__irgr__seed1.json","C:\work\reliability-gated-replay\results\neural_networks_submission\raw_logs\split_cifar10__clean__irgr__seed1.json","original_results","5064560","2026-07-05T23:18:42.4278102Z","b018f77adb01e31dc4207e086874e083adc636e0cae8e2b4b77efc93fbc54ba0"
"results\neural_networks_submission\raw_logs\split_cifar10__clean__irgr__seed2.json","C:\work\reliability-gated-replay\results\neural_networks_submission\raw_logs\split_cifar10__clean__irgr__seed2.json","original_results","5063099","2026-07-05T23:21:10.5486217Z","d53160093f928c2ce396974e0faf62b8400e3158fbe700e1f7dafa7cd5c654ab"
"results\neural_networks_submission\raw_logs\split_cifar10__clean__irgr_derpp__seed0.json","C:\work\reliability-gated-replay\results\neural_networks_submission\raw_logs\split_cifar10__clean__irgr_derpp__seed0.json","original_results","4347144","2026-07-05T23:23:36.0283156Z","749410b212c0d439dadcb778b9cdba15453c86d8d853468105f18d4c25158835"
"results\neural_networks_submission\raw_logs\split_cifar10__clean__irgr_derpp__seed1.json","C:\work\reliability-gated-replay\results\neural_networks_submission\raw_logs\split_cifar10__clean__irgr_derpp__seed1.json","original_results","5014167","2026-07-05T23:26:07.8320858Z","0103128f4c2811f839a75ba023d1728e0255e310d272a0fcc9448ec430708636"
"results\neural_networks_submission\raw_logs\split_cifar10__clean__irgr_derpp__seed2.json","C:\work\reliability-gated-replay\results\neural_networks_submission\raw_logs\split_cifar10__clean__irgr_derpp__seed2.json","original_results","4967126","2026-07-05T23:28:38.2580976Z","5134a1fac7a56de5d128f96fd9aa4e1e8388702f7a14f3ba416f1ac72773b29c"
"results\neural_networks_submission\raw_logs\split_cifar10__clean__irgr_er_ace__seed0.json","C:\work\reliability-gated-replay\results\neural_networks_submission\raw_logs\split_cifar10__clean__irgr_er_ace__seed0.json","original_results","5044511","2026-07-05T23:31:07.2171741Z","b590271e2a34f139a4bf30e402f5e5410b6cc2722731b9a97c04a05bc744bcbb"
"results\neural_networks_submission\raw_logs\split_cifar10__clean__irgr_er_ace__seed1.json","C:\work\reliability-gated-replay\results\neural_networks_submission\raw_logs\split_cifar10__clean__irgr_er_ace__seed1.json","original_results","5064568","2026-07-05T23:33:32.9387242Z","5a428d876c0b5af7a4c0bd62c976926d4d0786d7ba101ef6ec7d92a3873a2b22"
"results\neural_networks_submission\raw_logs\split_cifar10__clean__irgr_er_ace__seed2.json","C:\work\reliability-gated-replay\results\neural_networks_submission\raw_logs\split_cifar10__clean__irgr_er_ace__seed2.json","original_results","5063110","2026-07-05T23:36:00.1618389Z","165efe73dd0b906d3e68ef0ce85e240923b0e9eb3cf5a38e9aede0afdb70a4f0"
"results\neural_networks_submission\raw_logs\split_cifar10__clean__oracle__seed0.json","C:\work\reliability-gated-replay\results\neural_networks_submission\raw_logs\split_cifar10__clean__oracle__seed0.json","original_results","5050682","2026-07-05T16:34:02.2338482Z","ca5e2d489149f76633b4b556615bded15cfdd6ed5e2123675d8fdbce8a44e871"
"results\neural_networks_submission\raw_logs\split_cifar10__clean__oracle__seed1.json","C:\work\reliability-gated-replay\results\neural_networks_submission\raw_logs\split_cifar10__clean__oracle__seed1.json","original_results","5073505","2026-07-05T16:38:14.6051326Z","1e16f71c3323ca18986a85311945de7df2a464c9cd83b4913c16ab6dfeb91b21"
"results\neural_networks_submission\raw_logs\split_cifar10__clean__oracle__seed2.json","C:\work\reliability-gated-replay\results\neural_networks_submission\raw_logs\split_cifar10__clean__oracle__seed2.json","original_results","5067833","2026-07-05T16:42:53.3832742Z","06a8cce2ed55d367a0caea411151265d4127cd8e862ff87e0b7f5aa350fe3858"
"results\neural_networks_submission\raw_logs\split_cifar10__clean__oracle__seed3.json","C:\work\reliability-gated-replay\results\neural_networks_submission\raw_logs\split_cifar10__clean__oracle__seed3.json","original_results","5081547","2026-07-05T16:47:36.1429850Z","79d2e0b166145143aa3d43b36a347533ab9f0a92ec1aec8df39a74423c21543b"
"results\neural_networks_submission\raw_logs\split_cifar10__clean__oracle__seed4.json","C:\work\reliability-gated-replay\results\neural_networks_submission\raw_logs\split_cifar10__clean__oracle__seed4.json","original_results","5090782","2026-07-05T16:51:48.3973547Z","9c1cfe595bff9b17aa0dddf028ca12b4f27ab62eb8ce65add9e50302e0fe3a9d"
"results\neural_networks_submission\raw_logs\split_cifar10__sym20__arc_full__seed0.json","C:\work\reliability-gated-replay\results\neural_networks_submission\raw_logs\split_cifar10__sym20__arc_full__seed0.json","original_results","4886070","2026-07-03T19:40:41.6397980Z","746e3a28f4bdbc9da3f405fd5988a4fcb5af6e36a425682fa99e3be308331a4f"
"results\neural_networks_submission\raw_logs\split_cifar10__sym20__arc_lite__seed0.json","C:\work\reliability-gated-replay\results\neural_networks_submission\raw_logs\split_cifar10__sym20__arc_lite__seed0.json","original_results","4870607","2026-07-03T19:40:29.5502821Z","b6ba5264c00c16ee4c3cf87462520f6057e8df9c63aba99767267ca41a6ee606"
"results\neural_networks_submission\raw_logs\split_cifar10__sym20__derpp__seed0.json","C:\work\reliability-gated-replay\results\neural_networks_submission\raw_logs\split_cifar10__sym20__derpp__seed0.json","original_results","5098213","2026-07-05T23:42:58.3347612Z","dade35a2b5784f5280c824785ef2d724f2d5900be068877f65c94daaff98ade6"
"results\neural_networks_submission\raw_logs\split_cifar10__sym20__derpp__seed1.json","C:\work\reliability-gated-replay\results\neural_networks_submission\raw_logs\split_cifar10__sym20__derpp__seed1.json","original_results","5086743","2026-07-05T23:44:48.2539428Z","055b8b04290b847243f3b6140ca448d8b0c78ccc461f7b2831e9fadc8328c38c"
"results\neural_networks_submission\raw_logs\split_cifar10__sym20__derpp__seed2.json","C:\work\reliability-gated-replay\results\neural_networks_submission\raw_logs\split_cifar10__sym20__derpp__seed2.json","original_results","5005189","2026-07-05T23:46:37.3044543Z","a77b40f5e5cbb24a006862c96528a099cd4541db9cffed2695817ef6ba0a12e0"
"results\neural_networks_submission\raw_logs\split_cifar10__sym20__er__seed0.json","C:\work\reliability-gated-replay\results\neural_networks_submission\raw_logs\split_cifar10__sym20__er__seed0.json","original_results","5042682","2026-07-05T23:37:50.4732302Z","bd1d8107ad504205e95a8c0b8ed6efc3fbae721e09860ade2999039a9069a2f4"
"results\neural_networks_submission\raw_logs\split_cifar10__sym20__er__seed1.json","C:\work\reliability-gated-replay\results\neural_networks_submission\raw_logs\split_cifar10__sym20__er__seed1.json","original_results","5090106","2026-07-05T23:39:30.4215026Z","77569ef7f6a766ae887d97189b10c4ab3d3a68b61d60387578afb37e65d4066b"
"results\neural_networks_submission\raw_logs\split_cifar10__sym20__er__seed2.json","C:\work\reliability-gated-replay\results\neural_networks_submission\raw_logs\split_cifar10__sym20__er__seed2.json","original_results","5107337","2026-07-05T23:41:08.6132983Z","df86f4bae8fd0ec526197e86e02024b03cba12a82d4d1d2daa53fc3967be50e7"
"results\neural_networks_submission\raw_logs\split_cifar10__sym20__er_ace__seed0.json","C:\work\reliability-gated-replay\results\neural_networks_submission\raw_logs\split_cifar10__sym20__er_ace__seed0.json","original_results","5042684","2026-07-05T23:48:12.1016651Z","b3e2d4239ae9dfc0635df9ffaf9d2054c0f2f343a6ed28a400b89a6956d5d6a9"
"results\neural_networks_submission\raw_logs\split_cifar10__sym20__er_ace__seed1.json","C:\work\reliability-gated-replay\results\neural_networks_submission\raw_logs\split_cifar10__sym20__er_ace__seed1.json","original_results","5108590","2026-07-05T23:49:42.6526399Z","ee83426bc06de54c524f5787f8804838b865dfb3c7415dc3fa5f843fb9667f15"
"results\neural_networks_submission\raw_logs\split_cifar10__sym20__er_ace__seed2.json","C:\work\reliability-gated-replay\results\neural_networks_submission\raw_logs\split_cifar10__sym20__er_ace__seed2.json","original_results","5112931","2026-07-05T23:51:17.5810128Z","3e1310a44c553d94219c899b9bd0c2178caaf058c7c1d1d0f27df5fc52e59dfd"
"results\neural_networks_submission\raw_logs\split_cifar10__sym20__gate_conf__seed0.json","C:\work\reliability-gated-replay\results\neural_networks_submission\raw_logs\split_cifar10__sym20__gate_conf__seed0.json","original_results","5089831","2026-07-05T23:58:26.4754722Z","44d27d7ed42042173f90b83500f9520f8ea77b5e0204ee8d64e34f9f9ee6b8a3"
"results\neural_networks_submission\raw_logs\split_cifar10__sym20__gate_conf__seed1.json","C:\work\reliability-gated-replay\results\neural_networks_submission\raw_logs\split_cifar10__sym20__gate_conf__seed1.json","original_results","5068503","2026-07-06T00:00:28.4286379Z","8baca9bad115782575329094f5cf81775e004b6ee48ef3ff5086b58390c86ac7"
"results\neural_networks_submission\raw_logs\split_cifar10__sym20__gate_conf__seed2.json","C:\work\reliability-gated-replay\results\neural_networks_submission\raw_logs\split_cifar10__sym20__gate_conf__seed2.json","original_results","5102160","2026-07-06T00:02:25.1000880Z","6812ee57017323fb79d6bee530d1a5eed983649bcf597d85b636d8d2f88a1a2e"
"results\neural_networks_submission\raw_logs\split_cifar10__sym20__gate_loss__seed0.json","C:\work\reliability-gated-replay\results\neural_networks_submission\raw_logs\split_cifar10__sym20__gate_loss__seed0.json","original_results","5092069","2026-07-05T23:53:02.1327516Z","0b4dbc60b94633218bf4c03ffcc210c5fb0c6fb3490b4b70d3403f7c840c0383"
"results\neural_networks_submission\raw_logs\split_cifar10__sym20__gate_loss__seed1.json","C:\work\reliability-gated-replay\results\neural_networks_submission\raw_logs\split_cifar10__sym20__gate_loss__seed1.json","original_results","5102899","2026-07-05T23:54:49.3640384Z","5f99ab7e43cd661259ee2b5e3937d0c1d72c36257e3cbfc7912de3e0d0382e4f"
"results\neural_networks_submission\raw_logs\split_cifar10__sym20__gate_loss__seed2.json","C:\work\reliability-gated-replay\results\neural_networks_submission\raw_logs\split_cifar10__sym20__gate_loss__seed2.json","original_results","5092169","2026-07-05T23:56:38.4192003Z","553ee20d06019a30af94286a5246362a533118e7da2f841f8d708edbe1a6c621"
"results\neural_networks_submission\raw_logs\split_cifar10__sym20__irgr__seed0.json","C:\work\reliability-gated-replay\results\neural_networks_submission\raw_logs\split_cifar10__sym20__irgr__seed0.json","original_results","5069834","2026-07-06T00:05:07.5289366Z","07d0c20a91a71c9dd0a462977aab35fed8cce7dbf0ba58012d2be4f8ead50b62"
"results\neural_networks_submission\raw_logs\split_cifar10__sym20__irgr__seed1.json","C:\work\reliability-gated-replay\results\neural_networks_submission\raw_logs\split_cifar10__sym20__irgr__seed1.json","original_results","5041262","2026-07-06T00:07:53.1511516Z","522c63f0eb4b0d3fd1b7a7613a39b5e60e5b12c2f128956a595004c6e7a19c0f"
"results\neural_networks_submission\raw_logs\split_cifar10__sym20__irgr__seed2.json","C:\work\reliability-gated-replay\results\neural_networks_submission\raw_logs\split_cifar10__sym20__irgr__seed2.json","original_results","5109668","2026-07-06T00:10:29.1182433Z","6e9b3d154466e31774415697692b96c29596694e884ab995ce9ed1e7bf53844c"
"results\neural_networks_submission\raw_logs\split_cifar10__sym20__irgr_derpp__seed0.json","C:\work\reliability-gated-replay\results\neural_networks_submission\raw_logs\split_cifar10__sym20__irgr_derpp__seed0.json","original_results","5080159","2026-07-06T00:13:05.5036334Z","727b873864de59a03ac631088e5859a71013ddc97c47494f87dfbb0ab82bcc2e"
"results\neural_networks_submission\raw_logs\split_cifar10__sym20__irgr_derpp__seed1.json","C:\work\reliability-gated-replay\results\neural_networks_submission\raw_logs\split_cifar10__sym20__irgr_derpp__seed1.json","original_results","4780613","2026-07-06T00:15:38.0274937Z","86927361f0a2d472bd87631b63429dda152322848f0a43012c2ff78178873400"
"results\neural_networks_submission\raw_logs\split_cifar10__sym20__irgr_derpp__seed2.json","C:\work\reliability-gated-replay\results\neural_networks_submission\raw_logs\split_cifar10__sym20__irgr_derpp__seed2.json","original_results","4178973","2026-07-06T00:18:10.9046380Z","ff07b703e5a6421659f32e05cc855442c84609510b18c080727c87517d3a6912"
"results\neural_networks_submission\raw_logs\split_cifar10__sym20__irgr_er_ace__seed0.json","C:\work\reliability-gated-replay\results\neural_networks_submission\raw_logs\split_cifar10__sym20__irgr_er_ace__seed0.json","original_results","5069843","2026-07-06T00:20:45.6351494Z","4739e88ccd5dd23323d35181df6ae5ca73b1438a91c0c62a336f948dc47f7e7e"
"results\neural_networks_submission\raw_logs\split_cifar10__sym20__irgr_er_ace__seed1.json","C:\work\reliability-gated-replay\results\neural_networks_submission\raw_logs\split_cifar10__sym20__irgr_er_ace__seed1.json","original_results","5041273","2026-07-06T00:23:16.2108169Z","7365da9f41eb1d5e6185b267ddcef01ab028caee3b1cc21d581a7707e67689be"
"results\neural_networks_submission\raw_logs\split_cifar10__sym20__irgr_er_ace__seed2.json","C:\work\reliability-gated-replay\results\neural_networks_submission\raw_logs\split_cifar10__sym20__irgr_er_ace__seed2.json","original_results","5109677","2026-07-06T00:25:46.6015630Z","fb2be28b63d6ff3cc3d43883a17f860458e3742b832914e05052ebfb061e6018"
"results\neural_networks_submission\raw_logs\split_cifar10__sym20__oracle__seed0.json","C:\work\reliability-gated-replay\results\neural_networks_submission\raw_logs\split_cifar10__sym20__oracle__seed0.json","original_results","5056899","2026-07-06T00:27:30.7748432Z","4c3e04f026247665ee6e71f5849a1d5d4b937a61f97e3053feb6508902597bfa"
"results\neural_networks_submission\raw_logs\split_cifar10__sym20__oracle__seed1.json","C:\work\reliability-gated-replay\results\neural_networks_submission\raw_logs\split_cifar10__sym20__oracle__seed1.json","original_results","5105407","2026-07-06T00:29:11.4207627Z","576d1995602e7343b183bdd111bc1363abac2430cfba1311054fafbe996a86e9"
"results\neural_networks_submission\raw_logs\split_cifar10__sym20__oracle__seed2.json","C:\work\reliability-gated-replay\results\neural_networks_submission\raw_logs\split_cifar10__sym20__oracle__seed2.json","original_results","5122491","2026-07-06T00:30:52.8662992Z","6f8739e06fdeff13e059a184a77a37bf5c39d57b911a499a842e0d271505dd13"
"results\neural_networks_submission\raw_logs\split_cifar10__sym40__derpp__seed0.json","C:\work\reliability-gated-replay\results\neural_networks_submission\raw_logs\split_cifar10__sym40__derpp__seed0.json","original_results","5053829","2026-07-05T17:19:52.1143876Z","304e81394f110208053c10a6a941f9ac494ff74ab5b4d01136935aa550d49029"
"results\neural_networks_submission\raw_logs\split_cifar10__sym40__derpp__seed1.json","C:\work\reliability-gated-replay\results\neural_networks_submission\raw_logs\split_cifar10__sym40__derpp__seed1.json","original_results","5020758","2026-07-05T17:24:59.4570515Z","6e72eb85cf68e96000e7919882a3ed184ddb81430dd5bc6e8418d7d79d43de76"
"results\neural_networks_submission\raw_logs\split_cifar10__sym40__derpp__seed2.json","C:\work\reliability-gated-replay\results\neural_networks_submission\raw_logs\split_cifar10__sym40__derpp__seed2.json","original_results","4991202","2026-07-05T17:30:46.6666507Z","a930242e269f75794b0c307d921c583259d60d7a5c1eeb1f509edb0ec3d20f94"
"results\neural_networks_submission\raw_logs\split_cifar10__sym40__derpp__seed3.json","C:\work\reliability-gated-replay\results\neural_networks_submission\raw_logs\split_cifar10__sym40__derpp__seed3.json","original_results","4834145","2026-07-05T17:35:52.1149748Z","d526ae7e7d0c3ac7bb7386739aa10710cf75cda988ecf6b31e05417d2451aa2f"
"results\neural_networks_submission\raw_logs\split_cifar10__sym40__derpp__seed4.json","C:\work\reliability-gated-replay\results\neural_networks_submission\raw_logs\split_cifar10__sym40__derpp__seed4.json","original_results","5072328","2026-07-05T17:41:20.6544208Z","a68884784e80df23802ee0df0cb7918932561f2bfd06c5200a7a5a8cb82bc578"
"results\neural_networks_submission\raw_logs\split_cifar10__sym40__er__seed0.json","C:\work\reliability-gated-replay\results\neural_networks_submission\raw_logs\split_cifar10__sym40__er__seed0.json","original_results","4986672","2026-07-05T16:56:37.3871627Z","6311f4f758ec45f9278af55ebc36fd1e7679bf02910de65c336873b5b17f617e"
"results\neural_networks_submission\raw_logs\split_cifar10__sym40__er__seed1.json","C:\work\reliability-gated-replay\results\neural_networks_submission\raw_logs\split_cifar10__sym40__er__seed1.json","original_results","5085952","2026-07-05T17:01:14.7053377Z","7f742c8d749f8d7ce40a809e544f7a17aeb3117e0af8a68bf7be1ec09b074408"
"results\neural_networks_submission\raw_logs\split_cifar10__sym40__er__seed2.json","C:\work\reliability-gated-replay\results\neural_networks_submission\raw_logs\split_cifar10__sym40__er__seed2.json","original_results","4976029","2026-07-05T17:05:29.4191412Z","16253231cf82bf8c0e8177377ca7b4fb1dd1a4e83009e3741f7c0de20de0d4e7"
"results\neural_networks_submission\raw_logs\split_cifar10__sym40__er__seed3.json","C:\work\reliability-gated-replay\results\neural_networks_submission\raw_logs\split_cifar10__sym40__er__seed3.json","original_results","5076080","2026-07-05T17:09:53.2194616Z","c804641021718df92013c0d942c529d399b35c18f0700a3db8d1e4f9c46e5f3e"
"results\neural_networks_submission\raw_logs\split_cifar10__sym40__er__seed4.json","C:\work\reliability-gated-replay\results\neural_networks_submission\raw_logs\split_cifar10__sym40__er__seed4.json","original_results","5116201","2026-07-05T17:14:49.7782871Z","d2276780c09ea5a2dedc035272b2ea0ea62c65714407b5235d8b5ba6766cd33e"
"results\neural_networks_submission\raw_logs\split_cifar10__sym40__er_ace__seed0.json","C:\work\reliability-gated-replay\results\neural_networks_submission\raw_logs\split_cifar10__sym40__er_ace__seed0.json","original_results","4986677","2026-07-05T17:46:06.3733977Z","58547a2a78bb6bd71831a29096c157ecea17e300a0ba4a9f11db02229661b166"
"results\neural_networks_submission\raw_logs\split_cifar10__sym40__er_ace__seed1.json","C:\work\reliability-gated-replay\results\neural_networks_submission\raw_logs\split_cifar10__sym40__er_ace__seed1.json","original_results","5096820","2026-07-05T17:50:18.5214467Z","95485ec6a0194f1927a0a8f3aae695b8e2f052a30411e52d8c031cc8332a5188"
"results\neural_networks_submission\raw_logs\split_cifar10__sym40__er_ace__seed2.json","C:\work\reliability-gated-replay\results\neural_networks_submission\raw_logs\split_cifar10__sym40__er_ace__seed2.json","original_results","5033253","2026-07-05T17:55:04.8910878Z","9e35993cd13249eb3a311e05797a4ee44b5c9062ef0d56253c84e0298c745778"
"results\neural_networks_submission\raw_logs\split_cifar10__sym40__er_ace__seed3.json","C:\work\reliability-gated-replay\results\neural_networks_submission\raw_logs\split_cifar10__sym40__er_ace__seed3.json","original_results","5070683","2026-07-05T22:24:57.7520865Z","a66db4e9e3a07ff3b7b3fde46d54a2e965473d46d5fa817bf6855efd38b97aa4"
"results\neural_networks_submission\raw_logs\split_cifar10__sym40__er_ace__seed4.json","C:\work\reliability-gated-replay\results\neural_networks_submission\raw_logs\split_cifar10__sym40__er_ace__seed4.json","original_results","5074092","2026-07-05T22:27:36.9656617Z","60859d033da1e42dc4557be9e37554ed3521013a92291e610896c6192189bf56"
"results\neural_networks_submission\raw_logs\split_cifar10__sym60__arc_full__seed0.json","C:\work\reliability-gated-replay\results\neural_networks_submission\raw_logs\split_cifar10__sym60__arc_full__seed0.json","original_results","4978280","2026-07-03T19:41:09.7453617Z","38df74e1e348b3eaaaca250126f0abc289ab60271320a9e3d6fa4c922353c0f7"
"results\neural_networks_submission\raw_logs\split_cifar10__sym60__arc_lite__seed0.json","C:\work\reliability-gated-replay\results\neural_networks_submission\raw_logs\split_cifar10__sym60__arc_lite__seed0.json","original_results","4965312","2026-07-03T19:40:57.6026038Z","e70732eacb49beb688187ceaa5743c68dbd428fa77e43ffb446f6206ee7bf010"
"results\neural_networks_submission\raw_logs\split_cifar10__sym60__derpp__seed0.json","C:\work\reliability-gated-replay\results\neural_networks_submission\raw_logs\split_cifar10__sym60__derpp__seed0.json","original_results","4935955","2026-07-06T00:38:13.6183809Z","2220b85717bd3d6d45bd8dd24332ce78063e15531e4eaecce1dc176d7baa822d"
"results\neural_networks_submission\raw_logs\split_cifar10__sym60__derpp__seed1.json","C:\work\reliability-gated-replay\results\neural_networks_submission\raw_logs\split_cifar10__sym60__derpp__seed1.json","original_results","4915456","2026-07-06T00:40:11.5437271Z","9e60d28b79580e30d9d21dfbd13d944d308a29d779d0debb1720b84fb052aec7"
"results\neural_networks_submission\raw_logs\split_cifar10__sym60__derpp__seed2.json","C:\work\reliability-gated-replay\results\neural_networks_submission\raw_logs\split_cifar10__sym60__derpp__seed2.json","original_results","4712489","2026-07-06T00:42:09.6208088Z","cebdd1884cd6a83add1790506380c9a94f33516d649770e3f0644a3ce1360754"
"results\neural_networks_submission\raw_logs\split_cifar10__sym60__er__seed0.json","C:\work\reliability-gated-replay\results\neural_networks_submission\raw_logs\split_cifar10__sym60__er__seed0.json","original_results","5097554","2026-07-06T00:32:49.5486620Z","116f1e4a612ac6427a819a4599098007fac7562a859548c1fb5687e3f3ca9182"
"results\neural_networks_submission\raw_logs\split_cifar10__sym60__er__seed1.json","C:\work\reliability-gated-replay\results\neural_networks_submission\raw_logs\split_cifar10__sym60__er__seed1.json","original_results","5154384","2026-07-06T00:34:36.7184240Z","bfe0aabfa865e2b7ccc22a7fe47de4cea81b57986d4c8ccd385f99f3ab4adac4"
"results\neural_networks_submission\raw_logs\split_cifar10__sym60__er__seed2.json","C:\work\reliability-gated-replay\results\neural_networks_submission\raw_logs\split_cifar10__sym60__er__seed2.json","original_results","5117994","2026-07-06T00:36:17.7518406Z","b691d58a8259ffaa7d26370fd757044733d685de2c61bc67e659b4137a9aa3b7"
"results\neural_networks_submission\raw_logs\split_cifar10__sym60__er_ace__seed0.json","C:\work\reliability-gated-replay\results\neural_networks_submission\raw_logs\split_cifar10__sym60__er_ace__seed0.json","original_results","5097561","2026-07-06T00:44:06.7934258Z","fb6eb7cf962ce958bedf91d1a384aa6c7cf56bd4b9d3d1cf181c073e3996f580"
"results\neural_networks_submission\raw_logs\split_cifar10__sym60__er_ace__seed1.json","C:\work\reliability-gated-replay\results\neural_networks_submission\raw_logs\split_cifar10__sym60__er_ace__seed1.json","original_results","5126281","2026-07-06T00:45:56.8684530Z","ab6ff4d91c40984815c1c39f86d723ad0a182f24c91efc9646b8f19f480e52cd"
"results\neural_networks_submission\raw_logs\split_cifar10__sym60__er_ace__seed2.json","C:\work\reliability-gated-replay\results\neural_networks_submission\raw_logs\split_cifar10__sym60__er_ace__seed2.json","original_results","4997487","2026-07-06T00:47:43.0714057Z","235e2ed717b68f37b1f60bcbe23f153d707adc044948bd3d28c341540a596364"
"results\neural_networks_submission\raw_logs\split_cifar10__sym60__gate_conf__seed0.json","C:\work\reliability-gated-replay\results\neural_networks_submission\raw_logs\split_cifar10__sym60__gate_conf__seed0.json","original_results","5128522","2026-07-06T00:55:27.2328624Z","3706716e08b9f6bbf67aab1ad4bb091acdd67c987e6feb5fff5a6e4ad7a22279"
"results\neural_networks_submission\raw_logs\split_cifar10__sym60__gate_conf__seed1.json","C:\work\reliability-gated-replay\results\neural_networks_submission\raw_logs\split_cifar10__sym60__gate_conf__seed1.json","original_results","5122129","2026-07-06T00:57:22.7569447Z","0cb8a229c6a1be009101ccd8a54660d7eb0a45fe58ca710f753cc4611be15f2f"
"results\neural_networks_submission\raw_logs\split_cifar10__sym60__gate_conf__seed2.json","C:\work\reliability-gated-replay\results\neural_networks_submission\raw_logs\split_cifar10__sym60__gate_conf__seed2.json","original_results","5042984","2026-07-06T00:59:17.8246360Z","84b3056c7e8b0763f41a4e93c3ca7c9e30214f0e2fcdc44df303e76a0620e7a6"
"results\neural_networks_submission\raw_logs\split_cifar10__sym60__gate_loss__seed0.json","C:\work\reliability-gated-replay\results\neural_networks_submission\raw_logs\split_cifar10__sym60__gate_loss__seed0.json","original_results","5144903","2026-07-06T00:49:35.0008106Z","9317a9f794c1cff27f0a5fd4d227252d97242b29a7c5696c29956fa7ea50a79e"
"results\neural_networks_submission\raw_logs\split_cifar10__sym60__gate_loss__seed1.json","C:\work\reliability-gated-replay\results\neural_networks_submission\raw_logs\split_cifar10__sym60__gate_loss__seed1.json","original_results","5114896","2026-07-06T00:51:36.9840880Z","839b8157d6797c3f038fbc2f9a3e9b65785d0b15d815af6ff81f8692aec58266"
"results\neural_networks_submission\raw_logs\split_cifar10__sym60__gate_loss__seed2.json","C:\work\reliability-gated-replay\results\neural_networks_submission\raw_logs\split_cifar10__sym60__gate_loss__seed2.json","original_results","5115880","2026-07-06T00:53:30.2349858Z","bb77850073deaefc6f6747582be976ac0b0c3cf25f001666b71e541cac41e59d"
"results\neural_networks_submission\raw_logs\split_cifar10__sym60__irgr__seed0.json","C:\work\reliability-gated-replay\results\neural_networks_submission\raw_logs\split_cifar10__sym60__irgr__seed0.json","original_results","5067524","2026-07-06T01:01:53.9206632Z","f07bf41518976c0d96001a2ad474a22da78cdb3ff044d94fc4e19daa7748cafd"
"results\neural_networks_submission\raw_logs\split_cifar10__sym60__irgr__seed1.json","C:\work\reliability-gated-replay\results\neural_networks_submission\raw_logs\split_cifar10__sym60__irgr__seed1.json","original_results","5113107","2026-07-06T01:04:32.9631756Z","ad80011f3b7eb9f05fd8239394030f40248b8a6c79c52d9dd8201b04fe75cf00"
"results\neural_networks_submission\raw_logs\split_cifar10__sym60__irgr__seed2.json","C:\work\reliability-gated-replay\results\neural_networks_submission\raw_logs\split_cifar10__sym60__irgr__seed2.json","original_results","4986984","2026-07-06T01:07:09.3001200Z","e29ea7216881439da3b679e19d383f2b9fb2fabdf7b99736d9f22e2085faa4b2"
"results\neural_networks_submission\raw_logs\split_cifar10__sym60__irgr_derpp__seed0.json","C:\work\reliability-gated-replay\results\neural_networks_submission\raw_logs\split_cifar10__sym60__irgr_derpp__seed0.json","original_results","3312081","2026-07-06T01:09:46.6106940Z","7f4b832b673fab7d40f30aa8d51c8521e5eba3e998c6d8becefe3088fbe7658e"
"results\neural_networks_submission\raw_logs\split_cifar10__sym60__irgr_derpp__seed1.json","C:\work\reliability-gated-replay\results\neural_networks_submission\raw_logs\split_cifar10__sym60__irgr_derpp__seed1.json","original_results","4822392","2026-07-06T01:12:26.6366641Z","b943c965a4561305b8ec3f8bd72e5904d64fe3315d6c64dbc8ec7df4bbe034b8"
"results\neural_networks_submission\raw_logs\split_cifar10__sym60__irgr_derpp__seed2.json","C:\work\reliability-gated-replay\results\neural_networks_submission\raw_logs\split_cifar10__sym60__irgr_derpp__seed2.json","original_results","4577040","2026-07-06T01:15:05.4137631Z","40a74b29e12621dffbb60561776394ab1ef7d069b5256a9392267e590eda367d"
"results\neural_networks_submission\raw_logs\split_cifar10__sym60__irgr_er_ace__seed0.json","C:\work\reliability-gated-replay\results\neural_networks_submission\raw_logs\split_cifar10__sym60__irgr_er_ace__seed0.json","original_results","5067531","2026-07-06T01:17:46.3243679Z","2f73ca67d36ca7ccc5b33f110df39d686bc99011051c6e24651e0d776a39f5dd"
"results\neural_networks_submission\raw_logs\split_cifar10__sym60__irgr_er_ace__seed1.json","C:\work\reliability-gated-replay\results\neural_networks_submission\raw_logs\split_cifar10__sym60__irgr_er_ace__seed1.json","original_results","5113115","2026-07-06T01:25:07.7292973Z","78c8948bdda77050e4f6b71f419201c9b540af2fc567c067b7617fa69035a263"
"results\neural_networks_submission\README_RESULTS.md","C:\work\reliability-gated-replay\results\neural_networks_submission\README_RESULTS.md","original_results","8442","2026-07-03T19:11:38.6415191Z","ace26f57a7c69f8ecf331488bc29b03e95392e0cf0ccb3f2237f43253b336b9c"
"results\neural_networks_submission\reviewer_analysis\aer_summary.csv","C:\work\reliability-gated-replay\results\neural_networks_submission\reviewer_analysis\aer_summary.csv","original_results","576","2026-07-03T19:11:40.1476085Z","f39f994cf67dcd3502584503c049019f055b7f34ce9d4f02f346b4df4b13f855"
"results\neural_networks_submission\reviewer_analysis\class_il_regression.csv","C:\work\reliability-gated-replay\results\neural_networks_submission\reviewer_analysis\class_il_regression.csv","original_results","179","2026-07-03T19:11:40.1526130Z","25032e2ed6c056c4af856bea69edd4a54fd3b8616591b468b9e8a9eb66e5b8fe"
"results\neural_networks_submission\reviewer_analysis\integrated_frontier.csv","C:\work\reliability-gated-replay\results\neural_networks_submission\reviewer_analysis\integrated_frontier.csv","original_results","1626","2026-07-03T19:11:40.1586181Z","21c7dd0fba0b9e981168e2fc7ea5a630a7063d51aebbf565d134bf55af81bb19"
"results\neural_networks_submission\saved_results_recovery\buffer_grid_deltas.csv","C:\work\reliability-gated-replay\results\neural_networks_submission\saved_results_recovery\buffer_grid_deltas.csv","original_results","673","2026-07-03T19:11:40.1626167Z","696165717e97f3e59a8a74b510a6035e554836b2e52540486780f0f8b2fd1b6c"
"results\neural_networks_submission\saved_results_recovery\cifar_accuracy_mean_sd.csv","C:\work\reliability-gated-replay\results\neural_networks_submission\saved_results_recovery\cifar_accuracy_mean_sd.csv","original_results","2335","2026-07-03T19:11:40.1730427Z","2183ba11a63450f39946bdde14c9ebf4ea8cca45223d8b36be5ee4c90af7af78"
"results\neural_networks_submission\saved_results_recovery\matched_control_deltas.csv","C:\work\reliability-gated-replay\results\neural_networks_submission\saved_results_recovery\matched_control_deltas.csv","original_results","987","2026-07-03T19:11:40.1792008Z","ba45f2ee9540cbfc8ac81238b4c79f0545cb1cfa7ce72b89ba9ba8b3d6ca8831"
"results\neural_networks_submission\saved_results_recovery\RECOVERY_NOTES.md","C:\work\reliability-gated-replay\results\neural_networks_submission\saved_results_recovery\RECOVERY_NOTES.md","original_results","955","2026-07-03T19:11:40.1626167Z","64a79799a64eb2accede2aa51e15295ad71655f118c3852c6b3690a18421f7f3"
"results\neural_networks_submission\saved_results_recovery\table_cifar_mean_sd.tex","C:\work\reliability-gated-replay\results\neural_networks_submission\saved_results_recovery\table_cifar_mean_sd.tex","manuscript_or_publication","1193","2026-07-03T19:11:40.1792008Z","161680089ba88f64e4ee1ce5b1f8b23faceeb15ac791a1b44f60b7d5afc5fa85"
"results\neural_networks_submission\saved_results_recovery\table_robustness_controls.tex","C:\work\reliability-gated-replay\results\neural_networks_submission\saved_results_recovery\table_robustness_controls.tex","manuscript_or_publication","2532","2026-07-03T19:11:40.1945712Z","d6dcaef6a7ef77e07cba34370eb02d6f4b806bcca38a6e6f5337aff780825655"
"results\neural_networks_submission\saved_results_recovery\threshold_grid_summary.csv","C:\work\reliability-gated-replay\results\neural_networks_submission\saved_results_recovery\threshold_grid_summary.csv","original_results","2779","2026-07-03T19:11:40.1995084Z","25378faacee3e34fb95f4bee0501cc44c061afd28d053c991febca8c6a4036b9"
"results\neural_networks_submission\stats\descriptives.csv","C:\work\reliability-gated-replay\results\neural_networks_submission\stats\descriptives.csv","original_results","237476","2026-07-03T19:11:40.2106765Z","82e485599032594d4da6acc7f695086e71d9844d22937228631d982f9849c048"
"results\neural_networks_submission\stats\frontier_correlations.csv","C:\work\reliability-gated-replay\results\neural_networks_submission\stats\frontier_correlations.csv","original_results","4572","2026-07-03T19:11:40.2106765Z","0568572c5a51c2f17fbad9b9cc3e523c16518463ef4ec46ac7e7786e2cb87ddf"
"results\neural_networks_submission\stats\oracle_gap.csv","C:\work\reliability-gated-replay\results\neural_networks_submission\stats\oracle_gap.csv","original_results","8290","2026-07-03T19:11:40.2264389Z","484612645fb0d92bc747919dd763b136fa4ae2184fb71c44c33e715bba4c3d08"
"results\neural_networks_submission\stats\paired_tests.csv","C:\work\reliability-gated-replay\results\neural_networks_submission\stats\paired_tests.csv","original_results","637072","2026-07-03T19:11:40.2360090Z","bc8c8131e9a913655633691b16c1289f1e059b4ecfe3b19e65fb3d23b5b568c0"
"results\neural_networks_submission\stats\STATS_SUMMARY.md","C:\work\reliability-gated-replay\results\neural_networks_submission\stats\STATS_SUMMARY.md","original_results","14231","2026-07-03T19:11:40.1995084Z","51f0fde0d8d81be90f082da3ed7e0990cb7e1a7707213afa4b2afa6384fbdc81"
"results\neural_networks_submission\stats\table_S1_vs_er.csv","C:\work\reliability-gated-replay\results\neural_networks_submission\stats\table_S1_vs_er.csv","original_results","30431","2026-07-03T19:11:40.2410098Z","92bd43a392d6a311de87ea62443c6743f28947f2cc5939f2fcb5acfd437e7fc4"
"results\neural_networks_submission\stats\table_S2_vs_derpp.csv","C:\work\reliability-gated-replay\results\neural_networks_submission\stats\table_S2_vs_derpp.csv","original_results","25591","2026-07-03T19:11:40.2480106Z","153e79f49aa8c2e6f8bca91491587bdc80945d5eaa874cc8b71ab5bef99480c2"
"results\neural_networks_submission\stats\two_predictor_regression.csv","C:\work\reliability-gated-replay\results\neural_networks_submission\stats\two_predictor_regression.csv","original_results","694","2026-07-09T16:47:07.8795762Z","aa022997266cd9e1cc89be3708eb2958181165fc204c4daa6845b55fc65f251e"
"results\neural_networks_submission\tables\baseline_implementation_status.csv","C:\work\reliability-gated-replay\results\neural_networks_submission\tables\baseline_implementation_status.csv","original_results","2886","2026-07-03T19:11:40.2581260Z","ee63320a816e93d058eef67e045d56e5b8df1559a6048b0ec09d55a5c01fbbbb"
"results\neural_networks_submission\tables\table1_benchmark_method_coverage.csv","C:\work\reliability-gated-replay\results\neural_networks_submission\tables\table1_benchmark_method_coverage.csv","original_results","606","2026-07-06T17:51:38.0888781Z","629f04850172dd314b30ccb024be3c8ea5fc4647e9d7f0c56ed7f456637ae7f3"
"results\neural_networks_submission\tables\table1_benchmark_method_coverage.md","C:\work\reliability-gated-replay\results\neural_networks_submission\tables\table1_benchmark_method_coverage.md","original_results","1126","2026-07-06T17:51:38.0899108Z","a200b75be331a175b9fd39c361f39d979fb2b1a895b1366e68d2f9f8795237ca"
"results\neural_networks_submission\tables\table2_main_cifar10.csv","C:\work\reliability-gated-replay\results\neural_networks_submission\tables\table2_main_cifar10.csv","original_results","2886","2026-07-06T17:51:38.1180806Z","9372a7a399b6beb630d769b973ec5bb2beb86f45ab520b1be519895497ceba74"
"results\neural_networks_submission\tables\table2_main_cifar10.md","C:\work\reliability-gated-replay\results\neural_networks_submission\tables\table2_main_cifar10.md","original_results","3662","2026-07-06T17:51:38.1218026Z","4a1aecd3ebf7164e4e07508907ddacfaeabae8be4209c2635a782932ee317f9d"
"results\neural_networks_submission\tables\table3_noisy_label.csv","C:\work\reliability-gated-replay\results\neural_networks_submission\tables\table3_noisy_label.csv","original_results","3124","2026-07-06T17:51:38.1400949Z","32680fc89e36d3b420c60deb0c28cd509b2b6490e4b5d436fde3d1c55ab0217b"
"results\neural_networks_submission\tables\table3_noisy_label.md","C:\work\reliability-gated-replay\results\neural_networks_submission\tables\table3_noisy_label.md","original_results","4332","2026-07-06T17:51:38.1400949Z","0f5b8ae80544b6059cf3bf8ad61500636df6bc6119a97a61c69ec0de0f469ed5"
"results\neural_networks_submission\tables\table4_gate_diagnostics.csv","C:\work\reliability-gated-replay\results\neural_networks_submission\tables\table4_gate_diagnostics.csv","original_results","5808","2026-07-06T17:51:38.2067433Z","479eb9f1ed0adbfecb6f9866c2dd624718d95206cefe65c4b2fa4cf9822fe06f"
"results\neural_networks_submission\tables\table4_gate_diagnostics.md","C:\work\reliability-gated-replay\results\neural_networks_submission\tables\table4_gate_diagnostics.md","original_results","7609","2026-07-06T17:51:38.2067433Z","d13b9310d18b9ff9a7f71a21e987fb9cbd5f8fb65bb493d692e3391c7d213920"
"results\neural_networks_submission\tables\table6_ablation.csv","C:\work\reliability-gated-replay\results\neural_networks_submission\tables\table6_ablation.csv","original_results","796","2026-07-06T17:51:38.2243401Z","d7b3e7ecd4d3e334462180a35497dd7302eb17d16d6279be891dfa7de621d9fd"
"results\neural_networks_submission\tables\table6_ablation.md","C:\work\reliability-gated-replay\results\neural_networks_submission\tables\table6_ablation.md","original_results","1036","2026-07-06T17:51:38.2243401Z","2d8180eafd38d63c3ddc6f9920f176d39940ece21b564137e0825db9ac6ee8fe"
"results\paired_uncertainty\paired_summary.csv","C:\work\reliability-gated-replay\results\paired_uncertainty\paired_summary.csv","original_results","2619","2026-07-03T19:11:40.3302341Z","b7e4a3c7a6f5395288072c24cfcd67bd25af0d34ea735bb148713bfebf350173"
"results\paired_uncertainty\per_seed_differences.csv","C:\work\reliability-gated-replay\results\paired_uncertainty\per_seed_differences.csv","original_results","10812","2026-07-03T19:11:40.3372755Z","37df1039d6d149252032be4094bd4b531c16792cdb43cc6ada1ac8a2a50e2cad"
"results\paired_uncertainty\README.md","C:\work\reliability-gated-replay\results\paired_uncertainty\README.md","original_results","754","2026-07-03T19:11:40.3242062Z","06c83e2ecf477cdbd099cd244646f602059e42171bdf4b6bda3938c99c86217d"
"results\paired_uncertainty\table_paired_cifar_claims.tex","C:\work\reliability-gated-replay\results\paired_uncertainty\table_paired_cifar_claims.tex","manuscript_or_publication","2153","2026-07-03T19:11:40.3473190Z","8c892509a43908ec2ae4fe1b38d9119cdfb35105a02dd0c8ee35064d7cee5e9a"
"results\projected_taskil_cifar10n\configs\cifar10n_taskil__c10n_aggre__derpp__seed0.json","C:\work\reliability-gated-replay\results\projected_taskil_cifar10n\configs\cifar10n_taskil__c10n_aggre__derpp__seed0.json","original_results","482","2026-07-03T19:11:40.3979794Z","ce4fecde8fce344960d109a766fa6fe7058e4121f4d22cf0f29bb1129bb7c839"
"results\projected_taskil_cifar10n\configs\cifar10n_taskil__c10n_aggre__derpp__seed1.json","C:\work\reliability-gated-replay\results\projected_taskil_cifar10n\configs\cifar10n_taskil__c10n_aggre__derpp__seed1.json","original_results","482","2026-07-03T19:11:40.3979794Z","530f39289a854f9d39a84dbdd6b99d31d360720db85293b54617a42570fa3641"
"results\projected_taskil_cifar10n\configs\cifar10n_taskil__c10n_aggre__derpp__seed2.json","C:\work\reliability-gated-replay\results\projected_taskil_cifar10n\configs\cifar10n_taskil__c10n_aggre__derpp__seed2.json","original_results","482","2026-07-03T19:11:40.4198444Z","774c9cb87b934d135f6330a38f01741803a184edd0b02f6bb8e13f966571689f"
"results\projected_taskil_cifar10n\configs\cifar10n_taskil__c10n_aggre__derpp__seed3.json","C:\work\reliability-gated-replay\results\projected_taskil_cifar10n\configs\cifar10n_taskil__c10n_aggre__derpp__seed3.json","original_results","482","2026-07-03T19:11:40.4218526Z","cfc828e280d5e2cee1e2b1326723efe78ac2888798c7a827bb66e93eb632f4ef"
"results\projected_taskil_cifar10n\configs\cifar10n_taskil__c10n_aggre__derpp__seed4.json","C:\work\reliability-gated-replay\results\projected_taskil_cifar10n\configs\cifar10n_taskil__c10n_aggre__derpp__seed4.json","original_results","482","2026-07-03T19:11:40.4331629Z","1633ad1b5b15dea05d5cc4719b4ac357c145b8454abedda2a6d4eb9a9a0ccc0d"
"results\projected_taskil_cifar10n\configs\cifar10n_taskil__c10n_aggre__er__seed0.json","C:\work\reliability-gated-replay\results\projected_taskil_cifar10n\configs\cifar10n_taskil__c10n_aggre__er__seed0.json","original_results","448","2026-07-03T19:11:40.4373605Z","99671f214c38bf97f7d9b2fbb491b9aac6a57cdb5f78a7f0e3b3860e22fa2ca8"
"results\projected_taskil_cifar10n\configs\cifar10n_taskil__c10n_aggre__er__seed1.json","C:\work\reliability-gated-replay\results\projected_taskil_cifar10n\configs\cifar10n_taskil__c10n_aggre__er__seed1.json","original_results","448","2026-07-03T19:11:40.4373605Z","0a7e5f5f1f788edaaa152f1f3f50dd3003bf36d7b409ad6209a770395d5faee0"
"results\projected_taskil_cifar10n\configs\cifar10n_taskil__c10n_aggre__er__seed2.json","C:\work\reliability-gated-replay\results\projected_taskil_cifar10n\configs\cifar10n_taskil__c10n_aggre__er__seed2.json","original_results","448","2026-07-03T19:11:40.4373605Z","2729da3bb75fd56c83ce0b82eac9884bfb396131dd304f429ed955a408f273fe"
"results\projected_taskil_cifar10n\configs\cifar10n_taskil__c10n_aggre__er__seed3.json","C:\work\reliability-gated-replay\results\projected_taskil_cifar10n\configs\cifar10n_taskil__c10n_aggre__er__seed3.json","original_results","448","2026-07-03T19:11:40.4538154Z","625019eb9692fea5dc45ba65fecdcdd38a8274e8bfdfe83cada7e3d48a10b60e"
"results\projected_taskil_cifar10n\configs\cifar10n_taskil__c10n_aggre__er__seed4.json","C:\work\reliability-gated-replay\results\projected_taskil_cifar10n\configs\cifar10n_taskil__c10n_aggre__er__seed4.json","original_results","448","2026-07-03T19:11:40.4538154Z","00293ebb8a52c7159e24e36ecf2b29bfc4ea2b33fc879063d46080f03e8317df"
"results\projected_taskil_cifar10n\configs\cifar10n_taskil__c10n_aggre__gate_conf__seed0.json","C:\work\reliability-gated-replay\results\projected_taskil_cifar10n\configs\cifar10n_taskil__c10n_aggre__gate_conf__seed0.json","original_results","595","2026-07-03T19:11:40.4538154Z","2d74bdea86aad63c236b1b6d702164a7d7f3898afae18e3d3108da7d71884a2f"
"results\projected_taskil_cifar10n\configs\cifar10n_taskil__c10n_aggre__gate_conf__seed1.json","C:\work\reliability-gated-replay\results\projected_taskil_cifar10n\configs\cifar10n_taskil__c10n_aggre__gate_conf__seed1.json","original_results","595","2026-07-03T19:11:40.4707135Z","69209b7b9dc11456c65a083d14dd2a9ea51a6a703c7515e9e54f4fe734f15ce1"
"results\projected_taskil_cifar10n\configs\cifar10n_taskil__c10n_aggre__gate_conf__seed2.json","C:\work\reliability-gated-replay\results\projected_taskil_cifar10n\configs\cifar10n_taskil__c10n_aggre__gate_conf__seed2.json","original_results","595","2026-07-03T19:11:40.4707135Z","2023c56cd623ed301e8ffd858c3b92e078ab23df450744d71b1fd8d17b8b4e41"
"results\projected_taskil_cifar10n\configs\cifar10n_taskil__c10n_aggre__gate_conf__seed3.json","C:\work\reliability-gated-replay\results\projected_taskil_cifar10n\configs\cifar10n_taskil__c10n_aggre__gate_conf__seed3.json","original_results","595","2026-07-03T19:11:40.4707135Z","4e76741141cdb2e0f81b56e2e7b866e6c5c2f001141f7fa2567b77c9f5e5c3c8"
"results\projected_taskil_cifar10n\configs\cifar10n_taskil__c10n_aggre__gate_conf__seed4.json","C:\work\reliability-gated-replay\results\projected_taskil_cifar10n\configs\cifar10n_taskil__c10n_aggre__gate_conf__seed4.json","original_results","595","2026-07-03T19:11:40.4871840Z","806babf4d355a3a97c5e5b0ba090c7fafb3a715be8e5e065d2bdb42c712b5f3e"
"results\projected_taskil_cifar10n\configs\cifar10n_taskil__c10n_aggre__gate_loss__seed0.json","C:\work\reliability-gated-replay\results\projected_taskil_cifar10n\configs\cifar10n_taskil__c10n_aggre__gate_loss__seed0.json","original_results","602","2026-07-03T19:11:40.4871840Z","bf349a6a088f8ebaed08780e2d0a86892ba42b6dea0c5546b623bee1e0c8966d"
"results\projected_taskil_cifar10n\configs\cifar10n_taskil__c10n_aggre__gate_loss__seed1.json","C:\work\reliability-gated-replay\results\projected_taskil_cifar10n\configs\cifar10n_taskil__c10n_aggre__gate_loss__seed1.json","original_results","602","2026-07-03T19:11:40.4871840Z","ebf5ab2782856acb1ae65ea98c5d89f67254b844cd79c7709c35f276f33b55da"
"results\projected_taskil_cifar10n\configs\cifar10n_taskil__c10n_aggre__gate_loss__seed2.json","C:\work\reliability-gated-replay\results\projected_taskil_cifar10n\configs\cifar10n_taskil__c10n_aggre__gate_loss__seed2.json","original_results","602","2026-07-03T19:11:40.5023728Z","12eec902527fc120f6edb67207cb25c7ec3c7a01297179c1762f05d8a3d892ee"
"results\projected_taskil_cifar10n\configs\cifar10n_taskil__c10n_aggre__gate_loss__seed3.json","C:\work\reliability-gated-replay\results\projected_taskil_cifar10n\configs\cifar10n_taskil__c10n_aggre__gate_loss__seed3.json","original_results","602","2026-07-03T19:11:40.5023728Z","349b3f28a7f76f9ef73a0fd7f331c6877c8171cd1b7f06131a055d71516f0952"
"results\projected_taskil_cifar10n\configs\cifar10n_taskil__c10n_aggre__gate_loss__seed4.json","C:\work\reliability-gated-replay\results\projected_taskil_cifar10n\configs\cifar10n_taskil__c10n_aggre__gate_loss__seed4.json","original_results","602","2026-07-03T19:11:40.5023728Z","c581796af1769e973ce45bbd2a9ae83cc19b51f773d700d3e61e5657b048c020"
"results\projected_taskil_cifar10n\configs\cifar10n_taskil__c10n_aggre__oracle__seed0.json","C:\work\reliability-gated-replay\results\projected_taskil_cifar10n\configs\cifar10n_taskil__c10n_aggre__oracle__seed0.json","original_results","474","2026-07-03T19:11:40.5183365Z","20d00ef8831aa229c77514c86610926d38f8678f920af125e72eb2f3d8023ad4"
"results\projected_taskil_cifar10n\configs\cifar10n_taskil__c10n_aggre__oracle__seed1.json","C:\work\reliability-gated-replay\results\projected_taskil_cifar10n\configs\cifar10n_taskil__c10n_aggre__oracle__seed1.json","original_results","474","2026-07-03T19:11:40.5183365Z","f5963e2044262b5137b6b3540e18c7dd8914205b86fdf2c5dfebc610c0e60b78"
"results\projected_taskil_cifar10n\configs\cifar10n_taskil__c10n_aggre__oracle__seed2.json","C:\work\reliability-gated-replay\results\projected_taskil_cifar10n\configs\cifar10n_taskil__c10n_aggre__oracle__seed2.json","original_results","474","2026-07-03T19:11:40.5183365Z","fa0a3245624e6eef5d66321e410207c8966274e14b56f0cd084e2152c8ce043f"
"results\projected_taskil_cifar10n\configs\cifar10n_taskil__c10n_aggre__oracle__seed3.json","C:\work\reliability-gated-replay\results\projected_taskil_cifar10n\configs\cifar10n_taskil__c10n_aggre__oracle__seed3.json","original_results","474","2026-07-03T19:11:40.5371852Z","3e5790eef76a5541100b7fe94d8fd27332bf749914db9e2eb3dd18c5e1f21c4f"
"results\projected_taskil_cifar10n\configs\cifar10n_taskil__c10n_aggre__oracle__seed4.json","C:\work\reliability-gated-replay\results\projected_taskil_cifar10n\configs\cifar10n_taskil__c10n_aggre__oracle__seed4.json","original_results","474","2026-07-03T19:11:40.5371852Z","eb7e3a977b3122ad22aa5c5389a0915fe57fd8fe00409cb0d30e51b8d8b94844"
"results\projected_taskil_cifar10n\configs\cifar10n_taskil__c10n_worse__derpp__seed0.json","C:\work\reliability-gated-replay\results\projected_taskil_cifar10n\configs\cifar10n_taskil__c10n_worse__derpp__seed0.json","original_results","482","2026-07-03T19:11:40.5371852Z","141334f11622632f48b27aa5ac9764055a5fc5ed9f97928432fdc7b6d85ed464"
"results\projected_taskil_cifar10n\configs\cifar10n_taskil__c10n_worse__derpp__seed1.json","C:\work\reliability-gated-replay\results\projected_taskil_cifar10n\configs\cifar10n_taskil__c10n_worse__derpp__seed1.json","original_results","482","2026-07-03T19:11:40.5537619Z","85d90ad02021650d9714bdfb56da56b5f39ee9d1d215afb16ceb2ae152f5bb4b"
"results\projected_taskil_cifar10n\configs\cifar10n_taskil__c10n_worse__derpp__seed2.json","C:\work\reliability-gated-replay\results\projected_taskil_cifar10n\configs\cifar10n_taskil__c10n_worse__derpp__seed2.json","original_results","482","2026-07-03T19:11:40.5537619Z","6dc6a61c952ee2aa721e427828ed0292a68a0c6988a659d4679e9395e477b9cc"
"results\projected_taskil_cifar10n\configs\cifar10n_taskil__c10n_worse__derpp__seed3.json","C:\work\reliability-gated-replay\results\projected_taskil_cifar10n\configs\cifar10n_taskil__c10n_worse__derpp__seed3.json","original_results","482","2026-07-03T19:11:40.5537619Z","ead014128b9a17ca99c9f116c7889089734bd3e225b36b11ce6b6b983a1bb5c3"
"results\projected_taskil_cifar10n\configs\cifar10n_taskil__c10n_worse__derpp__seed4.json","C:\work\reliability-gated-replay\results\projected_taskil_cifar10n\configs\cifar10n_taskil__c10n_worse__derpp__seed4.json","original_results","482","2026-07-03T19:11:40.5707505Z","4b336c194a6c82110eebc702ce3c4f842ac488471e4dc71fdfde0b1f14a390b9"
"results\projected_taskil_cifar10n\configs\cifar10n_taskil__c10n_worse__er__seed0.json","C:\work\reliability-gated-replay\results\projected_taskil_cifar10n\configs\cifar10n_taskil__c10n_worse__er__seed0.json","original_results","448","2026-07-03T19:11:40.5707505Z","9ada1697852aa9d4933a38aa824181d498b22d8dd599c0f2597b93a246df2067"
"results\projected_taskil_cifar10n\configs\cifar10n_taskil__c10n_worse__er__seed1.json","C:\work\reliability-gated-replay\results\projected_taskil_cifar10n\configs\cifar10n_taskil__c10n_worse__er__seed1.json","original_results","448","2026-07-03T19:11:40.5707505Z","19dfd07550870072cdb85b7eb4b06b35ce1d1a47cfaed8b2799c362c807bb0a7"
"results\projected_taskil_cifar10n\configs\cifar10n_taskil__c10n_worse__er__seed2.json","C:\work\reliability-gated-replay\results\projected_taskil_cifar10n\configs\cifar10n_taskil__c10n_worse__er__seed2.json","original_results","448","2026-07-03T19:11:40.5902885Z","e124ea94ce2c22f559e102bd3307e5b426bcdc6d4a59274f1def92c94c3373bf"
"results\projected_taskil_cifar10n\configs\cifar10n_taskil__c10n_worse__er__seed3.json","C:\work\reliability-gated-replay\results\projected_taskil_cifar10n\configs\cifar10n_taskil__c10n_worse__er__seed3.json","original_results","448","2026-07-03T19:11:40.5966269Z","a4b39d4388ae68ef78f7c1fc4dfc2f06f0c26627d9c3d8c7670ec3c025d110d5"
"results\projected_taskil_cifar10n\configs\cifar10n_taskil__c10n_worse__er__seed4.json","C:\work\reliability-gated-replay\results\projected_taskil_cifar10n\configs\cifar10n_taskil__c10n_worse__er__seed4.json","original_results","448","2026-07-03T19:11:40.6006284Z","c9ebacee70b0949238adccab9aa27db8984732429a407219c1da9e100b498fd1"
"results\projected_taskil_cifar10n\configs\cifar10n_taskil__c10n_worse__gate_conf__seed0.json","C:\work\reliability-gated-replay\results\projected_taskil_cifar10n\configs\cifar10n_taskil__c10n_worse__gate_conf__seed0.json","original_results","595","2026-07-03T19:11:40.6006284Z","0f4356159cbc646302488f2c7374d69c61b16a7545378581d19f6e7601364199"
"results\projected_taskil_cifar10n\configs\cifar10n_taskil__c10n_worse__gate_conf__seed1.json","C:\work\reliability-gated-replay\results\projected_taskil_cifar10n\configs\cifar10n_taskil__c10n_worse__gate_conf__seed1.json","original_results","595","2026-07-03T19:11:40.6006284Z","ab4c2c28f1ec6dc3697443105fedf810725a86e553b3b638629e7c30f4d06945"
"results\projected_taskil_cifar10n\configs\cifar10n_taskil__c10n_worse__gate_conf__seed2.json","C:\work\reliability-gated-replay\results\projected_taskil_cifar10n\configs\cifar10n_taskil__c10n_worse__gate_conf__seed2.json","original_results","595","2026-07-03T19:11:40.6166155Z","51c5e29f5863b9a08eb7af441554f689694e21e2ce2d39608383bd1b5b5ce21e"
"results\projected_taskil_cifar10n\configs\cifar10n_taskil__c10n_worse__gate_conf__seed3.json","C:\work\reliability-gated-replay\results\projected_taskil_cifar10n\configs\cifar10n_taskil__c10n_worse__gate_conf__seed3.json","original_results","595","2026-07-03T19:11:40.6166155Z","fc618c6ec146434dd04bcb2f0ce2ec480b57ed7be00704fa0237a7763f7b545d"
"results\projected_taskil_cifar10n\configs\cifar10n_taskil__c10n_worse__gate_conf__seed4.json","C:\work\reliability-gated-replay\results\projected_taskil_cifar10n\configs\cifar10n_taskil__c10n_worse__gate_conf__seed4.json","original_results","595","2026-07-03T19:11:40.6166155Z","2e1e4b98cc4a89c9942f0b1e55ddae96cb0ee260f2aebf6702e384074b63c00b"
"results\projected_taskil_cifar10n\configs\cifar10n_taskil__c10n_worse__gate_loss__seed0.json","C:\work\reliability-gated-replay\results\projected_taskil_cifar10n\configs\cifar10n_taskil__c10n_worse__gate_loss__seed0.json","original_results","602","2026-07-03T19:11:40.6336211Z","3a1da5533ed622d3de2f46e5c5d7819d06177bf434f18f6331219b9679e93b8e"
"results\projected_taskil_cifar10n\configs\cifar10n_taskil__c10n_worse__gate_loss__seed1.json","C:\work\reliability-gated-replay\results\projected_taskil_cifar10n\configs\cifar10n_taskil__c10n_worse__gate_loss__seed1.json","original_results","602","2026-07-03T19:11:40.6371908Z","54bb4e9482455fafae761bf7f9afac9132be5b4a8fc119887c66fa4fe25144ef"
"results\projected_taskil_cifar10n\configs\cifar10n_taskil__c10n_worse__gate_loss__seed2.json","C:\work\reliability-gated-replay\results\projected_taskil_cifar10n\configs\cifar10n_taskil__c10n_worse__gate_loss__seed2.json","original_results","602","2026-07-03T19:11:40.6371908Z","72b873615149254f6fc2f0393175c575dde3e092297049473b2386a6d1dfbc5c"
"results\projected_taskil_cifar10n\configs\cifar10n_taskil__c10n_worse__gate_loss__seed3.json","C:\work\reliability-gated-replay\results\projected_taskil_cifar10n\configs\cifar10n_taskil__c10n_worse__gate_loss__seed3.json","original_results","602","2026-07-03T19:11:40.6371908Z","e1bc39f1a4c175123bd58db317de6392f18bdd4607236ea0bc5ffc761eafa712"
"results\projected_taskil_cifar10n\configs\cifar10n_taskil__c10n_worse__gate_loss__seed4.json","C:\work\reliability-gated-replay\results\projected_taskil_cifar10n\configs\cifar10n_taskil__c10n_worse__gate_loss__seed4.json","original_results","602","2026-07-03T19:11:40.6539468Z","e1584169ff1fd0b8ec8c330f6e9aa1677852fd03dedea4171c73775666971f48"
"results\projected_taskil_cifar10n\configs\cifar10n_taskil__c10n_worse__oracle__seed0.json","C:\work\reliability-gated-replay\results\projected_taskil_cifar10n\configs\cifar10n_taskil__c10n_worse__oracle__seed0.json","original_results","474","2026-07-03T19:11:40.6539468Z","3ed6b59d7658fdbdb7aa72325de61f2fdc8ac403b3f082af84edc55c1faddf72"
"results\projected_taskil_cifar10n\configs\cifar10n_taskil__c10n_worse__oracle__seed1.json","C:\work\reliability-gated-replay\results\projected_taskil_cifar10n\configs\cifar10n_taskil__c10n_worse__oracle__seed1.json","original_results","474","2026-07-03T19:11:40.6539468Z","cc7d16dfeae93bc1d1f68da3c5eed95eac34ff1d9a4025db6d9beb6478bddd29"
"results\projected_taskil_cifar10n\configs\cifar10n_taskil__c10n_worse__oracle__seed2.json","C:\work\reliability-gated-replay\results\projected_taskil_cifar10n\configs\cifar10n_taskil__c10n_worse__oracle__seed2.json","original_results","474","2026-07-03T19:11:40.6708878Z","4267c45b0547f796256a51f9044566f40a1855b64549d5a6dc8e344ed9cedbd1"
"results\projected_taskil_cifar10n\configs\cifar10n_taskil__c10n_worse__oracle__seed3.json","C:\work\reliability-gated-replay\results\projected_taskil_cifar10n\configs\cifar10n_taskil__c10n_worse__oracle__seed3.json","original_results","474","2026-07-03T19:11:40.6708878Z","05ccf5f8178158de976262dcb6f017d7b1d0c4f3a85f02860d39643d9af99a25"
"results\projected_taskil_cifar10n\configs\cifar10n_taskil__c10n_worse__oracle__seed4.json","C:\work\reliability-gated-replay\results\projected_taskil_cifar10n\configs\cifar10n_taskil__c10n_worse__oracle__seed4.json","original_results","474","2026-07-03T19:11:40.6708878Z","f750c030c318538b8ed11a4d42b2a5a6ffc2531be666864a83ff57b8ab5f4c30"
"results\projected_taskil_cifar10n\csv\buffer_diagnostics.csv","C:\work\reliability-gated-replay\results\projected_taskil_cifar10n\csv\buffer_diagnostics.csv","original_results","9388","2026-07-03T19:11:40.6941783Z","fead5f39d74eccfd7109da441a62d079716046dd543bb79ac679c6491171ef05"
"results\projected_taskil_cifar10n\csv\calibration_bins.csv","C:\work\reliability-gated-replay\results\projected_taskil_cifar10n\csv\calibration_bins.csv","original_results","95407","2026-07-03T19:11:40.6981998Z","76bca78083c87ec59b309095fe4bc7394a88a29a852d67270d3bbdc416a6f85a"
"results\projected_taskil_cifar10n\csv\final_metrics.csv","C:\work\reliability-gated-replay\results\projected_taskil_cifar10n\csv\final_metrics.csv","original_results","29698","2026-07-03T19:11:40.7053142Z","027b8e883abc10f122f624ed0872eaeab245223239e23c4ad7004721e1900764"
"results\projected_taskil_cifar10n\csv\gate_diagnostics.csv","C:\work\reliability-gated-replay\results\projected_taskil_cifar10n\csv\gate_diagnostics.csv","original_results","29501","2026-07-03T19:11:40.7104340Z","0293cc7b54749a8570490b9a475cd3fe3624b752cdb8c93118e09abf0b17bb58"
"results\projected_taskil_cifar10n\csv\per_eval_metrics.csv","C:\work\reliability-gated-replay\results\projected_taskil_cifar10n\csv\per_eval_metrics.csv","original_results","34720","2026-07-03T19:11:40.7154352Z","464c3fbec9a772ec86f0de2191a076cc6c7d7b4c2d5563bcab4be2d72a751f7c"
"results\projected_taskil_cifar10n\experiment_manifest.csv","C:\work\reliability-gated-replay\results\projected_taskil_cifar10n\experiment_manifest.csv","original_results","20883","2026-07-03T19:11:40.3691519Z","52b36db3ae27333b5a4b6d256fdb6305f4b51843ba0558c1a7902958fbf6352f"
"results\projected_taskil_cifar10n\METHODOLOGICAL_NOTE.md","C:\work\reliability-gated-replay\results\projected_taskil_cifar10n\METHODOLOGICAL_NOTE.md","original_results","1634","2026-07-03T19:11:40.3550894Z","6ae04f1d850f889b2dcec93609ed95d1d9b9c7a7df76dde307174d34e4cde28b"
"results\projected_taskil_cifar10n\per_seed_metrics.csv","C:\work\reliability-gated-replay\results\projected_taskil_cifar10n\per_seed_metrics.csv","original_results","6534","2026-07-03T19:11:40.3754648Z","80da995c9998752465b69de23180ed6660ac075fe2fb46121a750592bfe54347"
"results\projected_taskil_cifar10n\protocol.json","C:\work\reliability-gated-replay\results\projected_taskil_cifar10n\protocol.json","original_results","702","2026-07-03T19:11:40.3818892Z","2fa8dde0ae9e82cb1cb23ebc12437ee69aa10a31376efd79ecd53308de7f292a"
"results\projected_taskil_cifar10n\README.md","C:\work\reliability-gated-replay\results\projected_taskil_cifar10n\README.md","original_results","1096","2026-07-03T19:11:40.3550894Z","e63dbb554cc2873fa225098e6b2b1a378e7c0e1896d5db2c252df136205e1b09"
"results\projected_taskil_cifar10n\summary_mean_sd.csv","C:\work\reliability-gated-replay\results\projected_taskil_cifar10n\summary_mean_sd.csv","original_results","1644","2026-07-03T19:11:40.3898412Z","ce208d0d8a3a50a04ce849a2f68600d3c6dfbac4d9cb4aa39c6040b92d736337"
"results\projected_taskil_cifar10n\table_projected_taskil_cifar10n.tex","C:\work\reliability-gated-replay\results\projected_taskil_cifar10n\table_projected_taskil_cifar10n.tex","manuscript_or_publication","1758","2026-07-03T19:11:40.3979794Z","f03803165a39e56918da792867840d5bef4e03f21951081e5bfe23e523c7b9d4"
"reviewer_risk_analysis\__pycache__\grouped_diagnostic_analysis.cpython-310.pyc","C:\work\reliability-gated-replay\reviewer_risk_analysis\__pycache__\grouped_diagnostic_analysis.cpython-310.pyc","preexisting_reviewer_analysis","6387","2026-07-12T14:56:08.9721517Z","6cb7e73e50bd4e5afc2daf07c396bf01dd807a056ef779350bc23013ca890a65"
"reviewer_risk_analysis\analysis_metadata.json","C:\work\reliability-gated-replay\reviewer_risk_analysis\analysis_metadata.json","preexisting_reviewer_analysis","321","2026-07-12T16:23:38.1176348Z","8db6db40b17ac84cdee8d3d4bec15681e0359a20f0eb7428ebaa8cd065132ba1"
"reviewer_risk_analysis\collinearity_vif.csv","C:\work\reliability-gated-replay\reviewer_risk_analysis\collinearity_vif.csv","preexisting_reviewer_analysis","108","2026-07-12T16:23:37.9474196Z","130425a3f851f6ed687defd43d9ddcaf963e4dd293915053e4b54e7698ad252a"
"reviewer_risk_analysis\cross_validation_summary.csv","C:\work\reliability-gated-replay\reviewer_risk_analysis\cross_validation_summary.csv","preexisting_reviewer_analysis","421","2026-07-12T16:23:37.9307086Z","6cdc9a442317c30896f477c29e5d977ec8801b3e030dcf20c05cbc9f59f908b2"
"reviewer_risk_analysis\diagnostic_run_pairs.csv","C:\work\reliability-gated-replay\reviewer_risk_analysis\diagnostic_run_pairs.csv","preexisting_reviewer_analysis","238872","2026-07-12T16:09:37.0129879Z","d61e4a49f281587072d2a2b402e617e63c18d86743be8d72433d1efe8cc42fed"
"reviewer_risk_analysis\grouped_diagnostic_analysis.py","C:\work\reliability-gated-replay\reviewer_risk_analysis\grouped_diagnostic_analysis.py","preexisting_reviewer_analysis","7422","2026-07-12T15:39:05.0362957Z","9f5a0068fcc22b01771dcceaeab191c40a180f295d02692c187d2011cdb067a7"
"reviewer_risk_analysis\leave_one_benchmark_out_cluster_bootstrap_ci.csv","C:\work\reliability-gated-replay\reviewer_risk_analysis\leave_one_benchmark_out_cluster_bootstrap_ci.csv","preexisting_reviewer_analysis","400","2026-07-12T16:23:37.9296623Z","f8483e02936bd13bb3dfb99b9eaffea5a399ddb91f20be0d6788c08fd62d4ba1"
"reviewer_risk_analysis\leave_one_benchmark_out_folds.csv","C:\work\reliability-gated-replay\reviewer_risk_analysis\leave_one_benchmark_out_folds.csv","preexisting_reviewer_analysis","733","2026-07-12T16:09:37.1164737Z","23ecb21678e470d154b21e3dec0efb41338c7d39fe0144193c85ae5e7db20e21"
"reviewer_risk_analysis\leave_one_benchmark_regression.csv","C:\work\reliability-gated-replay\reviewer_risk_analysis\leave_one_benchmark_regression.csv","preexisting_reviewer_analysis","1191","2026-07-12T16:23:38.1080711Z","6c09b2930f527e968caf783869d23b210430a47c5d65009f4d3ee6943b71a0a9"
"reviewer_risk_analysis\leave_one_condition_out_cluster_bootstrap_ci.csv","C:\work\reliability-gated-replay\reviewer_risk_analysis\leave_one_condition_out_cluster_bootstrap_ci.csv","preexisting_reviewer_analysis","397","2026-07-12T16:09:37.1034532Z","78367e3a485c16ee00213f42dc7f338eb366e02a2dd608aedac0275000737bb0"
"reviewer_risk_analysis\leave_one_condition_out_folds.csv","C:\work\reliability-gated-replay\reviewer_risk_analysis\leave_one_condition_out_folds.csv","preexisting_reviewer_analysis","2562","2026-07-12T16:09:37.0964533Z","a87e5c18d8affd2ffa14786f222af82d3d9e1cabfe0d24c0e2385b349e6430d0"
"reviewer_risk_analysis\regression_models.csv","C:\work\reliability-gated-replay\reviewer_risk_analysis\regression_models.csv","preexisting_reviewer_analysis","3544","2026-07-12T16:23:37.9474196Z","b013cff94ab26352d5a26fcc0a4ff2960d72c32ccddeab75e97d5e16f99d4f64"
"reviewer_risk_analysis\residuals_by_condition.csv","C:\work\reliability-gated-replay\reviewer_risk_analysis\residuals_by_condition.csv","preexisting_reviewer_analysis","2350","2026-07-12T16:23:38.1176348Z","165a71de981729602abefe442c49c3abfd1ec69f52f6b23fe219624efc49990a"
"reviewer_risk_analysis\RESULTS_REPORT.md","C:\work\reliability-gated-replay\reviewer_risk_analysis\RESULTS_REPORT.md","preexisting_reviewer_analysis","12600","2026-07-12T15:39:39.3990299Z","234006a4a26cf72a133d0bcea34948305e51aa5acf473096efff374642048fc1"
"reviewer_risk_analysis\top_influential_runs.csv","C:\work\reliability-gated-replay\reviewer_risk_analysis\top_influential_runs.csv","preexisting_reviewer_analysis","9526","2026-07-12T16:23:38.0618250Z","e9e712e35bc685b043e85eb2bc0e596bc96cea3c08db1f1818d0e5ce373f6384"
